id,company,role,category,subcategory,status,work_mode,location,country,pay,visa_sponsorship,citizenship_required,deadline,posted,apply_url,graduation_years,degree_levels,languages,season,year
1x-ai-residency-intern-2026,1X,AI Residency Intern,ai,,open,onsite,"San Carlos, CA",USA,—,unknown,false,,2026-07-07,https://jobs.ashbyhq.com/1x/5b2b4c73-13b5-46ca-8467-8024741a4b57/application,,masters;phd,,fall,2026
1x-cnc-machine-park-intern-2026,1X,CNC Machine Park Intern,software-engineering,,open,onsite,"San Carlos, CA",USA,—,unknown,false,,2026-08-03,https://jobs.ashbyhq.com/1x/e7b4aaf5-5c55-4e2f-abcd-5c250657bede/application?embed=true,,,,fall,2026
abb-application-engineering-intern-2026,ABB,Application Engineering Intern,software-engineering,,open,onsite,"Alpharetta, GA +1",USA,—,no,true,,2026-07-10,https://abb.wd3.myworkdayjobs.com/external_career_page/job/Alpharetta-Georgia-United-States-of-America/Application-Engineering-Intern---Fall-2026_JR00038999,,,,fall,2026
abc-news-product-management-and-engineering-intern-2027,ABC News,Product Management and Engineering Intern,product,,closed,onsite,"New York, NY",USA,—,unknown,false,,2026-04-20,https://jobs.disneycareers.com/job/new-york/abc-news-product-management-and-engineering-intern-summer-fall-2026/391/93958488896,,,,summer,2027
abundant-software-engineering-intern-research-focused-2027,Abundant,"Software Engineering Intern, Research Focused",research,,open,onsite,"San Francisco, CA",USA,—,no,true,,2026-05-14,https://www.workatastartup.com/jobs/94634,,,,summer,2027
accenture-software-engineer-intern-2026,Accenture,Software Engineer Intern,software-engineering,,closed,onsite,"Albuquerque, NM",USA,—,unknown,false,,2026-07-20,https://accenture.wd103.myworkdayjobs.com/AccentureCareers/job/Belen/Software-Engineer-Intern_R00345312,,,,fall,2026
accenture-technology-apprentice-intern-2026,Accenture,Technology Apprentice Intern,software-engineering,,closed,onsite,Montreal,QC,—,unknown,false,,2026-07-13,https://accenture.wd103.myworkdayjobs.com/AccentureCareers/job/Montreal-5-Place-Ville-Marie-Corp/Current-Apprentice-Intern-Only---Technology-Apprentice---Montreal---NAELFY26_R00343036,,,,fall,2026
aclu-kentucky-undergraduate-intern-technology-and-analytics-department-edu-2026,ACLU Kentucky,Undergraduate Intern - Technology and Analytics Department-Educate Pod,software-engineering,,closed,onsite,NYC,USA,—,unknown,false,,2026-06-29,https://job-boards.greenhouse.io/acluinternships/jobs/8612266002,,,,fall,2026
acretrader-data-intern-2026,AcreTrader,Data Intern,software-engineering,,open,onsite,"Fayetteville, AR",USA,—,unknown,false,,2026-08-03,https://ats.rippling.com/acretrader-jobs/jobs/e0192aa0-bd65-4262-81ed-d64685c7dc41,,masters,,fall,2026
ada-software-engineer-intern-2026,Ada,Software Engineer Intern,software-engineering,,closed,remote,Remote,,—,unknown,false,,2026-07-06,https://job-boards.greenhouse.io/ada18/jobs/5180710007,,,,fall,2026
adobe-ai-ml-intern-machine-learning-engineer-researcher-intern-2026,Adobe,AI/ML Intern – Machine Learning Engineer/Researcher Intern,machine-learning,,closed,onsite,"Seattle, WA +2",USA,—,unknown,false,,2026-05-16,https://adobe.wd5.myworkdayjobs.com/external_experienced/job/San-Jose/XMLNAME-2026-AI-ML-Intern---Machine-Learning-Engineer-Intern_R160706,,masters;phd,,fall,2026
adtheorant-enterprise-ai-intern-2026,Adtheorant,Enterprise AI Intern,ai,,open,onsite,NYC,USA,—,unknown,false,,2026-07-22,https://careers-cadent.icims.com/jobs/1406/job?mobile=true&needsRedirect=false,,,,fall,2026
airbnb-sales-operations-intern-italy-2027,Airbnb,"Sales Operations Intern, Italy",software-engineering,,closed,onsite,Milan,USA,—,unknown,false,,2026-06-03,https://careers.airbnb.com/positions/7979270?gh_jid=7979270,,,,summer,2027
akuna-capital-hardware-engineer-intern-2027,Akuna Capital,Hardware Engineer Intern,hardware,,open,onsite,"Chicago, IL",USA,—,no,true,,2026-07-13,https://akunacapital.com/careers/job/8018880/?gh_jid=8018880,,,,summer,2027
akuna-capital-platform-engineer-intern-2027,Akuna Capital,Platform Engineer Intern,cloud,,open,onsite,"Chicago, IL",USA,—,no,true,,2026-07-13,https://akunacapital.com/careers/job/8018856/?gh_jid=8018856,,,,summer,2027
akuna-capital-python-software-engineer-intern-2027,Akuna Capital,Python Software Engineer Intern,software-engineering,,open,onsite,"Chicago, IL",USA,—,no,true,,2026-07-13,https://akunacapital.com/careers/job/8018853/?gh_jid=8018853,,,,summer,2027
akuna-capital-quantitative-development-strategy-intern-2027,Akuna Capital,Quantitative Development & Strategy Intern,quant,,open,onsite,Chicago +1,USA,—,no,true,,2026-07-13,https://akunacapital.com/careers/job/8021481/?gh_jid=8021481,,,,summer,2027
akuna-capital-quantitative-research-intern-2027,Akuna Capital,Quantitative Research Intern,quant,,open,onsite,Chicago +1,USA,—,no,true,,2026-07-13,https://akunacapital.com/careers/job/8036614/?gh_jid=8036614,,,,summer,2027
akuna-capital-software-engineer-intern-c-2027,Akuna Capital,"Software Engineer Intern, C++",software-engineering,,open,onsite,"Chicago, IL",USA,—,no,true,,2026-07-13,https://akunacapital.com/careers/job/8018847/?gh_jid=8018847,,,,summer,2027
akuna-capital-software-engineer-intern-c-net-desktop-2027,Akuna Capital,"Software Engineer Intern, C# .NET Desktop",software-engineering,,open,onsite,"Chicago, IL",USA,—,unknown,false,,2026-07-13,https://akunacapital.com/careers/job/8018886/?gh_jid=8018886,,,,summer,2027
akuna-capital-software-engineer-intern-full-stack-web-2027,Akuna Capital,"Software Engineer Intern, Full Stack Web",software-engineering,,open,onsite,"Chicago, IL",USA,—,no,true,,2026-07-13,https://akunacapital.com/careers/job/8018893/?gh_jid=8018893,,,,summer,2027
al-warren-oil-company-software-developer-intern-2027,Al Warren Oil Company,Software Developer Intern,software-engineering,,open,onsite,"Bensenville, IL",USA,—,unknown,false,,2026-04-24,https://apply.workable.com/al-warren-oil-company-inc/j/A4487B349D/,,,,summer,2027
alayacare-full-stack-developer-intern-python-2026,Alayacare,Full-Stack Developer Intern - Python,software-engineering,,open,onsite,Montreal,QC,—,unknown,false,,2026-08-06,https://alayacare.com/open-positions?gh_jid=8687981002,,,,fall,2026
alixpartners-data-scientist-intern-2027,AlixPartners,Data Scientist Intern,data-science,,open,onsite,NYC,USA,—,unknown,false,,2026-07-06,https://www.alixpartners.com/careers/7725335003?gh_jid=7725335003,,masters,,summer,2027
alljoined-research-intern-2026,Alljoined,Research Intern,research,,closed,onsite,SF,USA,—,unknown,false,,2026-07-04,https://jobs.ashbyhq.com/alljoined/b9e2f607-6a07-4836-8d89-e4f6de8bd515/application?embed=true,,,,fall,2026
altamira-technologies-research-and-development-intern-2027,Altamira Technologies,Research and Development Intern,research,,open,onsite,"Fairborn, OH",USA,—,unknown,false,,2026-08-10,https://jobs.jobvite.com/altamiracorps/job/oHqCAfw3?nl=1&nl=1&fr=false,,,,summer,2027
altamira-technologies-software-development-intern-2027,Altamira Technologies,Software Development Intern,software-engineering,,open,onsite,"Fairborn, OH",USA,—,unknown,false,,2026-08-10,https://jobs.jobvite.com/altamiracorps/job/oMqCAfw8?nl=1&nl=1&fr=false,,,,summer,2027
altasciences-process-innovation-product-management-intern-2026,Altasciences,Process Innovation Product Management Intern,product,,closed,onsite,Laval +1,QC,—,unknown,false,,2026-07-04,https://altasciences.wd1.myworkdayjobs.com/Careers/job/Laval-Quebec/Process-Innovation---Product-Management-Intern_R102753,,,,fall,2026
altera-corporation-ai-software-development-engineer-intern-2026,Altera Corporation,AI Software Development Engineer Intern,ai,,closed,onsite,"San Jose, CA",USA,—,unknown,false,,2026-07-17,https://altera.wd1.myworkdayjobs.com/altera/job/San-Jose-California-United-States/AI-Software-Development-Engineer---Intern_R02707,,masters;phd,,fall,2026
altice-usa-data-engineer-intern-2026,Altice USA,Data Engineer Intern,data-engineering,,open,onsite,Long Island City,Queens,—,unknown,false,,2026-07-31,https://www.optimumcareers.com/job/Long-Island-City-Intern-Data-Engineer-NY-11101/1414286700/?ats=successfactors,,masters,,fall,2026
altom-transport-software-development-intern-2026-20cca1,Altom Transport,Software Development Intern,software-engineering,,open,onsite,"Markham, IL",USA,—,unknown,false,,2026-06-23,https://apply.workable.com/altom-transport/j/9FC654F05E/apply,,,,fall,2026
altom-transport-software-development-intern-2026-69c2d0,Altom Transport,Software Development Intern,software-engineering,,open,onsite,"Markham, IL",USA,—,unknown,false,,2026-06-03,https://apply.workable.com/altom-transport/j/8536165C7B/apply,,,,fall,2026
altom-transport-software-development-intern-2026,Altom Transport,Software Development Intern,software-engineering,,open,onsite,"Markham, IL",USA,—,unknown,false,,2026-05-28,https://apply.workable.com/altom-transport/j/1E3C4A9408/apply,,,,fall,2026
amarok-security-research-and-development-intern-2026,AMAROK Security,Research and Development Intern,research,,closed,onsite,"Columbia, SC",USA,—,unknown,false,,2026-06-11,https://job-boards.greenhouse.io/amarok/jobs/6018661004,,,,fall,2026
amazon-amazon-robotics-applied-scientist-2-intern-co-op-2026-2026,Amazon,Amazon Robotics – Applied Scientist 2 Intern / Co-op - 2026,software-engineering,,open,onsite,"Seattle, WA +2",USA,—,unknown,false,,2025-12-08,https://amazon.jobs/en/jobs/3104589/amazon-robotics-applied-scientist-ii-intern-co-op-2026-robotics-manipulation-perception-motion-planning-autonomous-mobile-robots-computer-vision-machine-learning-controls-and-more,,,,fall,2026
amazon-applied-science-intern-multiple-teams-2026,Amazon,Applied Science Intern - Multiple Teams,software-engineering,,open,onsite,"Palo Alto, CA +7",USA,—,unknown,false,,2026-04-16,https://amazon.jobs/en/jobs/10394230/2026-fall-applied-science-internship-information-knowledge-management-machine-learning-united-states-phd-student-science-recruiting,,phd,,fall,2026
amazon-applied-science-intern-phd-student-science-recruiting-2026,Amazon,Applied Science Intern - PhD Student Science Recruiting,software-engineering,,open,onsite,"Seattle, WA",USA,—,unknown,false,,2026-04-16,https://amazon.jobs/en/jobs/10394268/2026-fall-applied-science-internship-natural-language-processing-and-speech-technologies-united-states-phd-student-science-recruiting,,phd,,fall,2026
amazon-applied-science-intern-reinforcement-learning-optimization-m-2026,Amazon,Applied Science Intern - Reinforcement Learning & Optimization - Machine Learning,machine-learning,,open,onsite,"Palo Alto, CA +7",USA,—,unknown,false,,2026-04-16,https://amazon.jobs/en/jobs/10394278/2026-fall-applied-science-internship-reinforcement-learning-optimization-machine-learning-united-states-phd-student-science-recruiting,,phd,,fall,2026
amazon-robotics-software-development-engineer-intern-co-op-2027,Amazon,Robotics - Software Development Engineer Intern/Co-op,software-engineering,,open,onsite,"Sunnyvale, CA +7",USA,—,unknown,false,,2026-05-09,https://www.amazon.jobs/en/jobs/3136266/robotics-software-development-engineer-intern-co-op-2026?no_int_redir=1,,,,summer,2027
amazon-software-development-engineer-intern-2027,Amazon,Software Development Engineer Intern,software-engineering,,open,onsite,"Phoenix, AZ +45",USA,—,unknown,false,,2025-10-04,https://www.amazon.jobs/en/jobs/3101249/software-development-engineer-internship-winter-2026-us,,,,winter,2027
amazon-software-development-engineer-intern-aws-data-services-2026,Amazon,"Software Development Engineer Intern, AWS Data Services",software-engineering,,open,onsite,"Seattle, WA",USA,—,unknown,false,,2026-05-09,https://www.amazon.jobs/en/jobs/10412530/software-development-engineer-intern-aws-data-services-fall-2026-us,,,,fall,2026
amazon-software-development-engineer-internship-fall-2026-us-2026,Amazon,Software Development Engineer Internship - Fall 2026 - US,software-engineering,,open,onsite,"Seattle, WA",USA,—,unknown,false,,2026-05-15,https://amazon.jobs/en/jobs/3116030/software-development-engineer-internship-fall-2026-us,,masters;phd,,fall,2026
ambarella-algorithm-engineer-intern-2026,Ambarella,Algorithm Engineer Intern,software-engineering,,open,onsite,USA,USA,—,unknown,false,,2026-05-16,https://ambarella.wd108.myworkdayjobs.com/ambarella/job/US-Headquarters/Algorithm-Engineer-Intern_JR100102,,masters;phd,,fall,2026
ambarella-asic-design-engineer-intern-2026,Ambarella,ASIC Design Engineer Intern,hardware,,open,onsite,USA,USA,—,unknown,false,,2026-05-23,https://ambarella.wd108.myworkdayjobs.com/ambarella/job/US-Headquarters/ASIC-Design-Engineer-Intern_JR100100,,masters,,fall,2026
ambarella-dft-engineer-intern-2026,Ambarella,DFT Engineer Intern,software-engineering,,open,onsite,USA,USA,—,unknown,false,,2026-05-23,https://ambarella.wd108.myworkdayjobs.com/ambarella/job/US-Headquarters/DFT-Engineer-Intern_JR100103,,masters,,fall,2026
ambarella-software-development-engineer-intern-2026,Ambarella,Software Development Engineer Intern,software-engineering,,closed,onsite,USA,USA,—,unknown,false,,2026-05-23,https://ambarella.wd108.myworkdayjobs.com/ambarella/job/US-Headquarters/Software-Development-Engineer-Intern_JR100108,,masters,,fall,2026
ambarella-verification-engineer-intern-2026,Ambarella,Verification Engineer Intern,software-engineering,,open,onsite,USA,USA,—,unknown,false,,2026-05-23,https://ambarella.wd108.myworkdayjobs.com/ambarella/job/US-Headquarters/Verification-Engineer-Intern_JR100109,,,,fall,2026
amcor-product-development-engineer-intern-2026,Amcor,Product Development Engineer Intern,software-engineering,,open,onsite,"Evansville, IN",USA,—,unknown,false,,2026-08-07,https://amcor.wd5.myworkdayjobs.com/amcor_external_career_site/job/CORP-Evansville-Head-Division-Office-IN/Product-Development-Intern_REQ_94654,,,,fall,2026
amentum-spaceflight-hardware-intern-2026,Amentum,Spaceflight Hardware Intern,hardware,,open,onsite,"Houston, TX",USA,—,unknown,false,,2026-07-16,https://pae.wd1.myworkdayjobs.com/en-US/amentum_careers/job/US-TX-Houston/Fall-2026---Spaceflight-Hardware-Intern_R0166096,,masters,,fall,2026
ameren-derms-co-op-intern-2027,Ameren,DERMS Co-op/Intern,software-engineering,,open,onsite,"St. Louis, MO +1",USA,—,unknown,false,,2026-08-07,https://ameren.wd1.myworkdayjobs.com/External/job/St-Louis-MO/DERMS-Co-Op-Intern_033809-1,,masters,,summer,2027
american-bureau-of-shipping-ai-software-engineering-intern-2026,American Bureau of Shipping,AI Software Engineering Intern,ai,,closed,onsite,St. John's,NL,—,unknown,false,,2026-07-06,https://hbbq.fa.us2.oraclecloud.com/hcmUI/CandidateExperience/en/sites/CX_1/job/4564,,masters,,fall,2026
american-enterprise-institute-data-analysis-ai-policy-intern-2026,American Enterprise Institute,Data Analysis & AI Policy Intern,ai,,closed,onsite,"Washington, DC",USA,—,unknown,false,,2026-05-01,https://internships-aei.icims.com/jobs/2612/job?mobile=true&needsRedirect=false,,,,fall,2026
american-enterprise-institute-housing-center-intern-2026,American Enterprise Institute,Housing Center Intern,software-engineering,,open,onsite,"Washington, DC",USA,—,unknown,false,,2026-05-01,https://internships-aei.icims.com/jobs/2614/job?mobile=true&needsRedirect=false,,,,fall,2026
american-enterprise-institute-intern-2026,American Enterprise Institute,Intern,software-engineering,,open,onsite,"Washington, DC",USA,—,unknown,false,,2026-05-01,https://internships-aei.icims.com/jobs/2616/job?mobile=true&needsRedirect=false,,,,fall,2026
american-enterprise-institute-intern-economic-policy-2026,American Enterprise Institute,Intern: Economic Policy,software-engineering,,open,onsite,"Washington, DC",USA,—,unknown,false,,2026-05-01,https://internships-aei.icims.com/jobs/2618/job?mobile=true&needsRedirect=false,,,,fall,2026
american-express-campus-undergraduate-summer-internship-strategy-analytics-cr-2027,American Express,Campus Undergraduate Summer Internship - Strategy & Analytics - Credit & Fraud Risk,software-engineering,,open,onsite,NYC,USA,—,unknown,false,,2026-08-03,https://egug.fa.us2.oraclecloud.com/hcmUI/CandidateExperience/en/sites/CX_1/job/26011984,,,,summer,2027
american-express-digital-product-analyst-intern-2027,American Express,Digital Product Analyst Intern,software-engineering,,open,onsite,NYC,USA,—,unknown,false,,2026-08-03,https://egug.fa.us2.oraclecloud.com/hcmUI/CandidateExperience/en/sites/CX_1/job/26011918,,,,summer,2027
american-express-product-development-intern-product-development-consumer-serv-2027,American Express,Product Development Intern - Product Development - Consumer Services,software-engineering,,closed,onsite,NYC,USA,—,unknown,false,,2026-08-03,https://egug.fa.us2.oraclecloud.com/hcmUI/CandidateExperience/en/sites/CX_1/job/26011571,,,,summer,2027
american-express-product-development-intern-us-consumer-services-2027,American Express,Product Development Intern - US Consumer Services,software-engineering,,open,onsite,NYC,USA,—,unknown,false,,2026-08-04,https://egug.fa.us2.oraclecloud.com/hcmUI/CandidateExperience/en/sites/CX_1/job/26012174,,,,summer,2027
american-express-product-innovation-intern-credit-fraud-risk-2027,American Express,Product Innovation Intern - Credit & Fraud Risk,software-engineering,,open,onsite,"Phoenix, AZ",USA,—,unknown,false,,2026-08-04,https://egug.fa.us2.oraclecloud.com/hcmUI/CandidateExperience/en/sites/CX_1/job/26011994,,,,summer,2027
american-express-product-management-intern-2027,American Express,Product Management Intern,product,,open,onsite,NYC +1,USA,—,no,false,,2026-08-04,https://egug.fa.us2.oraclecloud.com/hcmUI/CandidateExperience/en/sites/CX_1/job/26011916,,,,summer,2027
american-express-product-management-intern-global-merchant-network-services-2027-268c6c,American Express,Product Management Intern - Global Merchant & Network Services,product,,open,onsite,NYC,USA,—,unknown,false,,2026-08-05,https://egug.fa.us2.oraclecloud.com/hcmUI/CandidateExperience/en/sites/CX_1/job/26012152,,,,summer,2027
american-express-product-management-intern-global-merchant-network-services-2027,American Express,Product Management Intern - Global Merchant & Network Services,product,,open,onsite,"Phoenix, AZ",USA,—,unknown,false,,2026-08-05,https://egug.fa.us2.oraclecloud.com/hcmUI/CandidateExperience/en/sites/CX_1/job/26012148,,,,summer,2027
american-express-product-management-intern-product-innovation-credit-fraud-ri-2027,American Express,Product Management Intern - Product Innovation - Credit & Fraud Risk,product,,open,onsite,NYC,USA,—,unknown,false,,2026-08-03,https://egug.fa.us2.oraclecloud.com/hcmUI/CandidateExperience/en/sites/CX_1/job/26011992,,,,summer,2027
american-express-undergraduate-intern-strategy-analytics-2027,American Express,Undergraduate Intern - Strategy & Analytics,software-engineering,,open,onsite,"Phoenix, AZ",USA,—,unknown,false,,2026-08-03,https://egug.fa.us2.oraclecloud.com/hcmUI/CandidateExperience/en/sites/CX_1/job/26011990,,,,summer,2027
amgen-software-engineer-intern-2026,Amgen,Software Engineer Intern,software-engineering,,open,onsite,Burnaby,Canada,—,unknown,false,,2026-07-10,https://amgen.wd1.myworkdayjobs.com/careers/job/Canada---Burnaby/Undergraduate--Co-op-Student---Software-Engineer---Large-Molecule-Discovery---Technology_R-249424,,,,fall,2026
amwins-analytics-ai-intern-2026,Amwins,Analytics & AI Intern,ai,,closed,onsite,"Hartford, CT",USA,—,unknown,false,,2026-07-07,https://www.amwins.com/who-we-are/careers/open-positions?gh_jid=4302229009,,,,fall,2026
anduril-2027-electrical-engineer-intern-2027,Anduril,2027 Electrical Engineer Intern,hardware,,open,onsite,Atlanta,USA,—,unknown,false,,2026-06-11,https://boards.greenhouse.io/andurilindustries/jobs/5148101007?gh_jid=5148101007,,,,summer,2027
anduril-2027-manufacturing-engineer-intern-2027,Anduril,2027 Manufacturing Engineer Intern,hardware,,open,onsite,Atlanta,USA,—,unknown,false,,2026-06-11,https://boards.greenhouse.io/andurilindustries/jobs/5153218007?gh_jid=5153218007,,,,summer,2027
anduril-2027-mechanical-engineer-intern-2027,Anduril,2027 Mechanical Engineer Intern,hardware,,open,onsite,Atlanta,USA,—,unknown,false,,2026-06-11,https://boards.greenhouse.io/andurilindustries/jobs/5153187007?gh_jid=5153187007,,,,summer,2027
anduril-2027-software-engineer-intern-2027,Anduril,2027 Software Engineer Intern,hardware,,open,onsite,Atlanta,USA,—,unknown,false,,2026-06-10,https://boards.greenhouse.io/andurilindustries/jobs/5148079007?gh_jid=5148079007,,,,summer,2027
anduril-software-engineer-intern-2027-fbf8a2,Anduril,Software Engineer Intern,software-engineering,,open,onsite,"Atlanta, GA +5",USA,—,unknown,false,,2026-07-07,https://job-boards.greenhouse.io/andurilindustries/jobs/5148079007?gh_jid=5148079007,,,,summer,2027
anduril-software-engineer-intern-2027,Anduril,Software Engineer Intern,software-engineering,,open,onsite,"Boston, MA +5",USA,—,unknown,false,,2026-06-11,https://boards.greenhouse.io/andurilindustries/jobs/5148079007,,,,summer,2027
anthelion-capital-quant-developer-quant-research-intern-2026-fec8d9,Anthelion Capital,Quant Developer / Quant Research Intern,quant,,open,onsite,NYC,USA,—,unknown,false,,2026-07-23,https://jobs.ashbyhq.com/anthelioncap/5e2ea37b-2369-474e-b717-c24c60976e96/application?embed=true,,masters;phd,,fall,2026
anthelion-capital-quant-developer-quant-research-intern-2026,Anthelion Capital,Quant Developer / Quant Research Intern,quant,,open,onsite,"New York City, NY",USA,—,unknown,false,,2026-07-27,https://jobs.ashbyhq.com/anthelioncap/5e2ea37b-2369-474e-b717-c24c60976e96,,masters;phd,,fall,2026
apex-technology-inc-software-engineering-intern-embedded-systems-2027,"Apex Technology, Inc.","Software Engineering Intern, Embedded Systems",embedded,,open,onsite,Los Angeles,USA,—,unknown,false,,2026-05-11,https://jobs.ashbyhq.com/apex-technology-inc/5ec2dfa9-724d-4ce4-ab97-5067ec747f11,,,,summer,2027
appian-information-security-engineer-intern-2027,Appian,Information Security Engineer Intern,security,,open,onsite,"McLean, VA",USA,—,no,false,,2026-07-27,https://job-boards.greenhouse.io/appian/jobs/8088496,,,,summer,2027
appian-product-manager-intern-2027-6155a6,Appian,Product Manager Intern,product,,open,onsite,"McLean, VA",USA,—,unknown,false,,2026-07-23,https://job-boards.greenhouse.io/appian/jobs/8041243,,masters,,summer,2027
appian-product-manager-intern-2027,Appian,Product Manager Intern,product,,open,onsite,"McLean, VA",USA,—,unknown,false,,2026-07-24,https://careers.appian.com/jobs/8041243-product-manager-intern-,,masters,,summer,2027
appian-software-engineer-intern-2027,Appian,Software Engineer Intern,software-engineering,,open,onsite,"McLean, VA",USA,—,unknown,false,,2026-07-23,https://job-boards.greenhouse.io/appian/jobs/8041237,,masters,,summer,2027
appian-software-engineering-intern-2027,Appian,Software Engineering Intern,software-engineering,,open,onsite,"McLean, VA",USA,—,no,false,,2026-07-24,https://careers.appian.com/jobs/8041237-software-engineering-intern,,,,summer,2027
apple-applied-data-solutions-program-intern-2026,Apple,Applied Data Solutions Program Intern,software-engineering,,closed,onsite,"Austin, TX",USA,—,unknown,false,,2026-07-28,https://jobs.apple.com/en-us/details/200673612,,masters,,fall,2026
apple-software-engineer-intern-undergrad-2027,Apple,"Software Engineer Intern, Undergrad",software-engineering,,open,onsite,USA,USA,—,unknown,false,,2026-05-22,https://jobs.apple.com/en-us/details/200664785/software-undergrad-engineering-internships,,,,summer,2027
apple-software-engineering-intern-masters-2027,Apple,"Software Engineering Intern, Masters",software-engineering,,open,onsite,USA,USA,—,unknown,false,,2026-05-22,https://jobs.apple.com/en-us/details/200664320/software-engineering-masters-internships,,,,summer,2027
apptronik-software-engineer-intern-ml-systems-2026,Apptronik,"Software Engineer Intern, ML Systems",machine-learning,,closed,onsite,"Austin, TX",USA,—,unknown,false,,2026-07-28,https://job-boards.greenhouse.io/apptronik/jobs/6128057004?gh_jid=6128057004,,masters,,fall,2026
aptiv-engineer-intern-2026,Aptiv,Engineer Intern,software-engineering,,closed,onsite,Kanata,Ottawa,—,unknown,false,,2026-07-16,https://aptiv.wd5.myworkdayjobs.com/aptiv_careers/job/CAN-Kanata-2-ON---WR/Engineering-Intern---CD1_J000700250,,,,fall,2026
aptiv-engineering-intern-2026,Aptiv,Engineering Intern,software-engineering,,open,onsite,Kanata,Ottawa,—,unknown,false,,2026-07-30,https://aptiv.wd5.myworkdayjobs.com/aptiv_careers/job/CAN-Kanata-2-ON---WR/Engineering-Intern---CD1_J000700242,,masters,,fall,2026
aqr-capital-management-portfolio-implementation-trading-and-portfolio-finance-analy-2027,AQR Capital Management,Portfolio Implementation – Trading and Portfolio Finance Analyst Intern,quant,,closed,onsite,"Greenwich, CT",USA,—,unknown,false,,2026-05-15,https://careers.aqr.com/jobs?gh_jid=7895562&gh_jid=7895562,,masters,,summer,2027
aqr-capital-management-trading-analyst-intern-2027,AQR Capital Management,Trading Analyst Intern,quant,,open,onsite,"Greenwich, CT",USA,—,unknown,false,,2026-07-21,https://careers.aqr.com/jobs?gh_jid=8077110&gh_jid=8077110,,,,summer,2027
aquatic-capital-software-engineer-intern-2027,Aquatic Capital,Software Engineer Intern,software-engineering,,open,onsite,"Chicago, IL",USA,—,unknown,false,,2026-05-23,https://job-boards.greenhouse.io/embed/job_app?for=aquaticcapitalmanagement&jr_id=6a06fd77152f493123c4b595&token=8489233002,,,,summer,2027
aquatic-capital-management-quantitative-researcher-intern-2027,Aquatic Capital Management,Quantitative Researcher – Intern,quant,,open,onsite,London +1,UK,—,unknown,false,,2026-04-01,https://job-boards.greenhouse.io/aquaticcapitalmanagement/jobs/8489186002,,masters;phd,,summer,2027
aquatic-capital-management-software-engineer-intern-2027,Aquatic Capital Management,Software Engineer Intern,software-engineering,,open,onsite,London +1,UK,—,unknown,false,,2026-04-01,https://job-boards.greenhouse.io/aquaticcapitalmanagement/jobs/8489233002,,,,summer,2027
aramark-data-analyst-intern-2026,Aramark,Data Analyst Intern,software-engineering,,closed,onsite,"Newark, DE",USA,—,unknown,false,,2026-08-03,https://aramarkcareers.com/UnitedStates/job/Newark-Student-Dietetic-Intern-DE-19716/1415241000/?ats=successfactors,,,,fall,2026
arcadis-gis-intern-2026,Arcadis,GIS Intern,software-engineering,,closed,onsite,"Atlanta, GA",USA,—,unknown,false,,2026-07-22,https://ebcs.fa.em2.oraclecloud.com/hcmUI/CandidateExperience/en/sites/CX_1/job/42762,,,,fall,2026
architect-labs-member-of-technical-staff-research-intern-2026,Architect Labs,Member of Technical Staff Research Intern,research,,open,onsite,"Palo Alto, CA",USA,—,unknown,false,,2026-07-21,https://jobs.ashbyhq.com/architect/1999377b-b23b-461f-b79a-d4edce0d46b1/application?embed=true,,masters;phd,,fall,2026
ardian-data-scientist-intern-2026,Ardian,Data Scientist Intern,data-science,,open,onsite,NYC,USA,—,unknown,false,,2026-05-16,https://ardian.wd103.myworkdayjobs.com/ArdianCareers/job/New-York/Data-Scientist-Intern_JR1001434,,,,fall,2026
argmax-on-device-ai-frameworks-engineer-intern-2026,Argmax,On-device AI Frameworks Engineer Intern,ai,,open,onsite,"Palo Alto, CA +1",USA,—,unknown,false,,2026-07-14,https://job-boards.greenhouse.io/argmax/jobs/4067268009,,,,fall,2026
argonne-national-laboratory-business-systems-administration-internship-2026,Argonne National Laboratory,Business Systems Administration Internship,software-engineering,,open,onsite,"Woodridge, IL",USA,—,unknown,false,,2026-07-04,https://argonne.wd1.myworkdayjobs.com/EDU_PUB/job/Lemont-IL-USA/Business-Systems-Administration-Internship_413528,,,,fall,2026
arizona-state-university-management-intern-career-data-and-analytics-2026,Arizona State University,Management Intern - Career Data and Analytics,software-engineering,,closed,onsite,"Tempe, AZ",USA,—,unknown,false,,2026-07-30,https://asu.wd1.myworkdayjobs.com/ASUStaffCareers/job/Campus-Tempe/Management-Intern---Career-Data-and-Analytics_JR124023,,,,fall,2026
arkema-global-manufacturing-data-systems-intern-2026,Arkema Global,Manufacturing Data Systems Intern,software-engineering,,open,onsite,"Villanova, PA",USA,—,unknown,false,,2026-07-29,https://jobs.arkema.com/job/Radnor-Manufacturing-Data-Systems-Intern-Job-PA/1420491833/?ats=successfactors,,,,fall,2026
arlington-county-va-utility-engineering-intern-2026,Arlington County VA,Utility Engineering Intern,software-engineering,,open,onsite,"Arlington, VA",USA,—,unknown,false,,2026-07-03,https://fa-exkk-saasfaprod1.fa.ocs.oraclecloud.com/hcmUI/CandidateExperience/en/sites/CX_1/job/1624,,masters,,fall,2026
arrowstreet-capital-quantitative-developer-intern-2027,Arrowstreet Capital,Quantitative Developer Intern,quant,,open,onsite,"Boston, MA",USA,—,unknown,false,,2026-07-10,https://arrowstreetcapital.wd5.myworkdayjobs.com/Campus_Careers/job/Boston/Quantitative-Developer-Intern--Summer-2027_R1506,,masters,,summer,2027
arrowstreet-capital-quantitative-researcher-intern-2027,Arrowstreet Capital,Quantitative Researcher Intern,quant,,open,onsite,"Boston, MA",USA,—,unknown,false,,2026-07-10,https://arrowstreetcapital.wd5.myworkdayjobs.com/Campus_Careers/job/Boston/Quantitative-Researcher-Intern--Summer-2027_R1505,,,,summer,2027
asm-global-digital-workplace-experience-intern-2026,ASM Global,Digital Workplace Experience Intern,software-engineering,,open,onsite,"Frisco, TX +1",USA,—,unknown,false,,2026-06-13,https://asmglobal.wd1.myworkdayjobs.com/careers/job/West-Conshohocken-PA/Digital-Workplace-Experience-Intern_R100122151,,masters,,fall,2026
asm-international-software-engineering-intern-2027,ASM International,Software Engineering Intern,software-engineering,,open,onsite,"Phoenix, AZ",USA,—,unknown,false,,2026-04-22,https://www.asm.com/open-vacancies/?gh_jid=4830113101,,masters,,spring,2027
asml-internship-software-development-engineer-in-test-2026,ASML,Internship - Software Development Engineer in Test,software-engineering,,open,onsite,"San Jose, CA",USA,—,unknown,false,,2025-12-22,https://asml.wd3.myworkdayjobs.com/en-US/asmlext1/job/San-Jose-CA-USA/Internship---Software-Development-Engineer-in-Test_J-00328071,,,,fall,2026
assurant-digital-ai-transformation-intern-2026,Assurant,Digital & AI Transformation Intern,ai,,closed,onsite,"Atlanta, GA",USA,—,unknown,false,,2026-07-28,https://assurant.wd1.myworkdayjobs.com/External_Limited_Posting/job/Atlanta-GA/Digital---AI-Transformation-Intern_R-114103-3,,,,fall,2026
astera-software-engineering-intern-neuro-agi-2026,Astera,"Software Engineering Intern, Neuro & AGI",software-engineering,,open,onsite,"Emeryville, CA",USA,—,no,false,,2026-08-03,https://jobs.ashbyhq.com/astera/c2a48c1b-c4c4-4333-addf-313c47e26066,,,,fall,2026
astranis-assembly-and-test-intern-integration-2026,Astranis,Assembly and Test Intern - Integration,software-engineering,,open,onsite,SF,USA,—,unknown,false,,2026-05-12,https://job-boards.greenhouse.io/astranis/jobs/4679080006,,,,fall,2026
astranis-embedded-software-developer-network-payload-software-intern-2026,Astranis,Embedded Software Developer – Network/Payload Software Intern,embedded,,open,onsite,SF,USA,—,unknown,false,,2025-12-31,https://job-boards.greenhouse.io/astranis/jobs/4601135006,,,,fall,2026
astranis-fpga-associate-intern-2026,Astranis,FPGA Associate Intern,hardware,,closed,onsite,SF,USA,—,unknown,false,,2026-04-30,https://job-boards.greenhouse.io/astranis/jobs/4677337006,,masters,,fall,2026
astranis-fpga-intern-2026,Astranis,FPGA Intern,hardware,,closed,onsite,SF,USA,—,unknown,false,,2026-04-30,https://job-boards.greenhouse.io/astranis/jobs/4677338006,,masters,,fall,2026
astranis-hardware-design-intern-software-defined-radio-team-2026,Astranis,Hardware Design Intern - Software Defined Radio Team,hardware,,closed,onsite,SF,USA,—,unknown,false,,2026-06-25,https://job-boards.greenhouse.io/astranis/jobs/4691163006,,,,fall,2026
astranis-radiation-effects-engineer-intern-2026,Astranis,Radiation Effects Engineer Intern,software-engineering,,open,onsite,SF,USA,—,unknown,false,,2026-07-06,https://job-boards.greenhouse.io/astranis/jobs/4694853006,,,,fall,2026
astranis-reliability-design-associate-intern-2026,Astranis,Reliability Design Associate Intern,design,,open,onsite,SF,USA,—,unknown,false,,2026-06-22,https://job-boards.greenhouse.io/astranis/jobs/4681416006,,,,fall,2026
astranis-reliability-design-intern-2026,Astranis,Reliability Design Intern,design,,closed,onsite,SF,USA,—,unknown,false,,2026-06-22,https://job-boards.greenhouse.io/astranis/jobs/4681472006,,,,fall,2026
astranis-reliability-test-intern-2026,Astranis,Reliability Test Intern,software-engineering,,open,onsite,SF,USA,—,unknown,false,,2026-05-04,https://job-boards.greenhouse.io/astranis/jobs/4677973006,,,,fall,2026
astranis-software-engineer-backend-intern-2026,Astranis,Software Engineer-Backend Intern,software-engineering,,open,onsite,SF,USA,—,unknown,false,,2026-05-13,https://job-boards.greenhouse.io/astranis/jobs/4681183006,,masters,,fall,2026
astranis-software-engineer-intern-enterprise-systems-2026,Astranis,Software Engineer Intern - Enterprise Systems,software-engineering,,open,onsite,SF +1,USA,—,unknown,false,,2026-07-23,https://job-boards.greenhouse.io/astranis/jobs/4699071006,,masters,,fall,2026
atomic-semi-embedded-software-engineering-intern-2027,Atomic Semi,Embedded Software Engineering Intern,embedded,,open,onsite,"San Francisco, CA",USA,—,yes,false,,2025-08-15,https://jobs.ashbyhq.com/AtomicSemi/13e95284-dbcf-4cf2-8151-c9687dfc1889,,,,winter,2027
atomic-semi-infrastructure-software-engineering-intern-2026-720628,Atomic Semi,Infrastructure Software Engineering Intern,cloud,,open,onsite,"San Francisco, CA +1",USA,—,unknown,false,,2026-04-22,https://jobs.ashbyhq.com/AtomicSemi/867c67f7-20b5-4726-b9da-85a760d3851e/application?jr_id=69e8eecae0cd471b2f138f47,,,,fall,2026
atomic-semi-infrastructure-software-engineering-intern-2026-922b90,Atomic Semi,Infrastructure Software Engineering Intern,cloud,,open,onsite,"San Francisco, CA +1",USA,—,yes,false,,2026-07-27,https://jobs.ashbyhq.com/fab2/867c67f7-20b5-4726-b9da-85a760d3851e?embed=true,,,,fall,2026
atomic-semi-infrastructure-software-engineering-intern-2026,Atomic Semi,Infrastructure Software Engineering Intern,cloud,,open,onsite,"San Francisco, CA +1",USA,—,no,true,,2026-05-01,https://jobs.ashbyhq.com/atomicsemi/867c67f7-20b5-4726-b9da-85a760d3851e,,,,fall,2026
atomic-semi-software-engineer-intern-chip-design-tools-2026,Atomic Semi,"Software Engineer Intern, Chip Design Tools",design,,open,onsite,"San Francisco, CA",USA,—,yes,false,,2026-07-27,https://jobs.ashbyhq.com/fab2/907766af-a3c0-49a3-b01e-246baa437d10?embed=true,,,,fall,2026
atomic-semi-software-engineering-intern-fab-2026,Atomic Semi,"Software Engineering Intern, Fab",software-engineering,,open,onsite,"Austin, TX +1",USA,—,yes,false,,2026-04-22,https://jobs.ashbyhq.com/AtomicSemi/947338ca-e135-4398-9aa3-79e131bc03d5?jr_id=69e8f6053aa0c479643a5ee5,,,,fall,2026
atoms-machine-learning-phd-software-engineer-intern-2027,Atoms,Machine Learning PhD Software Engineer Intern,machine-learning,,open,onsite,"Seattle, WA +3",USA,—,unknown,false,,2026-08-10,https://job-boards.greenhouse.io/cssmerge/jobs/8693034002,,phd,,winter,2027
atoms-software-engineer-intern-summer-2027-2027,Atoms,Software Engineer Intern - Summer 2027,software-engineering,,open,onsite,"Seattle, WA +4",USA,—,unknown,false,,2026-08-07,https://job-boards.greenhouse.io/cssmerge/jobs/8687896002,,masters,,summer,2027
atoms-software-engineer-intern-winter-2027-2027,Atoms,Software Engineer Intern - Winter 2027,software-engineering,,open,onsite,"Seattle, WA +4",USA,—,unknown,false,,2026-08-06,https://job-boards.greenhouse.io/cssmerge/jobs/8687915002,,masters,,winter,2027
autodesk-cloud-developer-intern-2026-042873,Autodesk,Cloud Developer Intern,cloud,,closed,remote,Remote,,—,unknown,false,,2026-06-18,https://autodesk.wd1.myworkdayjobs.com/uni/job/Quebec-CAN---Remote/Stagiaire-en-Dveloppement-Cloud--Intern-Cloud-Developer_26WD99464-1,,,,fall,2026
autodesk-cloud-developer-intern-2026,Autodesk,Cloud Developer Intern,cloud,,closed,remote,Remote,,—,unknown,false,,2026-06-18,https://autodesk.wd1.myworkdayjobs.com/Ext/job/Quebec-CAN---Remote/Stagiaire-en-Dveloppement-Cloud--Intern-Cloud-Developer_26WD99464-2,,,,fall,2026
autodesk-cloud-developer-intern-fcap-2027-d1bb4e,Autodesk,Cloud Developer Intern - Fcap,cloud,,open,onsite,Montreal,QC,—,unknown,false,,2026-08-07,https://autodesk.wd1.myworkdayjobs.com/uni/job/Montreal-QC-CAN/Stagiaire-en-Dveloppement-Cloud--Intern-Cloud-Developer---FCAP_26WD100406-1,,,,winter,2027
autodesk-cloud-developer-intern-fcap-2027,Autodesk,Cloud Developer Intern - Fcap,cloud,,open,onsite,Montreal,QC,—,unknown,false,,2026-08-07,https://autodesk.wd1.myworkdayjobs.com/Ext/job/Montreal-QC-CAN/Stagiaire-en-Dveloppement-Cloud--Intern-Cloud-Developer---FCAP_26WD100406-2,,,,winter,2027
autodesk-cloud-developer-intern-interactive-graphics-media-entertainm-2027-05cbd4,Autodesk,"Cloud Developer Intern - Interactive Graphics, Media & Entertainment",cloud,,open,onsite,Montreal,QC,—,unknown,false,,2026-08-07,https://autodesk.wd1.myworkdayjobs.com/uni/job/Montreal-QC-CAN/Stagiaire-en-Dveloppement-Cloud--Intern-Cloud-Developer_26WD100400-3,,,,winter,2027
autodesk-cloud-developer-intern-interactive-graphics-media-entertainm-2027,Autodesk,"Cloud Developer Intern - Interactive Graphics, Media & Entertainment",cloud,,open,onsite,Montreal,QC,—,unknown,false,,2026-08-07,https://autodesk.wd1.myworkdayjobs.com/Ext/job/Montreal-QC-CAN/Stagiaire-en-Dveloppement-Cloud--Intern-Cloud-Developer_26WD100400,,,,winter,2027
autodesk-machine-learning-developer-intern-2026,Autodesk,Machine Learning Developer Intern,machine-learning,,closed,onsite,Toronto,ON,—,unknown,false,,2026-06-10,https://autodesk.wd1.myworkdayjobs.com/Ext/job/Toronto-ON-CAN/Intern--Machine-Learning-Developer_25WD92311-2,,,,fall,2026
autodesk-software-developer-intern-2027,Autodesk,Software Developer Intern,software-engineering,,open,onsite,Montreal,QC,—,unknown,false,,2026-08-11,https://autodesk.wd1.myworkdayjobs.com/uni/job/Montreal-QC-CAN/Intern-Software-Developer--Stagiaire-en-Dveloppement-Logiciel_26WD100398-1,,,,winter,2027
autodesk-software-developer-intern-interactive-graphics-media-enterta-2027,Autodesk,"Software Developer Intern - Interactive Graphics, Media & Entertainment",software-engineering,,open,onsite,Montreal,QC,—,unknown,false,,2026-08-11,https://autodesk.wd1.myworkdayjobs.com/Ext/job/Montreal-QC-CAN/Intern-Software-Developer--Stagiaire-en-Dveloppement-Logiciel_26WD100398-2,,,,winter,2027
autodesk-software-developer-intern-stagiaire-en-d-veloppement-logicie-2026-c6eb9e,Autodesk,Software Developer Intern - Stagiaire en Développement Logiciel,software-engineering,,closed,onsite,Canada,USA,—,unknown,false,,2026-05-30,https://autodesk.wd1.myworkdayjobs.com/uni/job/Quebec-CAN---Remote/Intern-Software-Developer--Stagiaire-en-Dveloppement-Logiciel_26WD98603-1,,,,fall,2026
autodesk-software-developer-intern-stagiaire-en-d-veloppement-logicie-2026,Autodesk,Software Developer Intern - Stagiaire en Développement Logiciel,software-engineering,,closed,onsite,Canada,USA,—,unknown,false,,2026-05-30,https://autodesk.wd1.myworkdayjobs.com/Ext/job/Quebec-CAN---Remote/Intern-Software-Developer--Stagiaire-en-Dveloppement-Logiciel_26WD98603-2,,,,fall,2026
avanade-software-engineering-intern-2027,Avanade,Software Engineering Intern,software-engineering,,closed,onsite,"Los Angeles, CA +1",USA,—,unknown,false,,2026-04-20,https://accenture.wd103.myworkdayjobs.com/en-GB/AvanadeCareers/job/Los-Angeles-6181-W-Centinela-Ave-Corp/Intern--Software-Engineering---June-2026_R00319370?jr_id=69e6a556f8fa2f3ec32a3173,,,,summer,2027
aveva-software-developer-intern-co-op-2026,AVEVA,Software Developer Intern Co-op,software-engineering,,closed,onsite,"Philadelphia, PA",USA,—,unknown,false,,2026-07-20,https://aveva.wd3.myworkdayjobs.com/en-US/AVEVA_careers/job/Philadelphia-Pennsylvania-United-States-of-America/Software-Developer-Intern--Drexel-Co-op-US_R014478,,masters;phd,,fall,2026
axis-capital-renewable-energy-engineer-intern-2026,Axis Capital,Renewable Energy Engineer Intern,software-engineering,,open,onsite,London,UK,—,unknown,false,,2026-07-28,https://axiscapital.wd1.myworkdayjobs.com/axiscareers/job/London---Scalpel/Renewable-Energy-Engineering-Intern_REQ06664-1,,masters,,fall,2026
axogen-ai-ml-engineer-intern-2026,Axogen,AI/ML Engineer Intern,machine-learning,,closed,onsite,"Tampa, FL",USA,—,unknown,false,,2026-07-23,https://www.axogeninc.com/about-axogen/careers/?gh_jid=8645955002,,masters;phd,,fall,2026
axon-software-engineer-intern-2027,Axon,Software Engineer Intern,software-engineering,,open,onsite,"Boston, MA +1",USA,—,unknown,false,,2026-08-07,https://job-boards.greenhouse.io/axontalentcommunity/jobs/7837133003,,,,summer,2027
axon-software-engineering-intern-2027,Axon,Software Engineering Intern,software-engineering,,open,onsite,"Boston, MA +1",USA,—,yes,false,,2026-07-21,https://job-boards.greenhouse.io/axontalentcommunity/jobs/7800617003,,,,summer,2027
bank-of-montreal-card-products-intern-co-op-customer-solutions-2026,Bank of Montreal,Card Products Intern Co-op - Customer Solutions,software-engineering,,closed,onsite,Toronto,ON,—,unknown,false,,2026-08-07,https://bmo.wd3.myworkdayjobs.com/Privileged/job/Toronto-ON-CAN/Card-Products-Internship--Fall-2026-Co-op-Internship--Toronto--CA-_R260023035,,,,fall,2026
bank-of-montreal-data-and-ai-operations-analyst-co-op-internship-cloud-2026-cd4eaf,Bank of Montreal,Data and AI Operations Analyst Co-op/Internship - Cloud,ai,,closed,onsite,Toronto,ON,—,unknown,false,,2026-07-28,https://bmo.wd3.myworkdayjobs.com/External/job/Toronto-ON-CAN/Data-and-AI-Operations-Analyst--Cloud---Fall-2026--Co-op-Internship----8-months_R260021724-1,,,,fall,2026
bank-of-montreal-data-and-ai-operations-analyst-co-op-internship-cloud-2026,Bank of Montreal,Data and AI Operations Analyst Co-op/Internship - Cloud,ai,,closed,onsite,Toronto,ON,—,unknown,false,,2026-07-28,https://bmo.wd3.myworkdayjobs.com/Campus/job/Toronto-ON-CAN/Data-and-AI-Operations-Analyst--Cloud---Fall-2026--Co-op-Internship----8-months_R260021724-2,,,,fall,2026
bank-of-montreal-data-and-ai-operations-analyst-intern-co-op-cloud-8-months-2026,Bank of Montreal,Data and AI Operations Analyst Intern/Co-op - Cloud - 8 months,ai,,closed,onsite,Toronto,ON,—,unknown,false,,2026-07-27,https://bmo.wd3.myworkdayjobs.com/Privileged/job/Toronto-ON-CAN/Data-and-AI-Operations-Analyst--Cloud---Fall-2026--Co-op-Internship----8-months_R260021724,,,,fall,2026
bank-of-montreal-data-scientist-co-op-internship-months-2026,Bank of Montreal,Data Scientist Co-op/Internship - Months,data-science,,closed,onsite,Toronto,ON,—,unknown,false,,2026-07-07,https://bmo.wd3.myworkdayjobs.com/External/job/Toronto-ON-CAN/Data-Scientist--Fall-2026---Co-op-Internship----12-months_R260019879,,,,fall,2026
bank-of-montreal-database-operations-co-op-intern-2026,Bank of Montreal,Database Operations Co-op Intern,software-engineering,,closed,onsite,Toronto,ON,—,unknown,false,,2026-08-05,https://bmo.wd3.myworkdayjobs.com/Privileged/job/Toronto-ON-CAN/Database-Operations-Co-op--Fall-2026--Co-op-Internship----4-months_R260022911,,,,fall,2026
bank-of-montreal-investment-intern-co-op-co-op-internship-2027,Bank of Montreal,Investment Intern Co-op - Co-op/Internship,software-engineering,,closed,onsite,Toronto,ON,—,unknown,false,,2026-08-10,https://bmo.wd3.myworkdayjobs.com/Privileged/job/Toronto-ON-CAN/Investment-Intern--Winter-2027--Co-op-Internship----4-months_R260023223,,,,winter,2027
bank-of-montreal-market-risk-analyst-co-op-intern-2026,Bank of Montreal,Market Risk Analyst Co-op/Intern,software-engineering,,closed,onsite,Toronto,ON,—,unknown,false,,2026-07-24,https://bmo.wd3.myworkdayjobs.com/External/job/Toronto-ON-CAN/Market-Risk-Analyst--Fall-2026--Co-op-Internship----4-Months_R260022055,,,,fall,2026
barclays-markets-quantitative-analyst-summer-internship-2027-new-york-2027,Barclays,Markets Quantitative Analyst Summer Internship 2027 New York,quant,,open,onsite,"New York, NY",USA,—,unknown,false,,2025-12-02,https://barclays.wd3.myworkdayjobs.com/en-US/external_career_site_barclays/job/745-7th-Avenue-New-York/Markets-Quantitative-Analyst-Summer-Internship-2027-New-York_JR-0000083408,,,,summer,2027
base-power-firmware-engineer-intern-2026,Base Power,Firmware Engineer Intern,embedded,,open,onsite,"Austin, TX",USA,—,unknown,false,,2026-05-27,https://jobs.ashbyhq.com/base-power/a8ee9a66-e90b-42c2-a4a2-28d997c3e8c7/application?embed=true,,,,fall,2026
bdo-canada-data-analytics-co-op-intern-data-analytics-2026,BDO Canada,Data & Analytics Co-op/Intern - Data & Analytics,software-engineering,,closed,onsite,Montreal +6,QC,—,unknown,false,,2026-05-14,https://bdo.wd3.myworkdayjobs.com/BDO/job/Toronto---Bay-St/Co-op-or-Intern--Data---Analytics--September-2026-_JR6295,,,,fall,2026
bdo-canada-indirect-tax-intern-co-op-indirect-tax-2026,BDO Canada,Indirect Tax Intern Co-op - Indirect Tax,software-engineering,,closed,onsite,Toronto +2,ON,—,unknown,false,,2026-07-13,https://bdo.wd3.myworkdayjobs.com/BDO/job/Oakville/Co-op-or-Intern--Indirect-Tax--Fall-2026--GTA-Offices_JR6580,,,,fall,2026
beacon-software-software-engineer-intern-2026,Beacon Software,Software Engineer Intern,software-engineering,,open,onsite,SF,USA,—,unknown,false,,2026-07-15,https://jobs.ashbyhq.com/beaconsoftware/2452d342-a069-4eda-adbe-9df296808ca1/application?embed=true,,,,fall,2026
belvedere-trading-quantitative-trading-intern-summer-2027-2027,Belvedere Trading,Quantitative Trading Intern - Summer 2027,quant,,open,onsite,"Chicago, IL",USA,—,unknown,false,,2026-08-07,https://jobs.lever.co/belvederetrading/cbde47db-c60b-4339-a8f4-a8e4f30505ab/apply,,,,summer,2027
belvedere-trading-quantitative-trading-intern-winter-quarter-2027-2027,Belvedere Trading,Quantitative Trading Intern - Winter Quarter 2027,quant,,open,onsite,"Chicago, IL",USA,—,unknown,false,,2026-08-07,https://jobs.lever.co/belvederetrading/8f06f221-8777-4a4d-b035-40882db5f4a0/apply,,,,winter,2027
belvedere-trading-software-engineer-intern-summer-2027-2027,Belvedere Trading,Software Engineer Intern - Summer 2027,software-engineering,,open,onsite,"Chicago, IL",USA,—,unknown,false,,2026-08-07,https://jobs.lever.co/belvederetrading/10746b3d-1760-4573-9b63-b93f5a5e4fc0/apply,,,,summer,2027
bild-ai-ai-software-engineer-intern-2026,Bild AI,AI/Software Engineer Intern,ai,,open,onsite,SF,USA,—,unknown,false,,2026-07-21,https://jobs.ashbyhq.com/bild-ai/b333f0f7-0ca6-4509-8697-9303396b5364/application?embed=true,,,,fall,2026
black-cape-software-engineer-intern-2026,Black Cape,Software Engineer Intern,software-engineering,,open,onsite,Arlington County,Arlington,—,unknown,false,,2026-08-03,https://blackcape.applytojob.com/apply/7o6mmAYryt/US-Military-Skillbridge-Internship-Software-EngineerArlington-VA,,,,fall,2026
blackrock-global-product-intern-2026,BlackRock,Global Product Intern,software-engineering,,open,onsite,"Wilmington, DE",USA,—,unknown,false,,2026-07-15,https://blackrock.wd1.myworkdayjobs.com/BlackRock_Early_Careers_Program/job/XMLNAME-2027-Global-Product-Intern-Non-New-York_R265169,,,,fall,2026
blackstone-blackstone-credit-and-insurance-quant-and-portfolio-analytic-2027,Blackstone,Blackstone Credit and Insurance – Quant and Portfolio Analytics Summer Analyst Intern,quant,,open,onsite,London,UK,—,unknown,false,,2026-07-02,https://blackstone.wd1.myworkdayjobs.com/Blackstone_Campus_Careers/job/Berkeley-Square-House-London/XMLNAME-2027-Blackstone-Credit-and-Insurance--Quant-and-Portfolio-Analytics-Summer-Analyst---London-_43819,,masters,,summer,2027
block-applied-research-intern-co-op-2026,Block,Applied Research Intern Co-op,research,,open,onsite,Toronto +1,ON,—,unknown,false,,2026-06-09,http://block.xyz/careers/jobs/5108009008?gh_jid=5108009008,,masters;phd,,fall,2026
block-applied-research-intern-phd-graduate-co-op-2026,Block,Applied Research Intern PhD / Graduate Co-op,research,,open,onsite,"Oakland, CA +1",USA,—,unknown,false,,2026-06-09,http://block.xyz/careers/jobs/5108007008?gh_jid=5108007008,,masters;phd,,fall,2026
bloxd-software-engineer-intern-2027,Bloxd,Software Engineer Intern,software-engineering,,open,onsite,London,UK,—,unknown,false,,2026-07-21,https://jobs.ashbyhq.com/bloxd/7ade559a-d07d-4ffe-b6ec-c79e41632474/application?embed=true,,,,summer,2027
blue-cross-blue-shield-of-michigan-it-intern-2026,Blue Cross Blue Shield of Michigan,IT Intern,software-engineering,,open,onsite,"Detroit, MI",USA,—,unknown,false,,2026-07-01,https://ejko.fa.us2.oraclecloud.com/hcmUI/CandidateExperience/en/sites/CX_3/job/14393,,masters,,fall,2026
bmo-machine-learning-intern-2026,BMO,Machine Learning Intern,machine-learning,,closed,onsite,"Chicago, IL",USA,—,unknown,false,,2026-05-12,https://bmo.wd3.myworkdayjobs.com/Privileged/job/Chicago-IL-USA/Machine-Learning-Intern--Fall-2026--Internship----4-months_R260014372,,,,fall,2026
boeing-data-analytics-intern-2027,Boeing,Data Analytics Intern,software-engineering,,open,onsite,"Everett, WA +29",USA,—,no,false,,2026-08-05,https://boeing.wd1.myworkdayjobs.com/en-US/EXTERNAL_CAREERS/details/Boeing-Summer-2027-Internship-Program--Paid----Data-Analytics-Intern_JR2026520976-1?q=JR2026520976,,,,summer,2027
booz-allen-ai-ran-telecommunications-engineer-intern-2026,Booz Allen,AI RAN Telecommunications Engineer Intern,ai,,open,onsite,"McLean, VA",USA,—,unknown,false,,2026-08-10,https://bah.wd1.myworkdayjobs.com/bah_jobs/job/McLean-VA/AI-RAN-Telecommunications-Engineer-Intern_R0246415,,masters,,fall,2026
booz-allen-ai-ran-telecommunications-engineer-intern-2027,Booz Allen,AI RAN Telecommunications Engineer Intern,ai,,open,onsite,"McLean, VA",USA,—,unknown,false,,2026-08-11,https://bah.wd1.myworkdayjobs.com/bah_jobs/job/McLean-VA/AI-RAN-Telecommunications-Engineer-Intern_R0246869,,masters,,summer,2027
borgwarner-validation-intern-2026-33ce08,BorgWarner,Validation Intern,software-engineering,,open,onsite,"Kokomo, IN",USA,—,unknown,false,,2026-05-21,https://borgwarner.wd5.myworkdayjobs.com/BorgWarner_Careers/job/Kokomo-Technical-Center---Indiana---USA/Validation-Intern--Year-Round-_R2026-1960,,,,fall,2026
borgwarner-validation-intern-2026,BorgWarner,Validation Intern,software-engineering,,open,onsite,"Kokomo, IN",USA,—,unknown,false,,2026-05-21,https://borgwarner.wd5.myworkdayjobs.com/BorgWarner_Careers/job/Kokomo-Technical-Center---Indiana---USA/Validation-Intern--Year-Round-_R2026-1958-1,,,,fall,2026
bosch-ai-research-intern-wireless-perception-2026,Bosch,AI Research Intern - Wireless Perception,ai,,open,onsite,"Pittsburgh, PA",USA,—,no,false,,2025-12-16,https://jobs.smartrecruiters.com/BoschGroup/c4621e0f-5c1e-4a67-adc4-0671cbcaf28c,,masters,,fall,2026
bosch-llm-agentic-ai-r-d-intern-2026,Bosch,LLM & Agentic AI R&D Intern,ai,,open,onsite,"Sunnyvale, CA",USA,—,yes,false,,2025-12-10,https://jobs.bosch.com/en/job/REF273459Q-llm-agentic-ai-r-d-intern,,masters,,fall,2026
bosch-home-comfort-a-1-integration-intern-2026,Bosch Home Comfort,A.1. Integration Intern,software-engineering,,open,onsite,"Columbia City, IN",USA,—,unknown,false,,2026-07-02,https://jobs.smartrecruiters.com/BoschGroup/744000134840254,,,,fall,2026
bosch-home-comfort-adas-software-engineer-intern-2026,Bosch Home Comfort,ADAS Software Engineer Intern,software-engineering,,open,onsite,"Plymouth, MI",USA,—,unknown,false,,2026-07-28,https://jobs.smartrecruiters.com/BoschGroup/744000140317669,,masters,,fall,2026
bosch-home-comfort-artificial-intelligence-and-software-development-engineering-2026,Bosch Home Comfort,Artificial Intelligence and Software Development Engineering Intern,ai,,closed,onsite,"Plymouth, MI",USA,—,unknown,false,,2026-08-03,https://jobs.smartrecruiters.com/BoschGroup/744000141302469,,masters,,fall,2026
bosch-home-comfort-autonomous-driving-intern-2026,Bosch Home Comfort,Autonomous Driving Intern,software-engineering,,closed,onsite,"Sunnyvale, CA",USA,—,unknown,false,,2026-07-29,https://jobs.smartrecruiters.com/BoschGroup/744000140462550,,,,fall,2026
bosch-home-comfort-business-intelligence-intern-2026,Bosch Home Comfort,Business Intelligence Intern,software-engineering,,closed,onsite,"Belmont, MA",USA,—,unknown,false,,2026-07-14,https://jobs.smartrecruiters.com/BoschGroup/744000137672769,,masters,,fall,2026
bosch-home-comfort-powertrain-controls-software-engineer-intern-2026,Bosch Home Comfort,Powertrain Controls Software Engineer Intern,software-engineering,,open,onsite,"Southfield, MI",USA,—,unknown,false,,2026-07-27,https://jobs.smartrecruiters.com/BoschGroup/744000140089589,,masters,,fall,2026
bosch-home-comfort-product-management-intern-2026,Bosch Home Comfort,Product Management Intern,product,,open,onsite,"Southfield, MI",USA,—,unknown,false,,2026-07-29,https://jobs.smartrecruiters.com/BoschGroup/744000140457960,,,,fall,2026
bosch-home-comfort-research-intern-2026,Bosch Home Comfort,Research Intern,research,,closed,onsite,"Sunnyvale, CA",USA,—,unknown,false,,2026-07-07,https://jobs.smartrecruiters.com/BoschGroup/744000136313549,,phd,,fall,2026
bot-auto-deep-learning-engineer-intern-2026,Bot Auto,Deep Learning Engineer Intern,machine-learning,,open,onsite,"Houston, TX",USA,—,unknown,false,,2026-07-02,https://job-boards.greenhouse.io/botauto/jobs/5289440008,,masters;phd,,fall,2026
brex-brex-internship-program-2027,Brex,Brex Internship Program,software-engineering,,closed,onsite,São Paulo,USA,—,unknown,false,,2026-06-03,https://www.brex.com/careers/8578067002?gh_jid=8578067002,,,,summer,2027
brio-water-technology-ai-automation-business-analytics-intern-rotational-program-2026,Brio Water Technology,AI Automation & Business Analytics Intern - Rotational Program,ai,,open,onsite,"Glendale, CA",USA,—,unknown,false,,2026-07-31,https://ats.rippling.com/briowt/jobs/52da1fca-1cb1-49ff-8a94-b6f3850cd8eb,,,,fall,2026
brookfield-ai-value-creation-office-intern-2026,Brookfield,AI Value Creation Office Intern,ai,,open,onsite,Toronto,ON,—,unknown,false,,2026-07-04,https://brookfield.wd5.myworkdayjobs.com/brookfieldprivate/job/Toronto-Ontario/Intern--AI-Value-Creation-Office_R2048790,,,,fall,2026
brunswick-software-engineer-intern-2026,Brunswick,Software Engineer Intern,software-engineering,,closed,onsite,"Urbana, IL",USA,—,unknown,false,,2026-07-28,https://brunswick.wd1.myworkdayjobs.com/en-US/search/job/Champaign-IL/Software-Engineer-Intern_JR-050991,,,,fall,2026
bytedance-agent-evaluation-evolution-machine-learning-engineer-intern-2027-b5bc69,ByteDance,Agent Evaluation & Evolution Machine Learning Engineer Intern - Applied Machine Learning Ark,machine-learning,,open,onsite,"Seattle, WA",USA,—,unknown,false,,2026-08-11,https://jobs.bytedance.com/en/position/7672391300141877557/detail,,masters,,summer,2027
bytedance-agent-evaluation-evolution-machine-learning-engineer-intern-2027,ByteDance,Agent Evaluation & Evolution Machine Learning Engineer Intern - Applied Machine Learning Ark,machine-learning,,open,onsite,"San Jose, CA",USA,—,unknown,false,,2026-08-10,https://jobs.bytedance.com/en/position/7671096345243535669/detail,,masters,,summer,2027
bytedance-ai-llm-network-research-intern-high-speed-network-2026,ByteDance,AI/LLM Network Research Intern - High Speed Network,ai,,open,onsite,"Seattle, WA",USA,—,unknown,false,,2026-08-06,https://jobs.bytedance.com/en/position/7670281454740818181/detail,,phd,,fall,2026
bytedance-ai-llm-network-research-intern-high-speed-network-phd-2026,ByteDance,AI/LLM Network Research Intern - High Speed Network - PhD,ai,,open,onsite,"San Jose, CA",USA,—,unknown,false,,2026-08-06,https://jobs.bytedance.com/en/position/7669969771686775045/detail,,phd,,fall,2026
bytedance-ai-network-automation-engineer-intern-global-physical-networ-2027-80a0bb,ByteDance,"AI Network Automation Engineer Intern, Global Physical Network Infra",ai,,open,onsite,"San Jose, CA",USA,—,unknown,false,,2026-08-06,https://joinbytedance.com/search/7670690923748870405,,,,summer,2027
bytedance-ai-network-automation-engineer-intern-global-physical-networ-2027,ByteDance,AI Network Automation Engineer Intern - Global Physical Network Infrastructure,ai,,open,onsite,"San Jose, CA",USA,—,unknown,false,,2026-08-06,https://jobs.bytedance.com/en/position/7670690923748870405/detail,,masters,,summer,2027
bytedance-ai-perception-intern-pico-2027,ByteDance,AI Perception Intern - Pico,ai,,open,onsite,"San Jose, CA",USA,—,unknown,false,,2026-08-03,https://jobs.bytedance.com/en/position/7665457718334425349/detail,,phd,,summer,2027
bytedance-applied-machine-learning-production-engineer-intern-2027,ByteDance,Applied Machine Learning Production Engineer Intern,machine-learning,,open,onsite,"San Jose, CA",USA,—,unknown,false,,2026-08-06,https://joinbytedance.com/search/7670009669494704437,,,,summer,2027
bytedance-applied-machine-learning-production-engineer-intern-aml-prod-2027,ByteDance,Applied Machine Learning Production Engineer Intern - AML Production Engineer,machine-learning,,open,onsite,"San Jose, CA",USA,—,unknown,false,,2026-08-06,https://jobs.bytedance.com/en/position/7670009669494704437/detail,,masters,,summer,2027
bytedance-asic-design-engineer-intern-video-silicon-ip-2027,ByteDance,ASIC Design Engineer Intern - Video Silicon IP,hardware,,open,onsite,"San Jose, CA",USA,—,unknown,false,,2026-08-06,https://jobs.bytedance.com/en/position/7670332179383699717/detail,,masters,,summer,2027
bytedance-data-lake-infrastructure-and-data-analytics-research-enginee-2027,ByteDance,Data Lake Infrastructure and Data Analytics Research Engineer Intern - Applied Machine Learning Ark,machine-learning,,open,onsite,"San Jose, CA",USA,—,unknown,false,,2026-08-10,https://jobs.bytedance.com/en/position/7671109787509213445/detail,,masters,,summer,2027
bytedance-data-lake-infrastructure-data-analytics-research-engineer-in-2027,ByteDance,Data Lake Infrastructure & Data Analytics Research Engineer Intern - Applied Machine Learning Ark,machine-learning,,open,onsite,"Seattle, WA",USA,—,unknown,false,,2026-08-11,https://jobs.bytedance.com/en/position/7672394389001816325/detail,,masters,,summer,2027
bytedance-gpu-ai-application-system-software-engineer-intern-2027,ByteDance,GPU/AI Application System Software Engineer Intern,ai,,open,onsite,"San Jose, CA",USA,—,unknown,false,,2026-08-06,https://joinbytedance.com/search/7668464504736876853,,,,summer,2027
bytedance-gpu-ai-application-system-software-engineer-intern-system-te-2027,ByteDance,GPU/AI Application System Software Engineer Intern - System Technologies and Engineering,ai,,open,onsite,"San Jose, CA",USA,—,unknown,false,,2026-08-06,https://jobs.bytedance.com/en/position/7668464504736876853/detail,,masters,,summer,2027
bytedance-machine-learning-engineer-intern-2027,ByteDance,Machine Learning Engineer Intern,machine-learning,,open,onsite,"San Jose, CA",USA,—,unknown,false,,2026-08-10,https://jobs.bytedance.com/en/position/7671291260529821957/detail,,masters,,summer,2027
bytedance-machine-learning-engineer-intern-aml-engine-orchestration-2027,ByteDance,Machine Learning Engineer Intern - AML-Engine-Orchestration,machine-learning,,open,onsite,"Seattle, WA",USA,—,unknown,false,,2026-08-11,https://jobs.bytedance.com/en/position/7672382828525832501/detail,,masters,,summer,2027
bytedance-machine-learning-research-scientist-intern-seed-ai-for-scien-2027,ByteDance,Machine Learning Research Scientist Intern - Seed AI for Science - Atomistic AI,machine-learning,,open,onsite,"Seattle, WA",USA,—,unknown,false,,2026-08-07,https://jobs.bytedance.com/en/position/7670855041951795509/detail,,phd,,summer,2027
bytedance-network-software-engineer-intern-network-observation-2027,ByteDance,Network Software Engineer Intern - Network Observation,software-engineering,,open,onsite,"San Jose, CA",USA,—,unknown,false,,2026-08-07,https://jobs.bytedance.com/en/position/7670772641439041797/detail,,masters,,summer,2027
bytedance-network-software-engineer-intern-network-switch-2027,ByteDance,Network Software Engineer Intern - Network Switch,software-engineering,,open,onsite,"San Jose, CA",USA,—,unknown,false,,2026-08-07,https://jobs.bytedance.com/en/position/7670778018960542005/detail,,masters,,summer,2027
bytedance-research-scientist-intern-2026-f868cc,ByteDance,Research Scientist Intern,research,,open,onsite,"San Jose, CA",USA,—,unknown,false,,2026-08-03,https://jobs.bytedance.com/en/position/7667380188619131189/detail,,phd,,fall,2026
bytedance-research-scientist-intern-2026,ByteDance,Research Scientist Intern,research,,open,onsite,"Seattle, WA",USA,—,unknown,false,,2026-08-03,https://jobs.bytedance.com/en/position/7667379218929780997/detail,,phd,,fall,2026
bytedance-research-scientist-intern-2027,ByteDance,Research Scientist Intern,research,,open,onsite,"San Jose, CA",USA,—,unknown,false,,2026-08-06,https://jobs.bytedance.com/en/position/7670375041041320245/detail,,phd,,summer,2027
bytedance-research-scientist-intern-ai-infra-compute-2026,ByteDance,Research Scientist Intern - AI Infra Compute,ai,,open,onsite,"San Jose, CA",USA,—,unknown,false,,2026-08-03,https://jobs.bytedance.com/en/position/7667379221434796341/detail,,phd,,fall,2026
bytedance-research-scientist-intern-ai-infrastructure-2026-f08b1b,ByteDance,Research Scientist Intern - AI Infrastructure,ai,,closed,onsite,"San Jose, CA",USA,—,unknown,false,,2026-07-03,https://jobs.bytedance.com/en/position/7553917136512076050/detail,,phd,,fall,2026
bytedance-research-scientist-intern-ai-infrastructure-2026,ByteDance,Research Scientist Intern - AI Infrastructure,ai,,closed,onsite,"Seattle, WA",USA,—,unknown,false,,2026-07-03,https://jobs.bytedance.com/en/position/7553916190126524680/detail,,phd,,fall,2026
bytedance-research-scientist-intern-distributed-nosql-database-systems-2026-30c298,ByteDance,Research Scientist Intern - Distributed NoSQL Database Systems,research,,open,onsite,"Seattle, WA",USA,—,unknown,false,,2026-08-03,https://jobs.bytedance.com/en/position/7668371456348326149/detail,,phd,,fall,2026
bytedance-research-scientist-intern-distributed-nosql-database-systems-2026,ByteDance,Research Scientist Intern - Distributed NoSQL Database Systems,research,,open,onsite,"San Jose, CA",USA,—,unknown,false,,2026-08-03,https://jobs.bytedance.com/en/position/7668371003554138421/detail,,phd,,fall,2026
bytedance-research-scientist-intern-multi-modal-agentic-databases-2026,ByteDance,Research Scientist Intern - Multi-modal Agentic Databases,research,,open,onsite,"San Jose, CA",USA,—,unknown,false,,2026-08-03,https://jobs.bytedance.com/en/position/7667380487805995269/detail,,phd,,fall,2026
bytedance-research-scientist-intern-multi-modal-agentic-databases-2027,ByteDance,Research Scientist Intern - Multi-modal Agentic Databases,research,,open,onsite,"Seattle, WA",USA,—,unknown,false,,2026-08-03,https://jobs.bytedance.com/en/position/7667380184615127301/detail,,phd,,summer,2027
bytedance-research-scientist-intern-multimedia-streaming-2027,ByteDance,Research Scientist Intern - Multimedia Streaming,research,,open,onsite,"San Diego, CA",USA,—,unknown,false,,2026-08-06,https://jobs.bytedance.com/en/position/7670354800621603125/detail,,phd,,summer,2027
bytedance-software-development-engineer-intern-network-automation-2027-2027,ByteDance,Software Development Engineer Intern - Network Automation - 2027 Summer,software-engineering,,open,onsite,"San Jose, CA",USA,—,unknown,false,,2026-08-08,https://jobs.bytedance.com/en/position/7671147251943213317/detail,,masters,,summer,2027
bytedance-software-engineer-intern-2027,ByteDance,Software Engineer Intern,software-engineering,,open,onsite,"Seattle, WA",USA,—,unknown,false,,2026-08-03,https://jobs.bytedance.com/en/position/7668373268886161669/detail,,masters,,summer,2027
bytedance-software-engineer-intern-ai-infra-compute-2027,ByteDance,Software Engineer Intern - AI Infra Compute,ai,,open,onsite,"Seattle, WA",USA,—,unknown,false,,2026-08-03,https://jobs.bytedance.com/en/position/7667378931599214853/detail,,masters,,summer,2027
bytedance-software-engineer-intern-ai-infrastructure-compute-2027,ByteDance,Software Engineer Intern - AI Infrastructure Compute,ai,,open,onsite,"San Jose, CA",USA,—,unknown,false,,2026-08-03,https://jobs.bytedance.com/en/position/7667377525182662965/detail,,masters,,summer,2027
bytedance-software-engineer-intern-ai-platform-2027-77e8ec,ByteDance,"Software Engineer Intern, AI Platform",ai,,open,onsite,"San Jose, CA",USA,—,no,false,,2026-08-04,https://joinbytedance.com/search/7668212952030841093,,,,summer,2027
bytedance-software-engineer-intern-ai-platform-2027,ByteDance,Software Engineer Intern - AI Platform,ai,,open,onsite,"San Jose, CA",USA,—,unknown,false,,2026-08-04,https://jobs.bytedance.com/en/position/7668212952030841093/detail,,masters,,summer,2027
bytedance-software-engineer-intern-aml-engine-orchestration-2027-eb9cf9,ByteDance,Software Engineer Intern - AML-Engine-Orchestration,software-engineering,,open,onsite,"Seattle, WA",USA,—,unknown,false,,2026-08-11,https://jobs.bytedance.com/en/position/7672386983965100341/detail,,masters,,summer,2027
bytedance-software-engineer-intern-aml-engine-orchestration-2027,ByteDance,Software Engineer Intern - AML-Engine-Orchestration,software-engineering,,open,onsite,"San Jose, CA",USA,—,unknown,false,,2026-08-10,https://jobs.bytedance.com/en/position/7671162985123907845/detail,,masters,,summer,2027
bytedance-software-engineer-intern-distributed-nosql-database-systems-2027-265cda,ByteDance,"Software Engineer Intern, Distributed NoSQL Database Systems",software-engineering,,open,onsite,"Seattle, WA",USA,—,unknown,false,,2026-08-04,https://joinbytedance.com/search/7668373268886161669,,,,summer,2027
bytedance-software-engineer-intern-distributed-nosql-database-systems-2027-7b0f55,ByteDance,"Software Engineer Intern, Distributed NoSQL Database Systems",software-engineering,,open,onsite,"San Jose, CA",USA,—,unknown,false,,2026-08-04,https://joinbytedance.com/search/7668374190764050741,,,,summer,2027
bytedance-software-engineer-intern-distributed-nosql-database-systems-2027,ByteDance,Software Engineer Intern - Distributed NoSQL Database Systems,software-engineering,,open,onsite,"San Jose, CA",USA,—,unknown,false,,2026-08-03,https://jobs.bytedance.com/en/position/7668374190764050741/detail,,masters,,summer,2027
bytedance-video-image-ai-ml-software-engineer-intern-multimedia-2027,ByteDance,Video/Image AI/ML Software Engineer Intern - Multimedia,machine-learning,,open,onsite,"San Diego, CA",USA,—,unknown,false,,2026-08-06,https://jobs.bytedance.com/en/position/7670354329765464373/detail,,phd,,summer,2027
bytedance-visual-generation-multimodal-evaluation-machine-learning-eng-2027-c4e170,ByteDance,Visual Generation & Multimodal Evaluation Machine Learning Engineer Intern - AML-ARK,machine-learning,,open,onsite,"Seattle, WA",USA,—,unknown,false,,2026-08-11,https://jobs.bytedance.com/en/position/7672392998231050549/detail,,masters,,summer,2027
bytedance-visual-generation-multimodal-evaluation-machine-learning-eng-2027,ByteDance,Visual Generation & Multimodal Evaluation Machine Learning Engineer Intern - Aml-Ark,machine-learning,,open,onsite,"San Jose, CA",USA,—,unknown,false,,2026-08-10,https://jobs.bytedance.com/en/position/7671105026009925893/detail,,masters,,summer,2027
caci-software-engineering-intern-2026,CACI,Software Engineering Intern,software-engineering,,closed,onsite,"Jessup, MD",USA,—,no,false,,2026-07-10,https://caci.wd1.myworkdayjobs.com/external/job/Jessup-MD-US/Software-Engineering-Intern---Fall-2026_328740,,,,fall,2026
caddi-workflow-automation-software-engineer-intern-2026,Caddi Workflow Automation,Software Engineer Intern,software-engineering,,open,onsite,"Seattle, WA",USA,—,unknown,false,,2026-08-11,https://apply.workable.com/trycaddi/j/9D1291C697/apply,,,,fall,2026
cadence-design-systems-characterization-and-support-intern-2026-ac4579,Cadence Design Systems,Characterization and Support Intern,software-engineering,,open,onsite,"San Jose, CA",USA,—,unknown,false,,2026-07-07,https://cadence.wd1.myworkdayjobs.com/University_Talent_Intern/job/SAN-JOSE/Intern---Characterization-and-Support_R54998-2,,masters,,fall,2026
cadence-design-systems-characterization-and-support-intern-2026,Cadence Design Systems,Characterization and Support Intern,software-engineering,,open,onsite,"San Jose, CA",USA,—,unknown,false,,2026-07-07,https://cadence.wd1.myworkdayjobs.com/University_Talent/job/SAN-JOSE/Intern---Characterization-and-Support_R54998-3,,masters,,fall,2026
cadence-design-systems-product-engineering-intern-simulation-and-verification-2026-0369d1,Cadence Design Systems,Product Engineering Intern - Simulation and Verification,software-engineering,,open,onsite,"Burlington, MA",USA,—,unknown,false,,2026-06-25,https://cadence.wd1.myworkdayjobs.com/University_Talent_Intern/job/Burlington-MA/Product-Engineering-Internship--Simulation-and-Verification--Fall-2026-_R53475-1,,masters,,fall,2026
cadence-design-systems-product-engineering-intern-simulation-and-verification-2026,Cadence Design Systems,Product Engineering Intern - Simulation and Verification,software-engineering,,open,onsite,"Burlington, MA",USA,—,unknown,false,,2026-06-25,https://cadence.wd1.myworkdayjobs.com/University_Talent/job/Burlington-MA/Product-Engineering-Internship--Simulation-and-Verification--Fall-2026-_R53475,,masters,,fall,2026
cadence-design-systems-software-engineer-intern-2026,Cadence Design Systems,Software Engineer Intern,software-engineering,,open,onsite,"Pittsburgh, PA",USA,—,unknown,false,,2026-06-13,https://cadence.wd1.myworkdayjobs.com/Univ_Careers/job/PITTSBURGH-03/Software-Engineering-Intern_R52334-2,,,,fall,2026
cadence-design-systems-ssg-design-engineering-intern-2026,Cadence Design Systems,SSG Design Engineering Intern,design,,open,onsite,"San Jose, CA",USA,—,unknown,false,,2026-07-16,https://cadence.wd1.myworkdayjobs.com/External_Careers/job/SAN-JOSE/SSG-Design-Engineering-Intern--Fall-2026-_R52641,,masters,,fall,2026
calstart-data-analysis-intern-2026,CALSTART,Data Analysis Intern,software-engineering,,open,remote,Remote,,—,unknown,false,,2026-07-30,https://jobs.lever.co/calstart/39565f0d-d10f-458b-b72d-d807420059b8/apply,,masters,,fall,2026
calstart-web-development-intern-2026,CALSTART,Web Development Intern,software-engineering,,open,remote,Remote,,—,unknown,false,,2026-07-30,https://jobs.lever.co/calstart/cbd0d758-18b0-481d-9e67-a065682f30ea/apply,,,,fall,2026
calstart-zero-emission-data-research-intern-2026,CALSTART,Zero-Emission Data & Research Intern,research,,open,remote,Remote,,—,unknown,false,,2026-07-30,https://jobs.lever.co/calstart/faf839b1-8c62-4fcf-991c-71750d8fc909/apply,,,,fall,2026
canva-phd-research-scientist-intern-2026-1bb10f,Canva,PhD Research Scientist Intern,research,,open,onsite,"San Francisco, CA",USA,—,unknown,false,,2026-08-06,https://jobs.smartrecruiters.com/Canva/6000000001291655-phd-research-scientist-intern,,,,fall,2026
canva-phd-research-scientist-intern-2026,Canva,PhD Research Scientist Intern,research,,open,onsite,SF,USA,—,unknown,false,,2026-08-06,https://jobs.smartrecruiters.com/Canva/6000000001291655,,phd,,fall,2026
canva-phd-research-scientist-intern-edge-ai-2026,Canva,PhD Research Scientist Intern - Edge AI,ai,,open,onsite,London,UK,—,unknown,false,,2026-08-07,https://jobs.smartrecruiters.com/Canva/6000000001295782,,phd,,fall,2026
canva-phd-research-scientist-intern-generative-ai-2026,Canva,PhD Research Scientist Intern - Generative AI,ai,,closed,onsite,SF,USA,—,unknown,false,,2026-08-06,https://jobs.smartrecruiters.com/Canva/6000000001289897,,phd,,fall,2026
canva-phd-research-scientist-intern-reinforcement-learning-for-dif-2026,Canva,PhD Research Scientist Intern - Reinforcement Learning for Diffusion Modelling,research,,open,onsite,London,UK,—,unknown,false,,2026-08-07,https://jobs.smartrecruiters.com/Canva/6000000001295209,,phd,,fall,2026
canva-phd-research-scientist-intern-reinforcement-learning-images-2026,Canva,PhD Research Scientist Intern - Reinforcement Learning - Images,research,,closed,onsite,London,UK,—,unknown,false,,2026-08-06,https://jobs.smartrecruiters.com/Canva/6000000001292768,,phd,,fall,2026
capital-one-cyber-security-intern-2027,Capital One,Cyber Security Intern,security,,open,onsite,"McLean, VA +1",USA,—,no,false,,2026-08-03,https://capitalone.wd12.myworkdayjobs.com/en-US/Capital_One/job/Cyber-Security-Internship-Program---Summer-2027_R244319,,,,summer,2027
capital-one-data-analyst-intern-2027,Capital One,Data Analyst Intern,software-engineering,,open,onsite,"Mclean, VA",USA,—,unknown,false,,2026-07-07,https://www.capitalonecareers.com/job/mclean/data-analyst-intern-summer-2027/31238/97421687472,,,,summer,2027
capital-one-data-science-intern-2027,Capital One,Data Science Intern,data-science,,open,onsite,"Cambridge, MA +7",USA,—,unknown,false,,2026-07-20,https://capitalone.wd12.myworkdayjobs.com/Capital_One/job/McLean-VA/Current-PhD---Data-Science-Internship---Summer-2027_R244287-1,,phd,,summer,2027
capital-one-full-stack-software-engineer-intern-2026,Capital One,Full Stack Software Engineer Intern,software-engineering,,closed,onsite,Toronto,ON,—,unknown,false,,2026-07-30,https://capitalone.wd12.myworkdayjobs.com/Capital_One/job/Toronto-ON/Intern--Full-Stack-Software-Engineer---Fall-2026_R246990,,,,fall,2026
capital-one-master-s-data-science-internship-2027,Capital One,Master's Data Science Internship,data-science,,open,onsite,"Cambridge, MA +7",USA,—,unknown,false,,2026-07-20,https://capitalone.wd12.myworkdayjobs.com/Capital_One/job/McLean-VA/Current-Master-s---Data-Science-Internship---Summer-2027_R244285-1,,masters,,summer,2027
capital-one-product-development-internship-program-2027,Capital One,Product Development Internship Program,software-engineering,,closed,onsite,"Mclean, VA +1",USA,—,unknown,false,,2026-07-07,https://capitalone.wd12.myworkdayjobs.com/Capital_One/job/McLean-VA/Product-Development-Internship-Program---Summer-2027_R246020-1,,,,summer,2027
capital-one-software-engineer-intern-2027,Capital One,Software Engineer Intern,software-engineering,,open,onsite,"McLean, VA +2",USA,—,no,false,,2026-08-03,https://capitalone.wd12.myworkdayjobs.com/en-US/Capital_One/job/Technology-Internship-Program---Summer-2027_R244387-1,,,,summer,2027
capital-one-technology-intern-2027,Capital One,Technology Intern,software-engineering,,closed,onsite,"Plano, TX +2",USA,—,unknown,false,,2026-08-03,https://capitalone.wd12.myworkdayjobs.com/Capital_One/job/McLean-VA/Technology-Internship-Program---Summer-2027_R244387-1,,,,summer,2027
capula-trading-and-research-intern-2027,Capula,Trading and Research Intern,quant,,open,onsite,London,UK,—,unknown,false,,2026-08-08,https://apply.workable.com/capula-investment-management-ltd/j/A15A62A8BE/apply,,masters;phd,,summer,2027
carnegie-mellon-university-research-intern-school-of-computer-science-language-technolo-2026,Carnegie Mellon University,Research Intern - School of Computer Science - Language Technologies Institute,research,,closed,onsite,"Pittsburgh, PA",USA,—,unknown,false,,2026-07-22,https://cmu.wd5.myworkdayjobs.com/cmu/job/Pittsburgh-PA/Research-Intern---School-of-Computer-Science---LTI_2024870,,,,fall,2026
castleton-commodities-international-commodities-trading-analyst-intern-2027,Castleton Commodities International,Commodities Trading Analyst Intern,quant,,open,onsite,London,UK,—,unknown,false,,2026-07-21,https://osv-cci.wd1.myworkdayjobs.com/en-US/CCICareers/job/London-UK/Commodities-Trading-Summer-Analyst-Internship-Programme--Summer-2027-_R1335-1,,masters,,summer,2027
castleton-commodities-international-commodities-trading-analyst-internship-2027,Castleton Commodities International,Commodities Trading Analyst Internship,quant,,open,onsite,"Houston, TX +1",USA,—,unknown,false,,2026-07-21,https://osv-cci.wd1.myworkdayjobs.com/en-US/CCICareers/job/Houston-TX/Commodities-Trading-Summer-Analyst-Internship-Program--Summer-2027-Internship-_R1333-1,,masters,,summer,2027
castleton-commodities-international-data-engineering-intern-2027-45251c,Castleton Commodities International,Data Engineering Intern,data-engineering,,open,onsite,"Houston, TX +3",USA,—,unknown,false,,2026-07-21,https://osv-cci.wd1.myworkdayjobs.com/en-US/CCICareers/job/Stamford-CT/Data-Engineering-Internship--Summer-2027-_R1346,,,,summer,2027
castleton-commodities-international-data-engineering-intern-2027,Castleton Commodities International,Data Engineering Intern,data-engineering,,open,onsite,London,UK,—,unknown,false,,2026-07-21,https://osv-cci.wd1.myworkdayjobs.com/en-US/CCICareers/job/London/Data-Engineering-Internship--Summer-2027-_R1348,,masters,,summer,2027
castleton-commodities-international-data-science-machine-learning-intern-2027-011a44,Castleton Commodities International,Data Science Machine Learning Intern,machine-learning,,open,onsite,"Houston, TX +2",USA,—,unknown,false,,2026-07-21,https://osv-cci.wd1.myworkdayjobs.com/en-US/CCICareers/job/Stamford-CT/Data-Science-Machine-Learning-Internship--Summer-2027-_R1344,,,,summer,2027
castleton-commodities-international-data-science-machine-learning-intern-2027,Castleton Commodities International,Data Science Machine Learning Intern,machine-learning,,open,onsite,London,UK,—,unknown,false,,2026-07-21,https://osv-cci.wd1.myworkdayjobs.com/en-US/CCICareers/job/London-UK/Data-Science-Machine-Learning-Internship--Summer-2027-_R1345,,masters;phd,,summer,2027
castleton-commodities-international-front-office-software-engineer-intern-2027,Castleton Commodities International,Front Office Software Engineer Intern,software-engineering,,open,onsite,London,UK,—,unknown,false,,2026-07-21,https://osv-cci.wd1.myworkdayjobs.com/en-US/CCICareers/job/London-UK/Front-Office-Software-Engineer-Internship--Summer-2027-_R1347,,masters,,summer,2027
castleton-commodities-international-full-stack-software-engineer-intern-2027,Castleton Commodities International,Full-Stack Software Engineer Intern,software-engineering,,open,onsite,"Houston, TX +1",USA,—,unknown,false,,2026-07-21,https://osv-cci.wd1.myworkdayjobs.com/en-US/CCICareers/job/Stamford-CT/Full-Stack-Software-Engineer-Internship--Summer-2027-_R1350,,,,summer,2027
ccc-intelligent-solutions-applied-ai-engineer-intern-2026,CCC Intelligent Solutions,Applied AI Engineer Intern,ai,,closed,onsite,"Chicago, IL",USA,—,unknown,false,,2026-07-27,https://cccis.wd1.myworkdayjobs.com/broadbean_external/job/Chicago-Green-St-IL/Applied-AI-Engineering-Intern_0014827,,,,fall,2026
ccc-intelligent-solutions-data-science-intern-r-d-2026,CCC Intelligent Solutions,Data Science Intern - R&D,data-science,,open,onsite,"Chicago, IL",USA,—,unknown,false,,2026-08-11,https://cccis.wd1.myworkdayjobs.com/broadbean_external/job/Chicago-Green-St-IL/R-D---Data-Science-Internship-Fall-2026_0014841,,masters;phd,,fall,2026
center-for-ai-safety-research-engineer-intern-2026,Center for AI Safety,Research Engineer Intern,research,,closed,onsite,SF,USA,—,unknown,false,,2026-03-09,https://jobs.lever.co/aisafety/e011814b-9a80-43d6-bb0c-cc153ea4bec4/apply,,,,fall,2026
centerfield-frontend-engineer-intern-2026,Centerfield,Frontend Engineer Intern,software-engineering,,open,onsite,LA,USA,—,unknown,false,,2026-08-06,https://jobs.ashbyhq.com/centerfield/1d7eacc1-37f7-478c-9b0a-fa7974f1a9e4/application?embed=true,,,,fall,2026
centerfield-product-manager-intern-2026,Centerfield,Product Manager Intern,product,,closed,onsite,LA,USA,—,unknown,false,,2026-06-12,https://jobs.ashbyhq.com/centerfield/92a124aa-9efd-4dbd-90f1-6319be7706b2/application?embed=true,,,,fall,2026
centerstone-bachelor-level-intern-2026,Centerstone,Bachelor Level Intern,software-engineering,,open,onsite,"Richmond, IN +4",USA,—,unknown,false,,2026-07-08,https://centerstone.wd5.myworkdayjobs.com/centerstonecareers/job/Bloomington-Indiana/Bachelor-Level-Intern-Late-Fall-Semester_JR-032217,,,,fall,2026
chamberlain-group-community-product-management-intern-summer-2027-2027,Chamberlain Group,Community Product Management Intern - Summer 2027,product,,open,onsite,"Oak Brook, IL",USA,—,unknown,false,,2026-08-10,https://chamberlain.wd1.myworkdayjobs.com/Chamberlain_Group/job/Oak-Brook-IL/Intern--Community-Product-Management--Summer-2026-_JR31309,,,,summer,2027
chanel-data-intern-global-data-program-2026,Chanel,Data Intern - Global Data Program,software-engineering,,open,onsite,London,UK,—,unknown,false,,2026-07-27,https://cc.wd3.myworkdayjobs.com/ChanelCareers/job/London/Data-Intern---Global-Data-Program--H-F-X----September-2026_JOBREQ00115336,,masters,,fall,2026
chevron-corporation-earth-science-intern-2026,Chevron Corporation,Earth Science Intern,software-engineering,,closed,onsite,"Houston, TX",USA,—,unknown,false,,2026-07-14,https://chevron.wd5.myworkdayjobs.com/University/job/Houston-Texas-United-States-of-America/XMLNAME-2026-2027-Earth-Science-Intern_R000072409,,masters;phd,,fall,2026
chevron-corporation-intern-2026,Chevron Corporation,Intern,software-engineering,,open,onsite,"Houston, TX",USA,—,unknown,false,,2026-07-20,https://chevron.wd5.myworkdayjobs.com/University/job/Houston-1400-Smith-Street/XMLNAME-2026-2027-Supply---Trading-TAMU-TRIP-Program---Full-Time_R000072489,,,,fall,2026
chevron-corporation-previous-intern-earth-scientist-2026,Chevron Corporation,Previous Intern - Earth Scientist,software-engineering,,closed,onsite,"Houston, TX",USA,—,unknown,false,,2026-07-10,https://chevron.wd5.myworkdayjobs.com/University/job/Houston-Texas-United-States-of-America/XMLNAME-2026-2027-Earth-Scientist--Previous-Intern--Full-Time_R000072337,,masters;phd,,fall,2026
chevron-corporation-software-engineer-intern-information-technology-software-eng-2026,Chevron Corporation,Software Engineer Intern - Information Technology - Software Engineer,software-engineering,,open,onsite,"Houston, TX",USA,—,unknown,false,,2026-07-16,https://chevron.wd5.myworkdayjobs.com/University/job/Houston-Texas-United-States-of-America/XMLNAME-2026-2027-Information-Technology---Software-Engineer---Intern_R000072398-1,,masters,,fall,2026
chevron-corporation-supply-trading-tamu-trip-program-intern-2026,Chevron Corporation,Supply & Trading TAMU TRIP Program Intern,quant,,open,onsite,"Houston, TX",USA,—,unknown,false,,2026-07-20,https://chevron.wd5.myworkdayjobs.com/University/job/Houston-1400-Smith-Street/XMLNAME-2026-2027-Supply---Trading-TAMU-TRIP-Program-Intern_R000072487,,,,fall,2026
chevron-corporation-supply-trading-trip-program-intern-2026,Chevron Corporation,Supply & Trading TRIP Program Intern,quant,,open,onsite,"Houston, TX",USA,—,unknown,false,,2026-07-20,https://chevron.wd5.myworkdayjobs.com/University/job/Houston-1400-Smith-Street/XMLNAME-2026-2027-Supply---Trading-TAMU-TRIP-Program-Intern_R000072485,,,,fall,2026
chicago-trading-company-quant-trading-intern-2027-5f6b11,Chicago Trading Company,Quant Trading Intern,quant,,open,onsite,"Chicago, IL",USA,—,unknown,false,,2026-07-20,https://job-boards.greenhouse.io/ctccampusboard/jobs/4708188005,,,,summer,2027
chicago-trading-company-quant-trading-intern-2027-8db8a1,Chicago Trading Company,Quant Trading Intern,quant,,open,onsite,London,UK,—,unknown,false,,2026-07-21,https://job-boards.greenhouse.io/ctccampusboard/jobs/4709545005,,masters,,summer,2027
chicago-trading-company-quant-trading-intern-2027-927f62,Chicago Trading Company,Quant Trading Intern,quant,,open,onsite,London,UK,—,unknown,false,,2026-08-03,https://job-boards.greenhouse.io/chicagotradingcampus/jobs/4718710005,,masters,,summer,2027
chicago-trading-company-quant-trading-intern-2027,Chicago Trading Company,Quant Trading Intern,quant,,open,onsite,"Chicago, IL",USA,—,unknown,false,,2026-08-03,https://job-boards.greenhouse.io/chicagotradingcampus/jobs/4716930005,,masters,,summer,2027
chicago-trading-company-software-engineer-intern-2027-031e06,Chicago Trading Company,Software Engineer Intern,software-engineering,,open,onsite,"Chicago, IL",USA,—,unknown,false,,2026-07-20,https://job-boards.greenhouse.io/ctccampusboard/jobs/4708230005,,masters,,summer,2027
chicago-trading-company-software-engineer-intern-2027,Chicago Trading Company,Software Engineer Intern,software-engineering,,open,onsite,"Chicago, IL",USA,—,unknown,false,,2026-08-03,https://job-boards.greenhouse.io/chicagotradingcampus/jobs/4716932005,,masters,,summer,2027
ciena-embedded-software-engineer-intern-2026-170b0b,Ciena,Embedded Software Engineer Intern,embedded,,closed,onsite,Ottawa,ON,—,unknown,false,,2026-06-23,https://ciena.wd5.myworkdayjobs.com/Careers/job/Ottawa/Embedded-Software-Engineer-Intern--4-months---September-2026-_R031232,,masters,,fall,2026
ciena-embedded-software-engineer-intern-2026,Ciena,Embedded Software Engineer Intern,embedded,,closed,onsite,Ottawa,ON,—,unknown,false,,2026-06-23,https://ciena.wd5.myworkdayjobs.com/Careers/job/Ottawa/Embedded-Software-Engineer-Intern--4-months---September-2026-_R031219,,masters,,fall,2026
ciena-optical-modem-hardware-intern-2026,Ciena,Optical Modem Hardware Intern,hardware,,closed,onsite,Ottawa,ON,—,unknown,false,,2026-06-17,https://ciena.wd5.myworkdayjobs.com/Careers/job/Ottawa/Fall-2026-Optical-Modem-Hardware-Intern--8-12-months-_R031214,,,,fall,2026
ciena-photonic-hardware-intern-2026,Ciena,Photonic Hardware Intern,hardware,,closed,onsite,Ottawa,ON,—,unknown,false,,2026-07-20,https://ciena.wd5.myworkdayjobs.com/Careers/job/Ottawa/Photonic-Hardware-Intern--4-12-Months-_R031366,,,,fall,2026
ciena-routing-ip-software-developer-intern-2026,Ciena,Routing/IP Software Developer Intern,software-engineering,,closed,onsite,Ottawa,ON,—,unknown,false,,2026-07-21,https://ciena.wd5.myworkdayjobs.com/Careers/job/Ottawa/Routing-IP-Software-Developer-Intern--4-8-Months-_R031326,,masters,,fall,2026
ciena-software-developer-intern-fall-2026-2026,Ciena,Software Developer Intern - Fall 2026,software-engineering,,open,onsite,Ottawa,ON,—,unknown,false,,2026-08-07,https://ciena.wd5.myworkdayjobs.com/Careers/job/Ottawa/Software-Developer-Intern---Fall-2026_R031492,,,,fall,2026
ciena-software-engineer-and-tools-developer-intern-2026,Ciena,Software Engineer and Tools Developer Intern,software-engineering,,closed,onsite,Ottawa,ON,—,unknown,false,,2026-06-12,https://ciena.wd5.myworkdayjobs.com/Careers/job/Ottawa/Software-Engineer-and-Tools-Developer-Intern--Fall-2026-_R028752,,,,fall,2026
ciena-software-engineer-intern-2026,Ciena,Software Engineer Intern,software-engineering,,closed,onsite,Ottawa,ON,—,unknown,false,,2026-07-27,https://ciena.wd5.myworkdayjobs.com/Careers/job/Ottawa/Software-Engineering-Intern_R031372,,,,fall,2026
ciena-software-engineer-intern-2027,Ciena,Software Engineer Intern,software-engineering,,open,onsite,Edinburgh,UK,—,unknown,false,,2026-07-21,https://ciena.wd5.myworkdayjobs.com/Careers/job/UK--Edinburgh---19A-Canning-St/Software-Engineering-Intern--3-12-Months-_R031332,,,,summer,2027
ciena-software-liquid-spectrum-applications-intern-2026,Ciena,Software Liquid Spectrum Applications Intern,software-engineering,,open,onsite,Ottawa,ON,—,unknown,false,,2026-07-28,https://ciena.wd5.myworkdayjobs.com/Careers/job/Ottawa/Software-Liquid-Spectrum-Applications-Intern--Fall-2026-_R031412,,masters,,fall,2026
ciena-wavelogic-software-engineer-intern-2026,Ciena,WaveLogic Software Engineer Intern,software-engineering,,open,onsite,Ottawa,ON,—,unknown,false,,2026-07-31,https://ciena.wd5.myworkdayjobs.com/Careers/job/Ottawa/WaveLogic-Software---Intern_R031443,,,,fall,2026
ciena-wavelogic-systems-design-architecture-intern-2026,Ciena,Wavelogic Systems Design Architecture Intern,design,,open,onsite,Ottawa,ON,—,unknown,false,,2026-07-06,https://ciena.wd5.myworkdayjobs.com/Careers/job/Ottawa/WaveLogic-Systems-Design-Architecture-Intern--8-12-months-_R031286,,,,fall,2026
circle-k-analyst-intern-global-fuels-2026,Circle K,Analyst Intern - Global Fuels,software-engineering,,open,onsite,"Charlotte, NC",USA,—,unknown,false,,2026-07-20,https://circlek.wd3.myworkdayjobs.com/circlekstorejobs/job/Nonstore-B152-Charlotte-NC/Analyst-Intern---Global-Fuels_R606611,,masters,,fall,2026
circleback-software-engineer-intern-2027,Circleback,Software Engineer Intern,software-engineering,,open,onsite,SF,USA,—,unknown,false,,2026-07-15,https://jobs.ashbyhq.com/circleback/2bb6be67-d1a8-42f7-bb1b-64ee36bf613f/application?embed=true,,,,summer,2027
cirrus-logic-ai-business-analytics-co-op-intern-2026,Cirrus Logic,AI Business Analytics Co-op Intern,ai,,closed,onsite,"Austin, TX",USA,—,unknown,false,,2026-07-20,https://jobs.eu.lever.co/cirrus/f85c944c-d437-4685-9f04-c7b79ae65ecb/apply,,,,fall,2026
cirrus-logic-embedded-software-ai-intern-co-op-2026,Cirrus Logic,Embedded Software AI Intern Co-op,ai,,closed,onsite,"Austin, TX",USA,—,unknown,false,,2026-06-23,https://jobs.eu.lever.co/cirrus/3d6df577-91f6-4b58-9e7f-c982e49ff515/apply,,,,fall,2026
cirrus-logic-embedded-software-test-engineer-intern-2026,Cirrus Logic,Embedded Software Test Engineer Intern,embedded,,open,onsite,"Austin, TX",USA,—,unknown,false,,2026-07-31,https://jobs.eu.lever.co/cirrus/2926421c-691a-434a-ae59-c828e7fcbf5b,,,,fall,2026
citadel-investment-trading-intern-2026,Citadel,Investment & Trading Intern,quant,,open,onsite,London +1,UK,—,unknown,false,,2026-07-13,https://www.citadel.com/careers/details/investment-trading-intern-europe/,,masters;phd,,fall,2026
citadel-quantitative-trader-equity-quantitative-research-intern-2026,Citadel,Quantitative Trader: Equity Quantitative Research Intern,quant,,open,onsite,NYC,USA,—,unknown,false,,2026-07-07,https://www.citadel.com/careers/details/quantitative-trader-equity-quantitative-research-intern-us/,,,,fall,2026
citadel-sector-data-analyst-intern-2026,Citadel,Sector Data Analyst Intern,software-engineering,,open,onsite,London,UK,—,unknown,false,,2026-08-01,https://www.citadel.com/careers/details/sector-data-analyst-intern-europe/,,,,fall,2026
citadel-sector-data-scientist-intern-2027,Citadel,Sector Data Scientist Intern,data-science,,open,onsite,NYC,USA,—,unknown,false,,2026-08-10,https://www.citadel.com/careers/details/sector-data-scientist-2027-intern-us/,,,,summer,2027
citadel-software-engineer-intern-2026,Citadel,Software Engineer Intern,software-engineering,,open,onsite,London,UK,—,unknown,false,,2026-07-13,https://www.citadel.com/careers/details/software-engineer-intern-europe/,,masters;phd,,fall,2026
citadel-software-engineer-intern-2027,Citadel,Software Engineer Intern,software-engineering,,open,onsite,"New York, NY +3",USA,—,unknown,false,,2026-07-07,https://www.citadel.com/careers/details/software-engineer-intern-us/,,,,summer,2027
citadel-trader-fixed-income-macro-intern-2026,Citadel,Trader: Fixed Income & Macro Intern,software-engineering,,open,onsite,"Greenwich, CT +2",USA,—,unknown,false,,2026-07-06,https://www.citadel.com/careers/details/trader-fixed-income-macro-intern-us/,,masters;phd,,fall,2026
citadel-securities-fpga-engineer-intern-2026,Citadel Securities,FPGA Engineer Intern,hardware,,open,onsite,"Miami, FL +1",USA,—,unknown,false,,2026-07-06,https://www.citadelsecurities.com/careers/details/fpga-engineer-intern-us/,,masters;phd,,fall,2026
citadel-securities-rates-trading-intern-2026,Citadel Securities,Rates Trading Intern,quant,,open,onsite,London +1,UK,—,unknown,false,,2026-07-13,https://www.citadelsecurities.com/careers/details/rates-trading-intern-europe/,,masters,,fall,2026
citadel-securities-software-engineer-intern-2026-130582,Citadel Securities,Software Engineer Intern,software-engineering,,open,onsite,"Miami, FL +1",USA,—,unknown,false,,2026-07-06,https://www.citadelsecurities.com/careers/details/software-engineer-intern-us/,,masters;phd,,fall,2026
citadel-securities-software-engineer-intern-2026,Citadel Securities,Software Engineer Intern,software-engineering,,open,onsite,London,UK,—,unknown,false,,2026-07-15,https://www.citadelsecurities.com/careers/details/software-engineer-intern-europe/,,masters;phd,,fall,2026
city-of-aurora-water-gis-intern-2026,City of Aurora,Water GIS Intern,software-engineering,,closed,onsite,"Aurora, CO",USA,—,unknown,false,,2026-07-13,https://auroragov.wd1.myworkdayjobs.com/careers/job/Daniel-P-Mikesell-Building-Southeast-Area-Maintenance-Facility--SEAM/Water-GIS-Intern_JR109039,,,,fall,2026
city-of-austin-austin-aviation-undergraduate-intern-it-business-systems-ana-2026,City of Austin,Austin Aviation Undergraduate Intern - IT Business Systems Analyst,software-engineering,,closed,onsite,"Austin, TX",USA,—,unknown,false,,2026-07-24,https://austintexas.wd5.myworkdayjobs.com/COA_Careers/job/AUS-Information-Systems-Building-IS/Austin-Aviation--IT-Business-Systems-Analyst---Undergraduate-Intern_JR104583,,,,fall,2026
city-of-austin-business-intelligence-intern-business-intelligence-2026,City of Austin,Business Intelligence Intern - Business Intelligence,software-engineering,,open,onsite,USA,USA,—,unknown,false,,2026-07-31,https://austintexas.wd5.myworkdayjobs.com/COA_Careers/job/Fire-Headquarters/Business-Intelligence-Internship_JR104636,,masters,,fall,2026
city-of-austin-research-analyst-intern-2026,City of Austin,Research Analyst Intern,research,,open,onsite,USA,USA,—,unknown,false,,2026-07-31,https://austintexas.wd5.myworkdayjobs.com/COA_Careers/job/Fire-Headquarters/Research-Analyst-Internship_JR104634,,,,fall,2026
city-of-manhattan-kansas-gis-planning-intern-2026,City of Manhattan Kansas,GIS Planning Intern,software-engineering,,open,onsite,"Manhattan, KS",USA,—,unknown,false,,2026-08-07,https://recruiting.paylocity.com/Recruiting/Jobs/Details/4377573,,,,fall,2026
cloudflare-accounting-intern-fall-2026-2027,Cloudflare,Accounting Intern (Fall 2026),software-engineering,,open,onsite,In-Office,USA,—,unknown,false,,2026-08-03,https://boards.greenhouse.io/cloudflare/jobs/7902104?gh_jid=7902104,,,,summer,2027
cloudflare-ai-builder-intern-global-customer-engineering-service-sales-2026,Cloudflare,AI Builder Intern - Global Customer Engineering - Service Sales,ai,,open,onsite,London,UK,—,unknown,false,,2026-07-06,https://boards.greenhouse.io/cloudflare/jobs/8044395,,masters,,fall,2026
cloudflare-ai-innovation-intern-service-sales-fall-2026-2027,Cloudflare,AI Innovation Intern – Service Sales (Fall 2026),ai,,open,onsite,In-Office,USA,—,unknown,false,,2026-07-06,https://boards.greenhouse.io/cloudflare/jobs/8044395?gh_jid=8044395,,,,summer,2027
cloudflare-brand-social-media-intern-fall-2026-2027,Cloudflare,Brand Social Media Intern (Fall 2026),software-engineering,,open,onsite,In-Office,USA,—,unknown,false,,2026-07-10,https://boards.greenhouse.io/cloudflare/jobs/8054093?gh_jid=8054093,,,,summer,2027
cloudflare-customer-advocacy-intern-fall-2026-2027,Cloudflare,Customer Advocacy Intern (Fall 2026),software-engineering,,closed,onsite,In-Office,USA,—,unknown,false,,2026-07-31,https://boards.greenhouse.io/cloudflare/jobs/8093127?gh_jid=8093127,,,,summer,2027
cloudflare-eiam-business-enablement-operations-intern-fall-2026-2027,Cloudflare,EIAM Business Enablement & Operations Intern (Fall 2026),software-engineering,,closed,onsite,In-Office,USA,—,unknown,false,,2026-07-17,https://boards.greenhouse.io/cloudflare/jobs/8068479?gh_jid=8068479,,,,summer,2027
cloudflare-grc-team-intern-fall-2026-2027,Cloudflare,GRC Team Intern (Fall 2026),software-engineering,,closed,onsite,In-Office,USA,—,unknown,false,,2026-08-04,https://boards.greenhouse.io/cloudflare/jobs/8095533?gh_jid=8095533,,,,summer,2027
cloudflare-marketing-events-and-campaigns-intern-fall-2026-2027,Cloudflare,Marketing Events and Campaigns Intern (Fall 2026),software-engineering,,closed,onsite,In-Office,USA,—,unknown,false,,2026-07-09,https://boards.greenhouse.io/cloudflare/jobs/8053546?gh_jid=8053546,,,,summer,2027
cloudflare-marketing-programs-and-analytics-intern-2026,Cloudflare,Marketing Programs and Analytics Intern,software-engineering,,open,onsite,"Austin, TX",USA,—,unknown,false,,2026-08-04,https://boards.greenhouse.io/cloudflare/jobs/8104138,,,,fall,2026
cloudflare-marketing-programs-and-analytics-intern-fall-2026-2027,Cloudflare,Marketing Programs and Analytics Intern (Fall 2026),software-engineering,,open,onsite,In-Office,USA,—,unknown,false,,2026-08-03,https://boards.greenhouse.io/cloudflare/jobs/8104138?gh_jid=8104138,,,,summer,2027
cloudflare-network-strategy-intern-fall-2026-2027-5d3266,Cloudflare,Network Strategy Intern (Fall 2026),software-engineering,,open,onsite,In-Office,USA,—,unknown,false,,2026-07-01,https://boards.greenhouse.io/cloudflare/jobs/8031027?gh_jid=8031027,,,,summer,2027
cloudflare-network-strategy-intern-fall-2026-2027,Cloudflare,Network Strategy Intern (Fall 2026),software-engineering,,open,onsite,In-Office,USA,—,unknown,false,,2026-06-26,https://boards.greenhouse.io/cloudflare/jobs/8013562?gh_jid=8013562,,,,summer,2027
cloudflare-professional-services-intern-global-customer-services-fall-2-2027,Cloudflare,Professional Services Intern – Global Customer Services (Fall 2026),software-engineering,,open,onsite,In-Office,USA,—,unknown,false,,2026-04-10,https://boards.greenhouse.io/cloudflare/jobs/7796077?gh_jid=7796077,,,,summer,2027
cloudflare-public-policy-intern-2027,Cloudflare,Public Policy Intern,software-engineering,,closed,onsite,Hybrid,USA,—,unknown,false,,2026-07-10,https://boards.greenhouse.io/cloudflare/jobs/8053437?gh_jid=8053437,,,,summer,2027
cloudflare-research-engineer-intern-2026-efe410,Cloudflare,Research Engineer Intern,research,,open,onsite,London,UK,—,unknown,false,,2026-07-29,https://boards.greenhouse.io/cloudflare/jobs/8089407,,,,fall,2026
cloudflare-research-engineer-intern-2026,Cloudflare,Research Engineer Intern,research,,open,onsite,"Austin, TX",USA,—,unknown,false,,2026-07-28,https://boards.greenhouse.io/cloudflare/jobs/8089379,,,,fall,2026
cloudflare-research-engineer-intern-fall-2026-2027-7a494f,Cloudflare,Research Engineer Intern (Fall 2026),research,,open,onsite,In-Office,USA,—,unknown,false,,2026-07-28,https://boards.greenhouse.io/cloudflare/jobs/8089400?gh_jid=8089400,,,,summer,2027
cloudflare-research-engineer-intern-fall-2026-2027-8ae7b8,Cloudflare,Research Engineer Intern (Fall 2026),research,,open,onsite,In-Office,USA,—,unknown,false,,2026-07-29,https://boards.greenhouse.io/cloudflare/jobs/8089407?gh_jid=8089407,,,,summer,2027
cloudflare-research-engineer-intern-fall-2026-2027,Cloudflare,Research Engineer Intern (Fall 2026),research,,open,onsite,In-Office,USA,—,unknown,false,,2026-07-28,https://boards.greenhouse.io/cloudflare/jobs/8089379?gh_jid=8089379,,,,summer,2027
cloudflare-sales-project-manager-intern-ai-innovation-fall-2026-2027,Cloudflare,Sales Project Manager Intern (AI Innovation) (Fall 2026),ai,,closed,onsite,In-Office,USA,—,unknown,false,,2026-06-23,https://boards.greenhouse.io/cloudflare/jobs/8020830?gh_jid=8020830,,,,summer,2027
cloudflare-software-engineer-intern-2026-7af818,Cloudflare,Software Engineer Intern,software-engineering,,open,onsite,"Austin, TX",USA,—,unknown,false,,2026-07-28,https://job-boards.greenhouse.io/cloudflare/jobs/8052785?gh_jid=8052785,,,,fall,2026
cloudflare-software-engineer-intern-2026,Cloudflare,Software Engineer Intern,software-engineering,,open,onsite,"Austin, TX",USA,—,unknown,false,,2026-07-15,https://boards.greenhouse.io/cloudflare/jobs/8052785,,,,fall,2026
cloudflare-software-engineer-intern-fall-2026-2027,Cloudflare,Software Engineer Intern (Fall 2026),software-engineering,,open,onsite,In-Office,USA,—,unknown,false,,2026-08-10,https://boards.greenhouse.io/cloudflare/jobs/8118845?gh_jid=8118845,,,,summer,2027
cloudflare-software-engineer-intern-fall-2026-austin-tx-2027,Cloudflare,"Software Engineer Intern (Fall 2026) - Austin, TX",software-engineering,,open,onsite,In-Office,USA,—,unknown,false,,2026-07-14,https://boards.greenhouse.io/cloudflare/jobs/8052785?gh_jid=8052785,,,,summer,2027
cloudflare-systems-engineer-data-residency-intern-global-resource-manag-2026,Cloudflare,Systems Engineer – Data Residency Intern - Global Resource Management,software-engineering,,open,onsite,"Austin, TX",USA,—,unknown,false,,2026-07-01,https://boards.greenhouse.io/cloudflare/jobs/8015230,,,,fall,2026
cloudflare-technical-marketing-intern-fall-2026-2027,Cloudflare,Technical Marketing Intern (Fall 2026),software-engineering,,closed,onsite,In-Office,USA,—,unknown,false,,2026-08-03,https://boards.greenhouse.io/cloudflare/jobs/8104024?gh_jid=8104024,,,,summer,2027
cloudflare-technical-support-engineer-intern-fall-2026-2027,Cloudflare,Technical Support Engineer Intern (Fall 2026),software-engineering,,closed,onsite,In-Office,USA,—,unknown,false,,2026-07-03,https://boards.greenhouse.io/cloudflare/jobs/8041135?gh_jid=8041135,,,,summer,2027
cloudflare-u-s-public-policy-and-ai-innovation-intern-fall-2026-2027,Cloudflare,U.S. Public Policy and AI Innovation Intern (Fall 2026),ai,,open,onsite,In-Office,USA,—,unknown,false,,2026-08-04,https://boards.greenhouse.io/cloudflare/jobs/8105728?gh_jid=8105728,,,,summer,2027
clyde-companies-application-development-intern-2026,Clyde Companies,Application Development Intern,software-engineering,,open,onsite,"Orem, UT",USA,—,unknown,false,,2026-07-20,https://careers.clydeinc.com/jobs/24398?icims=1,,,,fall,2026
clyde-companies-business-intelligence-intern-2026,Clyde Companies,Business Intelligence Intern,software-engineering,,open,onsite,"Orem, UT",USA,—,unknown,false,,2026-08-01,https://careers.clydeinc.com/jobs/22659?icims=1,,,,fall,2026
cme-group-quant-risk-management-intern-2026,CME Group,Quant Risk Management Intern,quant,,open,onsite,NYC,USA,—,unknown,false,,2026-04-13,https://cmegroup.wd1.myworkdayjobs.com/en-US/cme_careers/job/New-York---300-Vesey-Street/Quant-Risk-Management-Intern---Year-Round_34278,,masters;phd,,fall,2026
cno-financial-group-artificial-intelligence-information-technology-intern-ai-2027,CNO Financial Group,Artificial Intelligence Information Technology Intern - AI,ai,,closed,onsite,"Carmel, IN",USA,—,unknown,false,,2026-08-03,https://cnoinc.wd5.myworkdayjobs.com/Careers/job/Carmel-IN/Artificial-Intelligence--AI--IT-Intern-2027---REMOTE_JR170389,,,,summer,2027
cno-financial-group-cyber-security-it-intern-2027,CNO Financial Group,Cyber Security IT Intern,security,,open,onsite,"Carmel, IN",USA,—,unknown,false,,2026-08-06,https://cnoinc.wd5.myworkdayjobs.com/careers/job/Carmel-IN/Cyber-Security-IT-Intern---REMOTE_JR170419?jr_id=6a70f504e2b7476e7b20bfd4,,,,summer,2027
cohere-machine-learning-intern-co-op-2026,Cohere,Machine Learning Intern/Co-op,machine-learning,,open,onsite,Canada +2,USA,—,unknown,false,,2026-05-13,https://jobs.ashbyhq.com/cohere/36d1f52f-8270-4652-adf5-5303a0ff341b/application,,,,fall,2026
cohere-research-internship-2026,Cohere,Research Internship,research,,closed,onsite,Montreal +3,QC,—,unknown,false,,2026-05-01,https://jobs.ashbyhq.com/cohere/73bd3e2b-6597-4124-b64b-1e5dbc32e785/application,,phd,,fall,2026
cohere-software-engineer-intern-2026,Cohere,Software Engineer Intern,software-engineering,,open,onsite,Toronto +2,ON,—,unknown,false,,2026-05-01,https://jobs.ashbyhq.com/cohere/8c035d3d-081d-4c8a-914a-72f4efaad254/application,,,,fall,2026
cohesity-data-cleansing-and-sales-enablement-analyst-intern-2026,Cohesity,Data Cleansing and Sales Enablement Analyst Intern,software-engineering,,open,onsite,London,UK,—,unknown,false,,2026-08-06,https://cohesity.wd5.myworkdayjobs.com/Cohesity_Careers/job/Cohesity---London/Data-Analyst--Intern--London_R04433,,,,fall,2026
colgate-palmolive-software-development-intern-2027,Colgate-Palmolive,Software Development Intern,software-engineering,,open,onsite,"Piscataway, NJ",USA,—,unknown,false,,2025-09-13,https://career4.successfactors.com/careers?career_ns=job_listing&company=colgate&selected_lang=nl-NL&career_job_req_id=169295,,,,winter,2027
colonist-product-developer-intern-2026,Colonist,Product Developer Intern,software-engineering,,closed,remote,Remote,,—,unknown,false,,2026-03-27,https://jobs.ashbyhq.com/colonist/b9285b46-6972-4443-b34f-8d74631a0dbd/application?embed=true,,,,fall,2026
commence-health-data-analyst-intern-2026,Commence,Health Data Analyst Intern,software-engineering,,open,onsite,"Virginia Beach, VA",USA,—,unknown,false,,2026-08-11,https://recruiting.paylocity.com/Recruiting/Jobs/Details/4408640,,,,fall,2026
commercial-metals-ai-intern-2026,Commercial Metals,AI Intern,ai,,open,onsite,"Irving, TX",USA,—,unknown,false,,2026-07-17,https://jobs.cmc.com/job/Irving-AI-Intern-TX-75039/1410297800/?ats=successfactors,,,,fall,2026
composio-full-stack-intern-2026,Composio,Full-stack Intern,software-engineering,,closed,onsite,SF,USA,—,unknown,false,,2026-07-17,https://jobs.ashbyhq.com/composio/4d819015-0b9a-466f-9b41-8e1cc1e5b6d9/application?embed=true,,,,fall,2026
connectprep-data-analyst-intern-2026,ConnectPrep,Data Analyst Intern,software-engineering,,open,onsite,"Washington, DC",USA,—,unknown,false,,2026-07-02,https://apply.workable.com/connectprep/j/C0CA13664F/apply,,,,fall,2026
conocophillips-gis-intern-2027,ConocoPhillips,GIS Intern,software-engineering,,closed,onsite,"Bartlesville, OK",USA,—,unknown,false,,2026-08-01,https://conocophillips.wd1.myworkdayjobs.com/External/job/Bartlesville-OK/GIS-Intern--Corporate-Land-2027_REQ-006208,,,,summer,2027
conocophillips-trading-analytics-intern-2027,ConocoPhillips,Trading Analytics Intern,quant,,open,onsite,"Houston, TX",USA,—,unknown,false,,2026-08-11,https://conocophillips.wd1.myworkdayjobs.com/External/job/Houston-TX/Intern--Trading-Analytics-2027_REQ-006429,,,,summer,2027
consensus-cloud-solutions-sales-strategy-analytics-intern-2026,Consensus Cloud Solutions,Sales Strategy & Analytics Intern,software-engineering,,closed,remote,Remote,,—,unknown,false,,2026-06-17,https://consensus.com/careers/jobs/?gh_jid=4688215006,,masters,,fall,2026
constellation-space-graduate-researcher-intern-machine-learning-2026,Constellation Space,Graduate Researcher Intern - Machine Learning,machine-learning,,open,onsite,"Seattle, WA",USA,—,unknown,false,,2026-07-15,https://jobs.ashbyhq.com/constellationspace/b763d4ba-7b77-479b-89a0-f632d9d02f4a/application?embed=true,,masters;phd,,fall,2026
copart-data-engineer-intern-2026,Copart,Data Engineer Intern,data-engineering,,closed,onsite,"Dallas, TX",USA,—,unknown,false,,2026-07-27,https://copart.wd12.myworkdayjobs.com/copart/job/Dallas-TX---Headquarters/Data-Engineering-Intern_JR110075,,masters;phd,,fall,2026
copart-software-engineer-intern-2026-2ceb13,Copart,Software Engineer Intern,software-engineering,,open,onsite,"Dallas, TX",USA,—,unknown,false,,2026-07-15,https://copart.wd12.myworkdayjobs.com/copart/job/Dallas-TX---Headquarters/Software-Engineering-Intern_JR109689,,,,fall,2026
copart-software-engineer-intern-2026-7f0d4f,Copart,Software Engineer Intern,software-engineering,,closed,onsite,"Dallas, TX",USA,—,yes,false,,2026-07-21,https://copart.wd12.myworkdayjobs.com/copart/job/Dallas-TX---Headquarters/Software-Engineering-Intern_JR110011,,,,fall,2026
copart-software-engineer-intern-2026-96e69d,Copart,Software Engineer Intern,software-engineering,,open,onsite,"Dallas, TX",USA,—,unknown,false,,2026-07-30,https://copart.wd12.myworkdayjobs.com/copart/job/Dallas-TX---Headquarters/Software-Engineering-Intern_JR109964,,masters,,fall,2026
copart-software-engineer-intern-2026-b163bc,Copart,Software Engineer Intern,software-engineering,,open,onsite,"Dallas, TX",USA,—,unknown,false,,2026-07-20,https://copart.wd12.myworkdayjobs.com/copart/job/Dallas-TX---Headquarters/Software-Engineering-Intern_JR110079,,,,fall,2026
copart-software-engineer-intern-2026-c30186,Copart,Software Engineer Intern,software-engineering,,closed,onsite,"Dallas, TX",USA,—,unknown,false,,2026-07-15,https://copart.wd12.myworkdayjobs.com/copart/job/Dallas-TX---Headquarters/Software-Engineering-Intern_JR109897,,masters,,fall,2026
copart-software-engineer-intern-2026-ded9c1,Copart,Software Engineer Intern,software-engineering,,closed,onsite,"Dallas, TX",USA,—,unknown,false,,2026-08-02,https://copart.wd12.myworkdayjobs.com/copart/job/Dallas-TX---Headquarters/Software-Engineering-Intern_JR110353,,,,fall,2026
copart-software-engineer-intern-2026-f7bf11,Copart,Software Engineer Intern,software-engineering,,open,onsite,"Dallas, TX",USA,—,unknown,false,,2026-07-30,https://copart.wd12.myworkdayjobs.com/copart/job/Dallas-TX---Headquarters/Software-Engineering-Intern_JR109965,,masters,,fall,2026
copart-software-engineer-intern-2026,Copart,Software Engineer Intern,software-engineering,,open,onsite,"Dallas, TX",USA,—,unknown,false,,2026-07-15,https://copart.wd12.myworkdayjobs.com/copart/job/Dallas-TX---Headquarters/Software-Engineering-Intern_JR109673,,masters,,fall,2026
copart-technology-product-analyst-intern-2026-928814,Copart,Technology Product Analyst Intern,software-engineering,,closed,onsite,"Dallas, TX",USA,—,unknown,false,,2026-07-23,https://copart.wd12.myworkdayjobs.com/copart/job/Dallas-TX---Headquarters/Technology-Product-Analyst-Intern_JR110078,,masters,,fall,2026
copart-technology-product-analyst-intern-2026,Copart,Technology Product Analyst Intern,software-engineering,,closed,onsite,"Dallas, TX",USA,—,unknown,false,,2026-07-20,https://copart.wd12.myworkdayjobs.com/copart/job/Dallas-TX---Headquarters/Technology-Product-Analyst-Intern_JR110077,,masters,,fall,2026
core-main-ai-ml-data-engineering-intern-2026,Core & Main,AI/ML Data Engineering Intern,machine-learning,,open,onsite,"St. Louis, MO",USA,—,no,false,,2026-07-27,https://coreandmain.wd1.myworkdayjobs.com/coreandmain/job/Saint-Louis-MO-63146/Intern---Data-Engineering----Corp_45804,,,,fall,2026
cotiviti-generative-ai-research-engineer-intern-2026,Cotiviti,Generative AI Research Engineer Intern,ai,,open,remote,Remote,,—,unknown,false,,2026-06-16,https://careers-cotiviti.icims.com/jobs/19341/job?mobile=true&needsRedirect=false,,phd,,fall,2026
ctgt-software-engineer-intern-2027,CTGT,Software Engineer Intern,software-engineering,,open,onsite,SF,USA,—,unknown,false,,2026-07-04,https://jobs.ashbyhq.com/ctgt/f657c2f5-125e-42b6-a68a-646bbea3d155/application,,,,summer,2027
cubist-systematic-strategies-quantitative-developer-intern-2027,Cubist Systematic Strategies,Quantitative Developer Intern,quant,,open,onsite,"New York, NY",USA,—,unknown,false,,2026-05-23,https://job-boards.greenhouse.io/embed/job_app?for=point72&jr_id=6a07069024dcb03739f1ec72&token=7297613002,,,,summer,2027
cuspai-chemistry-intern-mlff-distillation-gcmc-integration-2026,CuspAI,Chemistry Intern - MLFF Distillation & GCMC Integration,software-engineering,,open,onsite,London +1,UK,—,unknown,false,,2026-07-16,https://jobs.ashbyhq.com/cuspai/d7b80299-ed98-4dfe-b306-729cd10d3f04/application?embed=true,,masters;phd,,fall,2026
cybernetic-labs-forward-deployed-engineer-intern-2026,Cybernetic Labs,Forward Deployed Engineer Intern,software-engineering,,open,onsite,SF,USA,—,unknown,false,,2026-07-16,https://jobs.ashbyhq.com/netic/ffd6af1a-cebb-41f5-ac1d-e695adfd067c/application?embed=true,,,,fall,2026
cybernetic-labs-full-stack-software-engineer-intern-product-2026,Cybernetic Labs,Full-Stack Software Engineer Intern - Product,software-engineering,,open,onsite,SF,USA,—,unknown,false,,2026-07-16,https://jobs.ashbyhq.com/netic/f291394a-f3c5-4f46-9b87-77aea3d487ef/application?embed=true,,,,fall,2026
cybernetic-labs-software-engineer-intern-agent-platform-2026,Cybernetic Labs,Software Engineer Intern - Agent Platform,software-engineering,,open,onsite,SF,USA,—,unknown,false,,2026-07-16,https://jobs.ashbyhq.com/netic/b0ea7aab-8eea-4d31-96f9-278364180ae7/application?embed=true,,,,fall,2026
databricks-phd-genai-research-scientist-intern-2027,Databricks,PhD GenAI Research Scientist Intern,research,,open,onsite,San Francisco,USA,—,unknown,false,,2023-11-07,https://databricks.com/company/careers/open-positions/job?gh_jid=7011263002,,,,summer,2027
databricks-product-management-intern-2027,Databricks,Product Management Intern,product,,open,onsite,SF +2,USA,—,unknown,false,,2026-07-16,https://boards.greenhouse.io/embed/job_app?token=6883068002,,masters,,summer,2027
databricks-product-management-intern-summer-2027-2027,Databricks,Product Management Intern (Summer 2027),product,,open,onsite,Bellevue,USA,—,unknown,false,,2023-08-17,https://databricks.com/company/careers/open-positions/job?gh_jid=6883068002,,,,summer,2027
datadog-software-engineering-intern-2027,Datadog,Software Engineering Intern,software-engineering,,open,onsite,"Boston, MA +1",USA,—,unknown,false,,2025-08-18,https://careers.datadoghq.com/detail/6954161/?gh_jid=6954161,,,,winter,2027
datarobot-agentic-ai-intern-2026,DataRobot,Agentic AI Intern,ai,,open,remote,Remote,,—,unknown,false,,2026-07-15,https://datarobot.wd1.myworkdayjobs.com/en-US/DataRobot_External_Careers/job/Boston-Massachusetts-US/Agentic-AI-Intern_R-102729,,masters,,fall,2026
datasite-ai-transformation-forward-deployed-engineer-intern-forward-d-2026,Datasite,AI Transformation / Forward Deployed Engineer Intern - Forward Deployed Engineer,ai,,closed,onsite,NYC,USA,—,unknown,false,,2026-07-08,https://datasite.wd1.myworkdayjobs.com/datasite/job/USA---NY---New-York-City/AI-Transformation---Forward-Deployed-Engineer--FDE--Intern_R36255,,,,fall,2026
datasite-forward-deployed-engineer-intern-2026,Datasite,Forward Deployed Engineer Intern,software-engineering,,closed,onsite,"New York, NY",USA,—,yes,false,,2026-07-10,https://datasite.wd1.myworkdayjobs.com/en-GB/datasite/job/USA---NY---New-York-City/AI-Transformation---Forward-Deployed-Engineer--FDE--Intern_R36255,,,,fall,2026
de-shaw-software-developer-intern-2027,DE Shaw,Software Developer Intern,software-engineering,,open,onsite,"New York, NY",USA,—,unknown,false,,2026-07-07,https://www.deshaw.com/careers/software-developer-intern-new-york-summer-2027-5894,,,,summer,2027
dedalus-labs-forward-deployed-engineer-intern-2027,Dedalus Labs,Forward Deployed Engineer Intern,software-engineering,,open,onsite,"San Francisco, CA",USA,—,no,true,,2026-05-09,https://www.workatastartup.com/jobs/94400,,,,summer,2027
deepgram-software-engineer-intern-2026,Deepgram,Software Engineer Intern,software-engineering,,open,remote,Remote,,—,unknown,false,,2026-07-17,https://jobs.ashbyhq.com/deepgram/dc8693b5-72ce-4ca3-ab15-9c8434d35da1/application?embed=true,,,,fall,2026
deepgram-software-engineering-intern-2027,Deepgram,Software Engineering Intern,software-engineering,,open,onsite,USA,USA,—,unknown,false,,2026-07-24,https://jobs.ashbyhq.com/deepgram/dc8693b5-72ce-4ca3-ab15-9c8434d35da1,,,,summer,2027
definity-financial-data-analyst-co-op-intern-2026,Definity Financial,Data Analyst Co-op/Intern,software-engineering,,closed,onsite,Toronto,ON,—,unknown,false,,2026-06-16,https://hdks.fa.ca2.oraclecloud.com/hcmUI/CandidateExperience/en/sites/CX_1/job/9152,,,,fall,2026
definity-financial-data-specialist-co-op-intern-claim-operations-management-2026,Definity Financial,Data Specialist Co-op Intern - Claim Operations Management,software-engineering,,closed,onsite,Kitchener,ON,—,unknown,false,,2026-06-17,https://hdks.fa.ca2.oraclecloud.com/hcmUI/CandidateExperience/en/sites/CX_1/job/9148,,,,fall,2026
definity-financial-reporting-specialist-co-op-intern-2026,Definity Financial,Reporting Specialist Co-op/Intern,software-engineering,,closed,onsite,Mississauga +1,ON,—,unknown,false,,2026-06-16,https://hdks.fa.ca2.oraclecloud.com/hcmUI/CandidateExperience/en/sites/CX_1/job/9150,,,,fall,2026
definity-financial-technology-solutions-data-platform-engineering-co-op-intern-2026,Definity Financial,Technology Solutions Data Platform & Engineering Co-op/Intern,software-engineering,,closed,onsite,Toronto,ON,—,unknown,false,,2026-06-19,https://hdks.fa.ca2.oraclecloud.com/hcmUI/CandidateExperience/en/sites/CX_1/job/9124,,,,fall,2026
deloitte-ai-and-data-engineering-summer-scholar-intern-government-pub-2027,Deloitte,AI and Data Engineering Summer Scholar Intern - Government & Public Services,ai,,open,onsite,"Austin, TX",USA,—,unknown,false,,2026-08-11,https://apply.deloitte.com/en_US/careers/JobDetail/Consultative-Offerings-Government-Public-Services-Summer-Scholar-AI-and-Data-Engineering/362479,,,,summer,2027
delta-air-lines-intern-innovation-ai-engineering-2026,Delta Air Lines,"Intern, Innovation - AI Engineering",ai,,open,onsite,"Atlanta, GA",USA,—,no,false,,2026-06-24,https://delta.avature.net/en_US/careers/JobDetail?jobId=32774,,,,fall,2026
delta-dental-application-development-intern-2026,Delta Dental,Application Development Intern,software-engineering,,open,onsite,"Okemos, MI",USA,—,unknown,false,,2026-08-07,https://rhsc.wd5.myworkdayjobs.com/delta_dental_of_michigan/job/Okemos-MI/Internship---Application-Development_JR101382,,,,fall,2026
democratic-governors-association-data-and-coding-intern-2026,Democratic Governors Association,Data and Coding Intern,software-engineering,,closed,onsite,"Washington, DC",USA,—,unknown,false,,2026-07-08,https://jobs.lever.co/dga/cc41da12-5af0-41b6-b85e-301af4868bca/apply,,,,fall,2026
democratic-national-committee-dnc-technology-intern-2026,Democratic National Committee,DNC Technology Intern,software-engineering,,closed,onsite,"Washington, DC",USA,—,unknown,false,,2026-07-21,https://ats.rippling.com/democratic-national-committee/jobs/3f556194-5789-4d7c-bc00-35b9aea75e1d,,,,fall,2026
desjardins-group-data-intern-2026,Desjardins Group,Data Intern,software-engineering,,closed,onsite,Montreal +1,QC,—,unknown,false,,2026-05-11,https://desjardins.wd10.myworkdayjobs.com/Desjardins/job/Montral/Stage-en-donnes--Automne-2026_R2606248-2,,masters,,fall,2026
dexmate-frontend-engineer-intern-2026,Dexmate,Frontend Engineer Intern,software-engineering,,open,onsite,"Fremont, CA",USA,—,unknown,false,,2026-07-21,https://jobs.ashbyhq.com/dexmate/eac26b6f-1a53-441f-8e52-ee0a0b1bc119/application?embed=true,,,,fall,2026
didi-global-motion-planning-engineer-intern-2026,DiDi Global,Motion Planning Engineer Intern,software-engineering,,closed,onsite,"San Jose, CA",USA,—,unknown,false,,2026-07-11,https://job-boards.greenhouse.io/didi/jobs/8056492,,phd,,fall,2026
dimehealth-ai-forward-deployed-engineering-intern-2027,DimeHealth AI,Forward Deployed Engineering Intern,software-engineering,,open,onsite,"New York, NY",USA,—,yes,false,,2026-05-09,https://www.workatastartup.com/jobs/94211,,,,summer,2027
ditto-ditto-intern-program-2026,Ditto,Ditto Intern Program,software-engineering,,closed,onsite,"Atlanta, GA",USA,—,unknown,false,,2026-07-20,https://jobs.ashbyhq.com/ditto/cbece35a-bb1a-4c93-a866-510279b8756c/application?embed=true,,,,fall,2026
dnv-ai-research-intern-2026,DNV,AI Research Intern,ai,,closed,onsite,"Oakland, CA",USA,—,unknown,false,,2026-07-16,https://ecyq.fa.em2.oraclecloud.com/hcmUI/CandidateExperience/en/sites/CX_1/job/7094,,phd,,fall,2026
draper-microsystems-integration-intern-2026,Draper,Microsystems Integration Intern,software-engineering,,closed,onsite,"Cambridge, MA",USA,—,unknown,false,,2026-07-27,https://draper.wd5.myworkdayjobs.com/Draper_Careers/job/Cambridge-MA/Microsystems-Integration-Intern_JR002730,,,,fall,2026
droyd-robotics-machine-learning-intern-2026,Droyd Robotics,Machine Learning Intern,machine-learning,,open,onsite,SF,USA,—,unknown,false,,2026-07-04,https://jobs.ashbyhq.com/droyd/fd533fd8-65a7-41eb-bdf0-e75f02e739e9/application,,,,fall,2026
droyd-robotics-software-engineer-intern-2026,Droyd Robotics,Software Engineer Intern,software-engineering,,open,onsite,SF,USA,—,unknown,false,,2026-07-04,https://jobs.ashbyhq.com/droyd/8d46ed05-1b38-4c68-938e-f10b4c7d4694/application,,,,fall,2026
drw-ai-ml-research-intern-2027,DRW,AI/ML Research Intern,machine-learning,,open,onsite,Montréal,USA,—,unknown,false,,2026-07-31,https://www.drw.com/work-at-drw/listings/aiml-research-intern-3466679,,,,summer,2027
drw-fpga-intern-2027,DRW,FPGA Intern,hardware,,open,onsite,"Chicago, IL",USA,—,yes,false,,2026-07-31,https://www.drw.com/work-at-drw/listings/fpga-intern-3484423,,,,summer,2027
drw-platform-engineer-intern-2027,DRW,Platform Engineer Intern,cloud,,open,onsite,"Chicago, IL",USA,—,unknown,false,,2026-07-31,https://www.drw.com/work-at-drw/listings/platform-engineer-intern-3468737,,,,summer,2027
drw-quantitative-research-intern-2027,DRW,Quantitative Research Intern,quant,,open,onsite,"Chicago, IL +1",USA,—,unknown,false,,2026-07-31,https://www.drw.com/work-at-drw/listings/quantitative-research-intern-3413670,,,,summer,2027
drw-quantitative-trading-analyst-intern-2027-64db71,DRW,Quantitative Trading Analyst Intern,quant,,open,onsite,"Chicago, IL",USA,—,unknown,false,,2026-07-31,https://www.drw.com/work-at-drw/listings/quantitative-trading-analyst-intern-3375090,,,,summer,2027
drw-quantitative-trading-analyst-intern-2027,DRW,Quantitative Trading Analyst Intern,quant,,open,onsite,London,UK,—,unknown,false,,2026-07-13,https://job-boards.greenhouse.io/drweng/jobs/7957243,,masters;phd,,summer,2027
drw-software-developer-intern-2027-3fd2b0,DRW,Software Developer Intern,software-engineering,,open,onsite,"Chicago, IL",USA,—,unknown,false,,2026-07-31,https://www.drw.com/work-at-drw/listings/software-developer-intern-3467328,,,,summer,2027
drw-software-developer-intern-2027,DRW,Software Developer Intern,software-engineering,,open,onsite,Montréal,USA,—,unknown,false,,2026-07-31,https://www.drw.com/work-at-drw/listings/software-developer-intern-3466687,,,,summer,2027
dtcc-product-management-intern-2027,DTCC,Product Management Intern,product,,closed,onsite,"Tampa, FL +1",USA,—,unknown,false,,2026-07-08,https://ebxr.fa.us2.oraclecloud.com/hcmUI/CandidateExperience/en/sites/CX_1/job/214160,,,,summer,2027
duku-ai-tech-intern-visiting-2026,Duku AI,Tech Intern - Visiting,software-engineering,,closed,onsite,London,UK,—,unknown,false,,2026-07-21,https://ats.rippling.com/duku-ai/jobs/d6140320-add8-4c23-80b0-5253e87d7c84,,,,fall,2026
duracell-electronics-tech-intern-2026,Duracell,Electronics Tech Intern,software-engineering,,open,onsite,"Atlanta, GA",USA,—,unknown,false,,2026-07-14,https://fa-ewub-saasfaprod1.fa.ocs.oraclecloud.com/hcmUI/CandidateExperience/en/sites/CX_26/job/1330,,,,fall,2026
dv-group-quantitative-risk-intern-2027,DV Group,Quantitative Risk Intern,quant,,open,onsite,"Chicago, IL",USA,—,unknown,false,,2026-08-04,https://job-boards.greenhouse.io/dvtrading/jobs/4719118005,,,,summer,2027
dv-trading-software-engineer-intern-2027,DV Trading,Software Engineer Intern,software-engineering,,open,onsite,NYC,USA,—,unknown,false,,2026-08-11,https://job-boards.greenhouse.io/dvtrading/jobs/4719119005,,,,summer,2027
dv-trading-software-engineer-intern-dv-commodities-2027,DV Trading,Software Engineer Intern - DV Commodities,software-engineering,,open,onsite,London,UK,—,unknown,false,,2026-08-11,https://job-boards.greenhouse.io/dvtrading/jobs/4719125005,,,,summer,2027
east-penn-manufacturing-company-data-engineer-intern-2026,East Penn Manufacturing Company,Data Engineer Intern,data-engineering,,open,onsite,"Ann Arbor, MI",USA,—,unknown,false,,2026-07-27,https://careers-eastpennmanufacturing.icims.com/jobs/30007/job?mobile=true&needsRedirect=false,,,,fall,2026
east-penn-manufacturing-company-power-bi-analytics-intern-2026,East Penn Manufacturing Company,Power BI & Analytics Intern,software-engineering,,open,onsite,"Ann Arbor, MI",USA,—,unknown,false,,2026-07-27,https://careers-eastpennmanufacturing.icims.com/jobs/30020/job?mobile=true&needsRedirect=false,,,,fall,2026
edgetrace-ai-full-stack-engineering-intern-2027,EdgeTrace,AI Full-Stack Engineering Intern,ai,,open,onsite,"San Mateo, CA",USA,—,unknown,false,,2025-12-09,https://www.workatastartup.com/jobs/86239,,,,winter,2027
egra-ai-researcher-intern-2026,Egra,AI Researcher Intern,ai,,open,onsite,NYC,USA,—,unknown,false,,2026-07-21,https://jobs.ashbyhq.com/egra/6f295102-6330-4a9e-9fc4-9b414e620003/application?embed=true,,,,fall,2026
eight-sleep-prototype-test-engineer-intern-new-product-development-2026,Eight Sleep,Prototype & Test Engineer Intern - New Product Development,software-engineering,,closed,onsite,SF,USA,—,unknown,false,,2026-07-02,https://jobs.ashbyhq.com/eightsleep/26d71b34-8a04-45e4-8c39-980688779dc3/application,,masters,,fall,2026
eko-health-clinical-product-strategy-intern-clinical-technology-2026,Eko Health,Clinical Product Strategy Intern - Clinical Technology,software-engineering,,closed,remote,Remote,,—,unknown,false,,2026-08-04,https://jobs.lever.co/ekohealth/ff0ee63d-4733-4c97-b3c5-0a6f1e303f1d/apply,,,,fall,2026
electronic-arts-software-engineer-intern-2026,Electronic Arts,Software Engineer Intern,software-engineering,,open,onsite,Vancouver,Canada,—,no,false,,2026-04-20,https://jobs.ea.com/en_US/careers/JobDetail/Software-Engineer-Intern/210894,,,,fall,2026
ensemble-health-partners-data-scientist-intern-2026,Ensemble Health Partners,Data Scientist Intern,data-science,,open,remote,Remote,,—,unknown,false,,2026-07-17,https://ensemblehp.wd5.myworkdayjobs.com/ensemblehealthpartnerscareers/job/Remote---Nationwide/Data-Scientist--AI_R048077,,masters,,fall,2026
ensemble-health-partners-engineering-excellence-intern-2026,Ensemble Health Partners,Engineering Excellence Intern,software-engineering,,open,remote,Remote,,—,unknown,false,,2026-07-17,https://ensemblehp.wd5.myworkdayjobs.com/ensemblehealthpartnerscareers/job/Remote---Nationwide/Engineering-Excellence-Intern_R048023,,masters,,fall,2026
entergy-power-delivery-intern-2026,Entergy,Power Delivery Intern,software-engineering,,closed,onsite,"New Orleans, LA",USA,—,unknown,false,,2026-07-17,https://jobs.entergy.com/job/New-Orleans-Power-Delivery-Fall-2026-Intern-Loui/1410233500/?ats=successfactors,,masters,,fall,2026
environmental-defense-fund-climate-health-intern-2026,Environmental Defense Fund,Climate & Health Intern,software-engineering,,closed,onsite,NYC,USA,—,unknown,false,,2026-07-09,https://osv-edf.wd5.myworkdayjobs.com/en-US/Confidential/job/Remote---US-Home/Climate---Health-Intern_REQ-002561,,,,fall,2026
epic-games-machine-learning-intern-2027,Epic Games,Machine Learning Intern,machine-learning,,open,onsite,Canada +2,USA,—,unknown,false,,2026-08-07,https://epicgames.com/careers/jobs/6138134004?gh_jid=6138134004,,masters;phd,,summer,2027
epic-games-machine-learning-intern-special-projects-epic-research-group-2027-eae52d,Epic Games,Machine Learning Intern - Special Projects - Epic Research Group,machine-learning,,open,onsite,Montreal,QC,—,unknown,false,,2026-08-07,https://epicgames.com/careers/jobs/6138140004?gh_jid=6138140004,,masters;phd,,winter,2027
epic-games-machine-learning-intern-special-projects-epic-research-group-2027,Epic Games,Machine Learning Intern - Special Projects - Epic Research Group,machine-learning,,open,onsite,London,UK,—,unknown,false,,2026-08-07,https://epicgames.com/careers/jobs/5708589004?gh_jid=5708589004,,masters;phd,,summer,2027
eragon-applied-ai-intern-2026,Eragon,Applied AI Intern,ai,,open,onsite,SF,USA,—,unknown,false,,2026-07-21,https://jobs.ashbyhq.com/eragon/0b90ea4a-8684-4ae1-a7cc-c998db6e862e/application?embed=true,,masters,,fall,2026
eridu-ai-lab-intern-2026,Eridu AI,Lab Intern,software-engineering,,open,onsite,"Saratoga, CA",USA,—,unknown,false,,2026-08-05,https://ats.rippling.com/eridu-ai/jobs/7f4d858d-b26e-45ce-acdc-7593d8a1f7b1,,,,fall,2026
etched-electrical-platform-intern-2026,Etched,Electrical Platform Intern,software-engineering,,closed,onsite,"San Jose, CA",USA,—,unknown,false,,2026-02-07,https://jobs.ashbyhq.com/Etched/904ddf46-55fc-4a8f-8b49-f32cfe88116a/application,,masters,,fall,2026
etched-firmware-intern-2026,Etched,Firmware Intern,embedded,,open,onsite,"San Jose, CA",USA,—,unknown,false,,2026-05-22,https://jobs.ashbyhq.com/Etched/1efd9b58-66fe-4798-a877-776857b4e189,,,,fall,2026
etched-firmware-intern-2027-790a6c,Etched,Firmware Intern,embedded,,open,onsite,"San Jose, CA",USA,—,unknown,false,,2026-05-22,https://jobs.ashbyhq.com/Etched/8134a9bf-9624-48dd-98be-0bf1c3cb1f55,,,,summer,2027
etched-firmware-intern-2027,Etched,Firmware Intern,embedded,,open,onsite,"San Jose, CA",USA,—,unknown,false,,2026-05-22,https://jobs.ashbyhq.com/Etched/0e78a385-c450-4749-9803-0970ce2971a5,,,,spring,2027
etched-inference-intern-architecture-2027,Etched,"Inference Intern, Architecture",software-engineering,,open,onsite,"San Jose, CA",USA,—,unknown,false,,2026-05-22,https://jobs.ashbyhq.com/Etched/aa17bfa2-2922-4aa7-820d-76064f2551a8,,,,summer,2027
etched-infrastructure-intern-2026,Etched,Infrastructure Intern,cloud,,open,onsite,"San Jose, CA",USA,—,unknown,false,,2026-05-22,https://jobs.ashbyhq.com/Etched/e56469e3-7398-4d83-9fe3-3f8ab1b10468,,,,fall,2026
etched-infrastructure-intern-2027-e70bcb,Etched,Infrastructure Intern,cloud,,open,onsite,"San Jose, CA",USA,—,unknown,false,,2026-05-22,https://jobs.ashbyhq.com/Etched/80926a71-0a62-4bf8-a877-b6d96df279b7,,,,summer,2027
etched-infrastructure-intern-2027,Etched,Infrastructure Intern,cloud,,open,onsite,"San Jose, CA",USA,—,unknown,false,,2026-05-22,https://jobs.ashbyhq.com/Etched/65348db2-5658-41d0-a833-af222865d979,,,,spring,2027
etched-pd-intern-2026,Etched,PD Intern,software-engineering,,open,onsite,"San Jose, CA",USA,—,unknown,false,,2026-02-07,https://jobs.ashbyhq.com/Etched/bd8c5768-7efa-4a18-9e56-485ccaf4ec77/application,,masters;phd,,fall,2026
etched-performance-tools-intern-2026,Etched,Performance Tools Intern,software-engineering,,open,onsite,"San Jose, CA",USA,—,unknown,false,,2026-08-03,https://jobs.ashbyhq.com/Etched/f02e8035-7dc9-4b0c-aab7-75bbb4e975b8/application?embed=true,,,,fall,2026
etched-supercomputing-intern-2026-24b39c,Etched,Supercomputing Intern,software-engineering,,closed,onsite,"San Jose, CA",USA,—,unknown,false,,2026-05-20,https://jobs.ashbyhq.com/Etched/b45e357c-07ea-4499-9911-1d3cc9b9ac71/application,,masters;phd,,fall,2026
etched-supercomputing-intern-2026,Etched,Supercomputing Intern,software-engineering,,open,onsite,"San Jose, CA",USA,—,unknown,false,,2026-05-22,https://jobs.ashbyhq.com/Etched/b45e357c-07ea-4499-9911-1d3cc9b9ac71,,,,fall,2026
etched-supercomputing-intern-2027-f404a1,Etched,Supercomputing Intern,software-engineering,,open,onsite,"San Jose, CA",USA,—,unknown,false,,2026-05-22,https://jobs.ashbyhq.com/Etched/2d7039e2-190e-4039-b5a9-fff9efa7cc8e,,,,summer,2027
etched-supercomputing-intern-2027,Etched,Supercomputing Intern,software-engineering,,open,onsite,"San Jose, CA",USA,—,unknown,false,,2026-05-22,https://jobs.ashbyhq.com/Etched/20f77518-1699-4184-ac8e-9fa2f614d6fb,,,,spring,2027
ether-fi-gtm-engineer-intern-2027,Ether.fi,GTM Engineer Intern,software-engineering,,open,onsite,Cayman +2,USA,—,unknown,false,,2026-04-23,https://jobs.ashbyhq.com/ether.fi/6dcb712c-8fe5-4725-ad6a-0e9771af22cb,,,,summer,2027
ethglobal-software-engineering-intern-2027,ETHGlobal,Software Engineering Intern,software-engineering,,open,remote,Remote,,—,unknown,false,,2025-09-15,https://jobs.ashbyhq.com/ethglobal/4522a1d6-956c-4434-a6db-9365f19c60fb,,,,winter,2027
evonik-life-cycle-management-intern-sustainability-life-cycle-manag-2026,Evonik,Life Cycle Management Intern - Sustainability & Life Cycle Management,software-engineering,,closed,onsite,Neukirchen-Vluyn +1,Germany,—,unknown,false,,2026-07-15,https://evonik.wd3.myworkdayjobs.com/External_Careers/job/Hanau/Praktikant--m-w-d--Sustainability---Life-Cycle-Management_R49998-2,,masters,,fall,2026
exabeam-ai-deployment-intern-2026,Exabeam,AI Deployment Intern,ai,,closed,remote,Remote,,—,unknown,false,,2026-08-04,https://jobs.jobvite.com/exabeam/job/oRNAAfwy?nl=1&nl=1&fr=false,,masters,,fall,2026
excel-sports-management-analytics-intern-analytics-2026,Excel Sports Management,Analytics Intern - Analytics,software-engineering,,open,onsite,"Chicago, IL",USA,—,unknown,false,,2026-07-21,https://job-boards.greenhouse.io/excelsportsmanagement/jobs/4716581005,,masters,,fall,2026
excel-sports-management-football-coaches-intern-2026,Excel Sports Management,Football Coaches Intern,software-engineering,,open,onsite,"Chicago, IL",USA,—,unknown,false,,2026-07-27,https://job-boards.greenhouse.io/excelsportsmanagement/jobs/4718768005,,masters;phd,,fall,2026
exclusive-networks-data-quality-business-data-analyst-intern-2026,Exclusive Networks,Data Quality & Business Data Analyst Intern,software-engineering,,closed,onsite,"Hermiston, OR",USA,—,unknown,false,,2026-07-31,https://exclusivenetworks.wd103.myworkdayjobs.com/Exclusive-Networks-Career/job/Son/Data-Quality---Business-Data-Analyst-Intern_JR2326-1,,,,fall,2026
exowatt-software-engineer-intern-agent-platform-ai-2026,Exowatt,Software Engineer Intern - Agent Platform - AI,ai,,closed,onsite,"Austin, TX",USA,—,unknown,false,,2026-07-10,https://jobs.lever.co/exowatt/2623555d-8b81-4f95-8bca-de9fafd2381c/apply,,,,fall,2026
exploration-technology-corp-engineer-intern-2026,Exploration Technology Corp.,Engineer Intern,software-engineering,,closed,onsite,SF,USA,—,unknown,false,,2026-07-21,https://ats.rippling.com/etg/jobs/75ad65e6-f504-4ae2-adf1-587e704b2bcc,,,,fall,2026
fab2-automation-software-engineer-intern-2026,Fab2,Automation Software Engineer Intern,software-engineering,,open,onsite,SF +1,USA,—,unknown,false,,2026-07-21,https://jobs.ashbyhq.com/fab2/615feebf-d9e3-4583-9c85-ba16af44e65c/application?embed=true,,,,fall,2026
fab2-embedded-software-engineer-intern-2026,Fab2,Embedded Software Engineer Intern,embedded,,closed,onsite,SF +1,USA,—,unknown,false,,2026-07-21,https://jobs.ashbyhq.com/fab2/de448098-ffc6-4b99-b341-d6a5874f390f/application?embed=true,,masters;phd,,fall,2026
fab2-packaging-engineer-intern-2026,Fab2,Packaging Engineer Intern,software-engineering,,closed,onsite,SF +1,USA,—,unknown,false,,2026-07-21,https://jobs.ashbyhq.com/fab2/4497473d-0ce0-4e83-88c3-2afedceac622/application?embed=true,,,,fall,2026
fab2-rust-software-engineer-intern-2026,Fab2,Rust Software Engineer Intern,software-engineering,,closed,onsite,SF +1,USA,—,unknown,false,,2026-07-21,https://jobs.ashbyhq.com/fab2/009d0819-c688-4ab9-8816-a3c7ab002470/application?embed=true,,,,fall,2026
fab2-rust-software-engineer-intern-chip-design-tools-2026,Fab2,Rust Software Engineer Intern - Chip Design Tools,design,,open,onsite,SF,USA,—,unknown,false,,2026-07-21,https://jobs.ashbyhq.com/fab2/907766af-a3c0-49a3-b01e-246baa437d10/application?embed=true,,,,fall,2026
fab2-software-engineer-intern-2026,Fab2,Software Engineer Intern,software-engineering,,open,onsite,SF,USA,—,unknown,false,,2026-07-21,https://jobs.ashbyhq.com/fab2/947338ca-e135-4398-9aa3-79e131bc03d5/application?embed=true,,,,fall,2026
fab2-software-engineering-intern-2026,fab2,Software Engineering Intern,software-engineering,,open,onsite,"San Francisco, CA",USA,—,yes,false,,2026-07-24,https://jobs.ashbyhq.com/fab2/947338ca-e135-4398-9aa3-79e131bc03d5?embed=true,,,,fall,2026
felix-magazine-database-coordinator-volunteer-intern-2026,Felix Magazine,Database Coordinator Volunteer/Intern,software-engineering,,open,onsite,"Chicago, IL",USA,—,unknown,false,,2026-08-12,https://jobs.smartrecruiters.com/LuxeMediaLLC/83121944,,,,fall,2026
felix-magazine-web-developer-programmer-intern-2026-c4c2c1,Felix Magazine,Web Developer/Programmer Intern,software-engineering,,open,onsite,"Chicago, IL",USA,—,unknown,false,,2026-08-12,https://jobs.smartrecruiters.com/LuxeMediaLLC/89098193,,,,fall,2026
felix-magazine-web-developer-programmer-intern-2026-f6ba21,Felix Magazine,Web Developer/Programmer Intern,software-engineering,,open,onsite,"Chicago, IL",USA,—,unknown,false,,2026-08-12,https://jobs.smartrecruiters.com/LuxeMediaLLC/83337967,,,,fall,2026
felix-magazine-web-developer-programmer-intern-2026,Felix Magazine,Web Developer/Programmer Intern,software-engineering,,open,onsite,LA,USA,—,unknown,false,,2026-08-12,https://jobs.smartrecruiters.com/LuxeMediaLLC/83337884,,,,fall,2026
field-ai-robotics-controls-intern-robot-control-systems-2026,Field AI,Robotics Controls Intern - Robot Control Systems,software-engineering,,open,onsite,"Irvine, CA",USA,—,unknown,false,,2026-07-28,https://jobs.lever.co/field-ai/8a3b5d4b-f88f-4704-bfdd-74e8dcd30704/apply,,masters;phd,,fall,2026
figma-software-engineer-intern-winter-2027-2027-91c472,Figma,Software Engineer Intern (Winter 2027),design,,open,onsite,San Francisco,USA,—,unknown,false,,2026-08-10,https://boards.greenhouse.io/figma/jobs/6131089004?gh_jid=6131089004,,,,summer,2027
figma-software-engineer-intern-winter-2027-2027,Figma,Software Engineer Intern - Winter 2027,software-engineering,,open,onsite,SF +1,USA,—,unknown,false,,2026-08-10,https://boards.greenhouse.io/figma/jobs/6131089004,,,,winter,2027
figure-firmware-intern-2026,Figure,Firmware Intern,embedded,,open,onsite,"San Jose, CA",USA,—,unknown,false,,2026-06-22,https://job-boards.greenhouse.io/figureai/jobs/4691070006,,,,fall,2026
figure-hardware-reliability-intern-2026,Figure,Hardware Reliability Intern,hardware,,open,onsite,"San Jose, CA",USA,—,unknown,false,,2026-06-23,https://job-boards.greenhouse.io/figureai/jobs/4613067006,,,,fall,2026
figure-special-projects-intern-2026,Figure,Special Projects Intern,software-engineering,,open,onsite,"San Jose, CA",USA,—,unknown,false,,2026-07-07,https://job-boards.greenhouse.io/figureai/jobs/4694889006,,masters;phd,,fall,2026
firetiger-product-engineer-intern-co-op-2026,Firetiger,Product Engineer Intern/Co-op,software-engineering,,open,onsite,SF,USA,—,unknown,false,,2026-07-21,https://jobs.ashbyhq.com/firetiger/7acf0768-f10d-4650-bcfc-12ed6e5d7cfc/application?embed=true,,,,fall,2026
first-bank-trust-sharepoint-power-platform-intern-sharepoint-power-platform-2026,First Bank & Trust,SharePoint/Power Platform Intern - SharePoint - Power Platform,software-engineering,,open,onsite,"Brookings, SD",USA,—,unknown,false,,2026-07-28,https://bankeasy.wd5.myworkdayjobs.com/bank-easy-job-openings/job/Brookings-SD-East/SharePoint-Power-Platform-Intern_R-100780,,,,fall,2026
fiserv-application-development-intern-2027,Fiserv,Application Development Intern,software-engineering,,open,onsite,"Alpharetta, GA",USA,—,no,false,,2026-04-20,https://careers.fiserv.com/us/en/job/FFFYJUSR10390264EXTERNALENUS/Application-Development-Summer-Intern?jr_id=69e6ab177820c036924d1dc6,,,,summer,2027
fiserv-technology-intern-2027,Fiserv,Technology Intern,software-engineering,,open,onsite,"Columbus, OH",USA,—,no,false,,2026-04-20,https://careers.fiserv.com/us/en/job/FFFYJUSR10390344EXTERNALENUS/Technology-Summer-Intern?jr_id=69e6ab5e3aa0c4796439589b,,,,summer,2027
five-rings-software-developer-intern-2027,Five Rings,Software Developer Intern,software-engineering,,open,onsite,"New York, NY +1",USA,—,no,true,,2026-07-14,https://job-boards.greenhouse.io/fiveringsllc/jobs/5349707008,,,,summer,2027
five-rings-summer-intern-2027-quantitative-researcher-phd-2027,Five Rings,Summer Intern 2027 - Quantitative Researcher (PhD),quant,,open,onsite,New York,USA,—,unknown,false,,2026-07-14,https://job-boards.greenhouse.io/fiveringsllc/jobs/5349219008,,,,summer,2027
five-rings-summer-intern-2027-quantitative-trader-2027,Five Rings,Summer Intern 2027 - Quantitative Trader,quant,,open,onsite,New York,USA,—,unknown,false,,2026-07-14,https://job-boards.greenhouse.io/fiveringsllc/jobs/5139668008,,,,summer,2027
flexion-robotics-research-intern-2026,Flexion Robotics,Research Intern,research,,open,onsite,SF,USA,—,unknown,false,,2026-08-08,https://apply.workable.com/flexion-robotics/j/8FF540773C/apply,,masters;phd,,fall,2026
flow-traders-quantitative-trading-intern-2027,Flow Traders,Quantitative Trading Intern,quant,,open,onsite,NYC,USA,—,unknown,false,,2026-07-08,https://job-boards.greenhouse.io/flowtraders/jobs/8047166,,,,summer,2027
fluency-engineer-intern-2026,Fluency,Engineer Intern,software-engineering,,open,onsite,SF,USA,—,unknown,false,,2026-07-21,https://jobs.ashbyhq.com/fluency/2aced4e2-485b-4525-802c-763e62c91e88/application?embed=true,,,,fall,2026
formlabs-ai-software-intern-2026,Formlabs,AI Software Intern,ai,,closed,onsite,"Cambridge, MA",USA,—,unknown,false,,2026-07-16,https://careers.formlabs.com/job/8067641/apply/?gh_jid=8067641,,masters;phd,,fall,2026
formlabs-algorithms-software-intern-2026,Formlabs,Algorithms Software Intern,software-engineering,,closed,onsite,"Cambridge, MA",USA,—,unknown,false,,2026-07-16,https://careers.formlabs.com/job/8060759/apply/?gh_jid=8060759,,,,fall,2026
formlabs-hardware-r-d-engineer-intern-2026,Formlabs,Hardware R&D Engineer Intern,hardware,,open,onsite,"Cambridge, MA",USA,—,unknown,false,,2026-07-30,https://careers.formlabs.com/job/8097694/apply/?gh_jid=8097694,,,,fall,2026
formlabs-hardware-systems-integration-intern-2026,Formlabs,Hardware Systems Integration Intern,hardware,,closed,onsite,"Cambridge, MA",USA,—,unknown,false,,2026-05-15,https://careers.formlabs.com/job/7927471/apply/?gh_jid=7927471,,,,fall,2026
formlabs-manufacturing-test-software-intern-2026,Formlabs,Manufacturing Test Software Intern,software-engineering,,closed,onsite,"Cambridge, MA",USA,—,unknown,false,,2026-06-23,https://careers.formlabs.com/job/8021679/apply/?gh_jid=8021679,,,,fall,2026
formlabs-supply-chain-operations-software-intern-2026,Formlabs,Supply Chain Operations Software Intern,software-engineering,,closed,onsite,"Cambridge, MA",USA,—,unknown,false,,2026-07-17,https://careers.formlabs.com/job/8069676/apply/?gh_jid=8069676,,,,fall,2026
formlabs-test-software-intern-2026,Formlabs,Test Software Intern,software-engineering,,closed,onsite,"Cambridge, MA",USA,—,unknown,false,,2026-07-14,https://careers.formlabs.com/job/8065543/apply/?gh_jid=8065543,,,,fall,2026
forus-engineer-intern-2026,Forus,Engineer Intern,software-engineering,,open,onsite,NYC,USA,—,unknown,false,,2026-07-30,https://jobs.ashbyhq.com/forus/82e10191-232e-4e8d-9c5e-cb82940cdfc7/application?embed=true,,,,fall,2026
four-hands-product-development-intern-2026,Four Hands,Product Development Intern,software-engineering,,open,onsite,"Austin, TX",USA,—,unknown,false,,2026-06-08,https://job-boards.greenhouse.io/fourhands/jobs/4272048009,,,,fall,2026
foxconn-industrial-internet-data-visualization-analytics-intern-engineering-2026,Foxconn Industrial Internet,Data Visualization & Analytics Intern - Engineering,software-engineering,,open,onsite,"Houston, TX",USA,—,unknown,false,,2026-08-11,http://foxconnggroup.applytojob.com/apply/VZnsanT4LU/Engineering-Data-Visualization-Analytics-Intern,,masters,,fall,2026
foxconn-industrial-internet-software-engineer-intern-engineering-and-operations-2026,Foxconn Industrial Internet,Software Engineer Intern - Engineering and Operations,software-engineering,,open,onsite,"Houston, TX",USA,—,unknown,false,,2026-08-11,http://foxconnggroup.applytojob.com/apply/xf0soVofyI/Software-Engineering-Intern,,masters,,fall,2026
freeform-process-engineer-intern-2026,Freeform,Process Engineer Intern,software-engineering,,closed,onsite,LA,USA,—,unknown,false,,2026-06-09,https://job-boards.greenhouse.io/freeformfuturecorp/jobs/7765271003,,,,fall,2026
frontier-health-applied-scientist-research-engineer-intern-2026,Frontier Health,Applied Scientist / Research Engineer Intern,research,,open,onsite,London,UK,—,unknown,false,,2026-07-21,https://jobs.ashbyhq.com/frontier-health/0ff47d07-91b5-4456-9ecf-8438239b00ef/application?embed=true,,,,fall,2026
fti-consulting-technology-intern-2027,FTI Consulting,Technology Intern,software-engineering,,open,onsite,"Houston, TX +9",USA,—,unknown,false,,2026-07-27,https://fticonsulting.wd108.myworkdayjobs.com/FTIConsultingCareers/job/United-States/XMLNAME-2027-Intern---Technology_JR260339-1,,masters,,summer,2027
fti-consulting-technology-intern-technology-2027,FTI Consulting,Technology Intern - Technology,software-engineering,,open,onsite,"Houston, TX +6",USA,—,unknown,false,,2026-07-27,https://fticonsulting.wd108.myworkdayjobs.com/FTIConsultingCareersPrivate/job/United-States/XMLNAME-2027-Intern---Technology_JR260339,,masters,,summer,2027
fussball-club-cincinnati-llc-fc-cincinnati-academy-performance-analyst-intern-academy-performance-analy-2027,Fussball Club Cincinnati LLC (“FC Cincinnati”),Academy Performance Analyst Intern - Academy Performance Analysis,software-engineering,,open,onsite,"Cincinnati, OH",USA,—,unknown,false,,2026-05-20,https://job-boards.greenhouse.io/fccincinnati/jobs/7741524003,,,,winter,2027
g-research-data-science-intern-2027,G-Research,Data Science Intern,data-science,,open,onsite,London,UK,—,unknown,false,,2026-07-23,https://gresearch.wd103.myworkdayjobs.com/G-Research/job/London-UK/Data-Science-Internship_R3679,,masters;phd,,summer,2027
g-research-machine-learning-research-intern-2027,G-Research,Machine Learning Research Intern,machine-learning,,open,onsite,London,UK,—,unknown,false,,2026-07-23,https://gresearch.wd103.myworkdayjobs.com/G-Research/job/London-UK/Machine-Learning-Research-Internship_R3682,,phd,,summer,2027
g-research-natural-language-processing-intern-2027,G-Research,Natural Language Processing Intern,software-engineering,,open,onsite,London,UK,—,unknown,false,,2026-07-23,https://gresearch.wd103.myworkdayjobs.com/G-Research/job/London-UK/Natural-Language-Processing-Internship_R3686,,phd,,summer,2027
g-research-quantitative-research-internship-2027,G-Research,Quantitative Research Internship,quant,,open,onsite,London,UK,—,unknown,false,,2026-07-23,https://gresearch.wd103.myworkdayjobs.com/G-Research/job/London-UK/Quant-Research-Internship_R3691,,masters;phd,,summer,2027
gci-telecommunications-intern-computer-science-data-analytics-2026,GCI,Telecommunications Intern - Computer Science/Data Analytics,software-engineering,,open,onsite,"Anchorage, AK",USA,—,unknown,false,,2026-08-07,https://edqv.fa.us2.oraclecloud.com/hcmUI/CandidateExperience/en/sites/CX/job/21003640,,,,fall,2026
ge-aerospace-engineer-intern-2027,GE Aerospace,Engineer Intern,software-engineering,,closed,onsite,"Dayton, OH +4",USA,—,unknown,false,,2026-07-13,https://geaerospace.wd5.myworkdayjobs.com/ge_externalsite/job/Jacksonville/Unison-Engineering-Intern---Spring-2027_R5037093-1,,masters,,spring,2027
ge-appliances-engineering-intern-co-op-2027,GE Appliances,Engineering Intern/Co-op,software-engineering,,closed,onsite,"Calhoun, GA",USA,—,unknown,false,,2026-04-04,https://haier.wd3.myworkdayjobs.com/ge_appliances/job/USA-LaFayette-GA/Engineering-Co-op-Spring-2027_REQ-24836,,masters;phd,,winter,2027
ge-healthcare-engineering-development-program-intern-hardware-2027,GE Healthcare,Engineering Development Program Intern - Hardware,hardware,,closed,onsite,"Twinsburg, OH +1",USA,—,unknown,false,,2026-07-20,https://gehc.wd5.myworkdayjobs.com/GEHC_ExternalSite/job/Waukesha/Edison-Engineering-Development-Program-Internship---Hardware_R4043923-1,,masters,,summer,2027
ge-healthcare-engineering-development-program-intern-software-2027,GE Healthcare,Engineering Development Program Intern - Software,software-engineering,,closed,onsite,"Waukesha, WI",USA,—,unknown,false,,2026-07-20,https://gehc.wd5.myworkdayjobs.com/GEHC_ExternalSite/job/Waukesha/Edison-Engineering-Development-Program-Intern---Software_R4043933-2,,masters,,summer,2027
ge-vernova-digital-technology-intern-2027-288e6e,GE Vernova,Digital Technology Intern,software-engineering,,open,onsite,"Greenville, SC +2",USA,—,unknown,false,,2026-08-04,https://gevernova.wd5.myworkdayjobs.com/vernova_externalsite/job/Atlanta/GE-Vernova-Digital-Technology-Internship---Summer-2027_R5049176-3,,,,summer,2027
ge-vernova-digital-technology-intern-2027,GE Vernova,Digital Technology Intern,software-engineering,,open,onsite,"Greenville, SC +2",USA,—,unknown,false,,2026-08-04,https://gevernova.wd5.myworkdayjobs.com/only_confidential_executive_recruiting/job/Atlanta/GE-Vernova-Digital-Technology-Internship---Summer-2027_R5049176-2,,,,summer,2027
ge-vernova-ge-vernova-grid-automation-product-management-intern-2026-4c23c3,GE Vernova,GE Vernova Grid Automation Product Management Intern,product,,closed,onsite,"Rochester, NY",USA,—,unknown,false,,2026-04-07,https://gevernova.wd5.myworkdayjobs.com/vernova_externalsite/job/Rochester/GE-Vernova-Grid-Automation-Product-Management-Intern---Fall-2026_R5035460,,masters,,fall,2026
ge-vernova-ge-vernova-grid-automation-product-management-intern-2026,GE Vernova,GE Vernova Grid Automation Product Management Intern,product,,closed,onsite,"Rochester, NY",USA,—,unknown,false,,2026-04-07,https://gevernova.wd5.myworkdayjobs.com/only_confidential_executive_recruiting/job/Rochester/GE-Vernova-Grid-Automation-Product-Management-Intern---Fall-2026_R5035460-3,,masters,,fall,2026
gemini-product-management-intern-2026,Gemini,Product Management Intern,product,,closed,onsite,NYC,USA,—,unknown,false,,2026-07-01,https://boards.greenhouse.io/embed/job_app?for=gemini&token=8041452&gh_jid=8041452,,masters,,fall,2026
gemini-software-engineer-intern-2026,Gemini,Software Engineer Intern,software-engineering,,closed,onsite,NYC,USA,—,unknown,false,,2026-05-01,https://boards.greenhouse.io/embed/job_app?for=gemini&token=7875125&gh_jid=7875125,,masters,,fall,2026
gemini-software-engineering-intern-2026,Gemini,Software Engineering Intern,software-engineering,,open,onsite,"New York, NY",USA,—,unknown,false,,2026-07-28,https://job-boards.greenhouse.io/embed/job_app?for=gemini&token=7875125,,,,fall,2026
generac-data-science-intern-2026,Generac,Data Science Intern,data-science,,closed,onsite,Toronto,ON,—,unknown,false,,2026-07-21,https://generac.wd5.myworkdayjobs.com/en-US/external/job/Toronto-Canada/Intern-Data_JR14262,,,,fall,2026
generac-engineering-intern-2026,Generac,Engineering Intern,software-engineering,,closed,onsite,Toronto,ON,—,unknown,false,,2026-07-29,https://generac.wd5.myworkdayjobs.com/en-US/external/job/Toronto-Canada/Intern-Engineering_JR14267,,,,fall,2026
generac-software-engineer-intern-2026,Generac,Software Engineer Intern,software-engineering,,closed,onsite,Toronto,ON,—,unknown,false,,2026-07-21,https://generac.wd5.myworkdayjobs.com/en-US/external/job/Toronto-Canada/Sofware-Engineer---Intern_JR14371,,,,fall,2026
general-astronautics-engineering-intern-2027,General Astronautics,Engineering Intern,software-engineering,,open,onsite,"San Francisco, CA",USA,—,no,true,,2026-05-09,https://www.workatastartup.com/jobs/94206,,,,summer,2027
general-dynamics-information-technology-artificial-intelligence-machine-learning-intern-2027,General Dynamics Information Technology,Artificial Intelligence/Machine Learning Intern,machine-learning,,open,onsite,"Falls Church, VA",USA,—,unknown,false,,2026-08-07,https://gdit.wd5.myworkdayjobs.com/external_career_site/job/USA-VA-Falls-Church/Summer-2027-AI-Machine-Learning-Internship--DC-Metro-Area_RQ225912,,masters,,summer,2027
general-dynamics-information-technology-software-developer-intern-2027-bb27a2,General Dynamics Information Technology,Software Developer Intern,software-engineering,,closed,onsite,"Annapolis Junction, MD",USA,—,unknown,false,,2026-08-04,https://gdit.wd5.myworkdayjobs.com/external_career_site/job/USA-MD-Annapolis-Junction/Summer-2027-Software-Developer-Internship_RQ225717-1,,,,summer,2027
general-dynamics-information-technology-software-developer-intern-2027,General Dynamics Information Technology,Software Developer Intern,software-engineering,,closed,onsite,"Annapolis Junction, MD",USA,—,unknown,false,,2026-08-06,https://gdit.wd5.myworkdayjobs.com/external_career_site/job/USA-MD-Annapolis-Junction/Summer-2027-Software-Developer-Internship_RQ225469-1,,,,summer,2027
general-dynamics-information-technology-systems-engineer-intern-2027,General Dynamics Information Technology,Systems Engineer Intern,software-engineering,,open,onsite,"Albany, NY",USA,—,unknown,false,,2026-07-30,https://www.gd.com/careers/systems-engineer-intern-albany-ny-us-rq225289-gdit-opportunity,,,,summer,2027
general-dynamics-mission-systems-cybersecurity-software-engineer-intern-2026,General Dynamics Mission Systems,Cybersecurity Software Engineer Intern,security,,open,onsite,"Manassas, VA",USA,—,unknown,false,,2026-08-11,https://careers-gdms.icims.com/jobs/74257/job?mobile=true&needsRedirect=false,,,,fall,2026
general-intuition-amp-medal-technical-intern-and-new-grad-2026,General Intuition &amp; Medal,Technical Intern and New Grad,software-engineering,,open,onsite,London +1,UK,—,unknown,false,,2026-07-21,https://jobs.ashbyhq.com/generalintuition-medal/aaa8928d-7d07-4859-86c1-eb39c4c4cbd3/application?embed=true,,,,fall,2026
general-motors-research-and-development-intern-research-development-2026,General Motors,Research and Development Intern - Research & Development,research,,closed,onsite,"Warren, MI",USA,—,unknown,false,,2026-07-06,https://generalmotors.wd5.myworkdayjobs.com/Careers_GM/job/Warren-Michigan-United-States-of-America/XMLNAME-2026-Fall-Intern---Research---Development_JR-202613027,,phd,,fall,2026
general-motors-research-and-development-intern-research-development-ai-ml-2026,General Motors,Research and Development Intern - Research & Development: AI/ML,machine-learning,,closed,onsite,"Mountain View, CA +1",USA,—,unknown,false,,2026-06-12,https://generalmotors.wd5.myworkdayjobs.com/en-CA/Careers_GM/job/Warren-Michigan-United-States-of-America/XMLNAME-2026-Fall-Intern---Research---Development--AI-ML_JR-202612795,,phd,,fall,2026
genmd-ai-research-scientist-intern-2026,GenMD,AI Research Scientist Intern,ai,,open,onsite,"Palo Alto, CA",USA,—,unknown,false,,2026-07-21,https://jobs.ashbyhq.com/genmd/807adafc-7842-4e05-90f3-9bc45dd39a13/application?embed=true,,masters;phd,,fall,2026
genworth-financial-it-development-program-intern-it-development-program-2027,Genworth Financial,IT Development Program Intern - IT Development Program,software-engineering,,open,onsite,"Richmond, VA",USA,—,unknown,false,,2026-07-31,https://gnw.wd1.myworkdayjobs.com/GNW/job/Richmond-Virginia/Genworth-IT-Development-Program-Intern---Summer-2027_REQ-260269-1,,,,summer,2027
geocomply-full-stack-developer-intern-2026,GeoComply,Full Stack Developer Intern,software-engineering,,closed,onsite,Vancouver,BC,—,unknown,false,,2026-07-16,https://jobs.lever.co/geocomply-2/a3131ad8-06ec-4c6e-b27c-81aa4c02cc40/apply,,,,fall,2026
geocomply-product-operations-intern-2026,GeoComply,Product Operations Intern,software-engineering,,closed,onsite,Vancouver,BC,—,unknown,false,,2026-07-16,https://jobs.lever.co/geocomply-2/738b76bf-ad57-4831-ae8f-e2e44ff5e02b/apply,,,,fall,2026
global-infrastructure-alternative-delivery-project-analytics-intern-2026,Global Infrastructure,Alternative Delivery Project Analytics Intern,software-engineering,,closed,onsite,"Chicago, IL",USA,—,unknown,false,,2026-07-07,https://gi.wd1.myworkdayjobs.com/Global_Infrastructure/job/US--IL--Chicago---200-South-Wacker-Drive/Alternative-Delivery-Project-Analytics-Intern_5963-1,,masters,,fall,2026
global-partners-advanced-analytics-intern-2026,Global Partners,Advanced Analytics Intern,software-engineering,,open,onsite,"Newton, MA",USA,—,unknown,false,,2026-08-10,https://global.wd1.myworkdayjobs.com/globalpartnerscareers/job/Newton-Office/Advanced-Analytics-Intern_R0031779,,,,fall,2026
godaddy-software-development-engineer-intern-2027,GoDaddy,Software Development Engineer Intern,software-engineering,,open,onsite,"Tempe, AZ",USA,—,unknown,false,,2026-07-30,https://job-boards.greenhouse.io/eventsandinterns/jobs/7820942003,,masters,,summer,2027
golden-pet-brands-data-analytics-intern-2026,Golden Pet Brands,Data Analytics Intern,software-engineering,,closed,remote,Remote,,—,unknown,false,,2026-07-23,https://job-boards.greenhouse.io/goldenpetbrands/jobs/4713182005,,,,fall,2026
google-software-developer-intern-bs-2027,Google,Software Developer Intern - BS,software-engineering,,closed,onsite,Montreal +2,QC,—,unknown,false,,2026-07-20,https://www.google.com/about/careers/applications/jobs/results/76982475250639558,,,,summer,2027
google-software-developer-intern-ms-2027,Google,Software Developer Intern - MS,software-engineering,,closed,onsite,Montreal +2,QC,—,unknown,false,,2026-07-20,https://www.google.com/about/careers/applications/jobs/results/95423484271698630,,masters,,summer,2027
google-software-engineer-intern-2027,Google,Software Engineer Intern,software-engineering,,closed,onsite,"Palo Alto, CA +28",USA,—,unknown,false,,2026-07-20,https://www.google.com/about/careers/applications/jobs/results/85564713261245126,,,,summer,2027
google-software-engineer-intern-ms-2027,Google,Software Engineer Intern - MS,software-engineering,,closed,onsite,"Palo Alto, CA +28",USA,—,unknown,false,,2026-07-20,https://www.google.com/about/careers/applications/jobs/results/95141459539174086,,masters,,summer,2027
google-software-engineering-intern-2027,Google,Software Engineering Intern,software-engineering,,open,onsite,"Mountain View, CA +29",USA,—,unknown,false,,2026-07-24,https://www.google.com/about/careers/applications/jobs/results/85564713261245126-software-engineering-intern-bs-summer-2027,,,,summer,2027
grant-thornton-tax-technology-intern-summer-2027-2027,Grant Thornton,Tax Technology Intern - Summer 2027,software-engineering,,open,onsite,"Dallas, TX",USA,—,unknown,false,,2026-02-11,https://ehzq.fa.us2.oraclecloud.com/hcmUI/CandidateExperience/en/sites/CX_1/job/114404,,,,summer,2027
gritt-robotics-inc-ml-cloud-infrastructure-engineer-intern-2026,GRITT ROBOTICS INC,ML & Cloud Infrastructure Engineer Intern,machine-learning,,open,onsite,"South San Francisco, CA",USA,—,unknown,false,,2026-07-27,https://jobs.ashbyhq.com/gritt/46af6e69-40fc-4e53-940e-a99757137523,,,,fall,2026
gritt-robotics-inc-robot-learning-engineer-intern-2026,Gritt Robotics Inc,Robot Learning Engineer Intern,software-engineering,,open,onsite,"San Bruno, CA",USA,—,unknown,false,,2026-07-21,https://jobs.ashbyhq.com/gritt/5c4737ce-f546-453b-b30d-791a121fb9fd/application?embed=true,,masters;phd,,fall,2026
group-1001-quantitative-analysis-intern-2026,Group 1001,Quantitative Analysis Intern,quant,,open,onsite,"Stamford, CT",USA,—,unknown,false,,2026-07-23,https://group1001wd.wd5.myworkdayjobs.com/careers/job/Stamford-Connecticut/Quantitative-Analysis-Intern_R26_0405,,masters,,fall,2026
gulf-management-software-engineer-business-systems-intern-2026,Gulf Management,Software Engineer & Business Systems Intern,software-engineering,,open,onsite,"Covington, LA",USA,—,unknown,false,,2026-08-05,https://gulfmanagement.applytojob.com/apply/pnJkrOYga9/Software-Engineer-Business-Systems-Intern,,,,fall,2026
gulfstream-computer-science-intern-advanced-structures-and-materials-2027,Gulfstream,Computer Science Intern - Advanced Structures and Materials,software-engineering,,open,onsite,"Savannah, GA",USA,—,unknown,false,,2026-08-10,https://careers.gulfstream.com/job/Savannah-Summer-2027-IEF-Advanced-Structures-and-Materials-(ASMI)-College-Associate-Intern-GA-31401/1417869000/?ats=successfactors,,,,summer,2027
gumloop-design-engineer-intern-2026,Gumloop,Design Engineer Intern,design,,open,onsite,SF,USA,—,unknown,false,,2026-07-16,https://jobs.ashbyhq.com/Gumloop/dcdc0658-b3fd-44cd-b0cf-4016c9513d40/application?embed=true,,,,fall,2026
h-co-software-development-intern-2027,H&CO,Software Development Intern,software-engineering,,open,onsite,"Coral Gables, FL",USA,—,unknown,false,,2026-04-23,https://career41.sapsf.com/career?career_ns=job_listing&company=hcollp&career_job_req_id=3507,,,,summer,2027
harman-intern-software-engineering-2026,HARMAN,Intern – Software Engineering,software-engineering,,open,onsite,"Sunnyvale, CA",USA,—,no,false,,2026-06-24,https://jobsearch.harman.com/en_US/careers/JobDetail/Intern-Software-Engineering/31931,,,,fall,2026
harris-computer-software-development-intern-2026,Harris Computer,Software Development Intern,software-engineering,,open,onsite,Montreal,QC,—,unknown,false,,2026-07-23,https://harriscomputer.wd3.myworkdayjobs.com/1/job/Montreal-Quebec/Stagiaire-en-dveloppement-de-logiciels---Software-Development-Intern_R0044820-1,,,,fall,2026
heliux-software-engineer-intern-2027-23752c,Heliux,Software Engineer Intern,software-engineering,,open,onsite,"San Francisco, CA",USA,—,no,true,,2026-08-03,https://jobs.ashbyhq.com/heliux/ff2b6f4b-00d0-4afe-b4f5-2dbf443409ef,,,,summer,2027
heliux-software-engineer-intern-2027-84c489,Heliux,Software Engineer Intern,software-engineering,,open,onsite,SF,USA,—,unknown,false,,2026-07-31,https://jobs.ashbyhq.com/heliux/ff2b6f4b-00d0-4afe-b4f5-2dbf443409ef/application?embed=true,,,,summer,2027
heliux-software-engineer-intern-2027,Heliux,Software Engineer Intern,software-engineering,,open,onsite,SF,USA,—,unknown,false,,2026-07-31,https://jobs.ashbyhq.com/heliux/c71c0650-b6f7-491f-b291-6b280f58ee9c/application?embed=true,,,,spring,2027
helsing-ai-research-intern-3d-computer-vision-2026,Helsing,AI Research Intern - 3D Computer Vision,ai,,open,onsite,London +4,UK,—,unknown,false,,2026-07-30,https://helsing.ai/jobs/4941957101?gh_jid=4941957101,,phd,,fall,2026
hendrick-motorsports-project-and-race-support-engineer-intern-2027,Hendrick Motorsports,Project and Race Support Engineer Intern,software-engineering,,open,onsite,"Charlotte, NC",USA,—,unknown,false,,2026-06-29,https://hendrick.wd5.myworkdayjobs.com/HMSCareers/job/Hendrick-Motorsports/Project-and-Race-Support-Engineer-Spring-2027---Internship_R-81647,,,,spring,2027
hendrick-motorsports-project-and-race-support-engineer-internship-2026,Hendrick Motorsports,Project and Race Support Engineer Internship,software-engineering,,closed,onsite,"Charlotte, NC",USA,—,unknown,false,,2026-06-29,https://hendrick.wd5.myworkdayjobs.com/HMSCareers/job/Hendrick-Motorsports/Project-and-Race-Support-Engineer-Fall-2026-Internship_R-81645,,,,fall,2026
hendrick-motorsports-racing-performance-engineer-intern-2026,Hendrick Motorsports,Racing Performance Engineer Intern,software-engineering,,closed,onsite,"Charlotte, NC",USA,—,unknown,false,,2026-06-25,https://hendrick.wd5.myworkdayjobs.com/HMSCareers/job/Hendrick-Motorsports/Racing-Performance-Engineer---Fall-2026-Internship_R-81564,,,,fall,2026
herdora-member-of-technical-staff-intern-2027,Herdora,Member Of Technical Staff Intern,software-engineering,,open,onsite,"San Francisco, CA",USA,—,yes,false,,2025-10-14,https://www.workatastartup.com/jobs/83224,,,,winter,2027
hermeus-flight-software-engineering-intern-2026,Hermeus,Flight Software Engineering Intern,hardware,,open,onsite,"Atlanta, GA",USA,—,no,true,,2026-03-06,https://jobs.lever.co/hermeus/51378fa0-0327-45fd-9420-b6e7d8b56440,,,,fall,2026
hermeus-hardware-in-the-loop-software-engineering-intern-fall-2026-2026,Hermeus,Hardware-In-the-Loop Software Engineering Intern - Fall 2026,hardware,,closed,onsite,"Atlanta, GA",USA,—,unknown,false,,2026-04-17,https://jobs.lever.co/hermeus/10d69ef6-a754-42ab-833c-76adf01367bf/apply,,,,fall,2026
hermeus-human-machine-interface-software-engineering-intern-human-ma-2026,Hermeus,Human Machine Interface – Software Engineering Intern - Human Machine Interface,software-engineering,,open,onsite,"Atlanta, GA",USA,—,unknown,false,,2026-04-01,https://jobs.lever.co/hermeus/a3a1f0ea-6a4f-42e5-81c8-3b34dac22a67/apply,,masters;phd,,fall,2026
hermeus-modeling-simulation-software-engineer-intern-2026,Hermeus,Modeling & Simulation Software Engineer Intern,software-engineering,,closed,onsite,LA,USA,—,unknown,false,,2026-04-17,https://jobs.lever.co/hermeus/49f7cf3f-bf66-44ca-bf97-ee0f7180a68d/apply,,,,fall,2026
hermeus-modeling-simulation-software-engineering-intern-2026,Hermeus,Modeling & Simulation Software Engineering Intern,software-engineering,,closed,onsite,"Los Angeles, CA",USA,—,no,true,,2026-04-20,https://jobs.lever.co/hermeus/49f7cf3f-bf66-44ca-bf97-ee0f7180a68d,,,,fall,2026
hermeus-subsystem-test-engineer-intern-2026,Hermeus,Subsystem Test Engineer Intern,software-engineering,,closed,onsite,"Atlanta, GA",USA,—,unknown,false,,2026-05-19,https://jobs.lever.co/hermeus/3ee3f243-bab8-4bdb-b0d0-2214874ef49e/apply,,masters;phd,,fall,2026
heron-power-electronics-design-engineer-intern-2026,Heron Power,Electronics Design Engineer Intern,design,,open,onsite,"Santa Cruz, CA",USA,—,unknown,false,,2026-06-23,http://jobs.ashbyhq.com/heron-power/28af5d2d-bd93-4681-9422-05d17c3437eb/application,,masters,,fall,2026
hirevue-data-science-intern-2026,HireVue,Data Science Intern,data-science,,closed,onsite,"Draper, UT",USA,—,unknown,false,,2026-07-20,https://jobs.smartrecruiters.com/HireVue/744000138728139,,,,fall,2026
hitachi-software-analyst-intern-2026-30c705,Hitachi,Software Analyst Intern,software-engineering,,open,onsite,Toronto,ON,—,unknown,false,,2026-07-07,https://hitachi.wd1.myworkdayjobs.com/hitachi/job/Toronto-Ontario-Canada/Software-Analyst-Intern--Fall-2026--8-months-_R1013034-1,,masters;phd,,fall,2026
hitachi-software-analyst-intern-2026,Hitachi,Software Analyst Intern,software-engineering,,open,onsite,Toronto,ON,—,unknown,false,,2026-07-07,https://hitachi.wd1.myworkdayjobs.com/hitachi/job/Toronto-Ontario-Canada/Software-Analyst-Intern--Fall-2026--8-months-_R1012810-1,,masters,,fall,2026
hitachi-energy-cloud-data-specialist-intern-2026,Hitachi Energy,Cloud & Data Specialist Intern,cloud,,closed,onsite,London,UK,—,unknown,false,,2026-07-20,https://hitachi.wd1.myworkdayjobs.com/hitachi/job/London-London-United-Kingdom/Intern---Cloud---Data-Specialist--67651-_R0138533,,,,fall,2026
hitachi-energy-engineering-knowledge-management-intern-8-months-2026,Hitachi Energy,Engineering Knowledge Management Intern - 8 months,software-engineering,,closed,onsite,Toronto,ON,—,unknown,false,,2026-07-07,https://hitachi.wd1.myworkdayjobs.com/hitachi/job/Toronto-Ontario-Canada/Engineering-Knowledge-Management-Intern--Fall-2026--8-months-_R1012818-1,,masters,,fall,2026
hntb-strategic-technology-intern-sed-division-2027-9c3835,HNTB,Strategic Technology Intern - SED Division,software-engineering,,open,onsite,"Tampa, FL +1",USA,—,unknown,false,,2026-08-09,https://hntb.wd5.myworkdayjobs.com/hntb_university_careers/job/Tallahassee-FL/Strategic-Technology-Intern---Summer-2027--SED-Division--For-Current-Former-HNTB-Interns-Only-_R-31092,,,,summer,2027
hntb-strategic-technology-intern-sed-division-2027,HNTB,Strategic Technology Intern - SED Division,software-engineering,,open,onsite,"Tampa, FL +1",USA,—,unknown,false,,2026-08-09,https://hntb.wd5.myworkdayjobs.com/hntb_careers/job/Tallahassee-FL/Strategic-Technology-Intern---Summer-2027--SED-Division--For-Current-Former-HNTB-Interns-Only-_R-31092-1,,,,summer,2027
homebase-forward-deployed-engineering-intern-ai-native-2027,Homebase,"Forward Deployed Engineering Intern, AI-Native",ai,,open,onsite,"Houston, TX +1",USA,—,unknown,false,,2026-04-28,https://jobs.ashbyhq.com/homebase/a7ab59c0-786e-4675-b684-2ed19b240fb2,,,,summer,2027
hone-health-data-engineering-intern-2026,Hone Health,Data Engineering Intern,data-engineering,,open,remote,Remote,,—,unknown,false,,2026-07-08,https://job-boards.greenhouse.io/honehealth/jobs/5308958008,,masters,,fall,2026
horizon-industries-appian-intern-2026,Horizon Industries,Appian Intern,software-engineering,,open,onsite,"Washington, DC",USA,—,unknown,false,,2026-07-07,https://job-boards.greenhouse.io/horizonindustrieslimited/jobs/5301639008,,,,fall,2026
hpr-hyannis-port-research-fpga-engineer-intern-2027,HPR (Hyannis Port Research),FPGA Engineer Intern,hardware,,open,onsite,"Needham, MA",USA,—,unknown,false,,2026-08-01,https://job-boards.greenhouse.io/hyannisportresearch/jobs/7822801003,,masters,,summer,2027
hpr-hyannis-port-research-software-engineer-intern-2027,HPR (Hyannis Port Research),Software Engineer Intern,software-engineering,,open,onsite,"Needham, MA",USA,—,unknown,false,,2026-08-01,https://job-boards.greenhouse.io/hyannisportresearch/jobs/7822989003,,masters,,summer,2027
hubs-is-product-intern-2026,Hubs.is,Product Intern,software-engineering,,open,remote,Remote,,—,unknown,false,,2026-07-21,https://jobs.ashbyhq.com/hubs.is/00dc1010-f699-4f43-822b-fdfa57a0da8a/application?embed=true,,,,fall,2026
hudson-river-trading-algorithm-development-intern-quant-research-2027-92c392,Hudson River Trading,Algorithm Development Intern - Quant Research,quant,,open,onsite,NYC +1,USA,—,unknown,false,,2026-07-13,https://www.hudsonrivertrading.com/careers/job/?gh_jid=8059837,,,,summer,2027
hudson-river-trading-algorithm-development-intern-quant-research-2027,Hudson River Trading,Algorithm Development Intern - Quant Research,quant,,open,onsite,NYC +1,USA,—,unknown,false,,2026-07-13,https://www.hudsonrivertrading.com/careers/job/?gh_jid=7964062,,,,summer,2027
hudson-river-trading-intern-2027,Hudson River Trading,Intern,software-engineering,,open,onsite,"New York, NY",USA,—,unknown,false,,2026-07-24,https://www.hudsonrivertrading.com/hrt-job/algorithm-development-quant-research-internship-summer-2027/,,,,summer,2027
hudson-river-trading-software-engineer-intern-2027,Hudson River Trading,Software Engineer Intern,software-engineering,,open,onsite,"Austin, TX +2",USA,—,unknown,false,,2026-07-24,https://www.hudsonrivertrading.com/hrt-job/software-engineering-internship-c-or-python-summer-2027/,,,,summer,2027
hudson-river-trading-software-engineer-intern-c-or-python-2027,Hudson River Trading,Software Engineer Intern - C++ or Python,software-engineering,,open,onsite,"Austin, TX +2",USA,—,unknown,false,,2026-07-13,https://www.hudsonrivertrading.com/careers/job/?gh_jid=8052083,,,,summer,2027
human-computer-lab-software-ml-engineering-intern-2026,Human Computer Lab,Software/ML Engineering Intern,machine-learning,,open,onsite,Toronto +1,ON,—,unknown,false,,2026-07-01,https://jobs.ashbyhq.com/human-computer-lab/7d13ae27-1f02-4d9b-8d39-e3d9d67df705/application,,,,fall,2026
hyperlight-integrated-photonics-intern-2026,HyperLight,Integrated Photonics Intern,software-engineering,,open,onsite,"Cambridge, MA",USA,—,unknown,false,,2026-08-08,https://apply.workable.com/hyperlight/j/498D9988C8/apply,,masters;phd,,fall,2026
hyperlight-software-engineer-intern-2027,HyperLight,Software Engineer Intern,software-engineering,,open,onsite,"Cambridge, MA",USA,—,unknown,false,,2026-07-27,https://apply.workable.com/hyperlight/j/5581EA0668/,,,,summer,2027
ignite-digital-services-engineer-scientist-intern-2026,Ignite Digital Services,Engineer/Scientist Intern,software-engineering,,closed,onsite,"Chesapeake, VA",USA,—,unknown,false,,2026-07-14,https://ignite-digital.com/careers/job-listings/?gh_jid=5348498008,,,,fall,2026
iheartmedia-research-intern-2026,iHeartMedia,Research Intern,research,,open,onsite,Florida,USA,—,unknown,false,,2026-07-04,https://iheartmedia.wd5.myworkdayjobs.com/External_iHM/job/Virtual-FL/Research-Intern_Req37325,,,,fall,2026
imc-hardware-engineer-intern-2027,IMC,Hardware Engineer Intern,hardware,,open,onsite,"Chicago, IL",USA,—,yes,false,,2026-07-24,https://www.imc.com/us/careers/jobs/4823945101,,,,summer,2027
imc-quantitative-research-intern-2027,IMC,Quantitative Research Intern,quant,,open,onsite,"Chicago, IL",USA,—,yes,false,,2026-07-24,https://www.imc.com/us/careers/jobs/4907399101,,,,summer,2027
imc-quantitative-research-intern-phd-2027,IMC,Quantitative Research Intern (PHD),quant,,open,onsite,Chicago,USA,—,yes,false,,2026-07-24,https://www.imc.com/us/careers/jobs/4907400101,,,,summer,2027
imc-software-engineer-intern-2027,IMC,Software Engineer Intern,software-engineering,,open,onsite,"Chicago, IL",USA,—,unknown,false,,2026-07-07,https://www.imc.com/us/careers/jobs/4823924101,,,,summer,2027
imc-trading-2027-fpga-intern-iit-bombay-2027,IMC Trading,2027 - FPGA Intern - IIT Bombay,hardware,,closed,onsite,Amsterdam,USA,—,unknown,false,,2026-07-03,https://job-boards.eu.greenhouse.io/imc/jobs/4860306101,,,,summer,2027
imc-trading-2027-quant-research-intern-bits-pilani-2027,IMC Trading,2027 - Quant Research Intern - BITS Pilani,quant,,closed,onsite,Amsterdam,USA,—,unknown,false,,2026-08-01,https://job-boards.eu.greenhouse.io/imc/jobs/4942958101,,,,summer,2027
imc-trading-2027-quant-research-intern-iit-bombay-2027,IMC Trading,2027 - Quant Research Intern - IIT Bombay,quant,,closed,onsite,Amsterdam,USA,—,unknown,false,,2026-07-02,https://job-boards.eu.greenhouse.io/imc/jobs/4860277101,,,,summer,2027
imc-trading-2027-quant-research-intern-iit-delhi-2027,IMC Trading,2027 - Quant Research Intern - IIT Delhi,quant,,closed,onsite,Amsterdam,USA,—,unknown,false,,2026-07-06,https://job-boards.eu.greenhouse.io/imc/jobs/4917441101,,,,summer,2027
imc-trading-2027-software-engineering-intern-bits-pilani-2027,IMC Trading,2027 - Software Engineering Intern - BITS Pilani,quant,,closed,onsite,Mumbai,USA,—,unknown,false,,2026-07-06,https://job-boards.eu.greenhouse.io/imc/jobs/4917549101,,,,summer,2027
imc-trading-2027-software-engineering-intern-iit-bombay-2027,IMC Trading,2027 - Software Engineering Intern - IIT Bombay,quant,,closed,onsite,Mumbai,USA,—,unknown,false,,2026-07-06,https://job-boards.eu.greenhouse.io/imc/jobs/4860319101,,,,summer,2027
imc-trading-2027-software-engineering-intern-iit-delhi-2027,IMC Trading,2027 - Software Engineering Intern - IIT Delhi,quant,,closed,onsite,Mumbai,USA,—,unknown,false,,2026-07-06,https://job-boards.eu.greenhouse.io/imc/jobs/4917535101,,,,summer,2027
imc-trading-hardware-engineer-intern-2027-deea3d,IMC Trading,Hardware Engineer Intern,hardware,,open,onsite,Amsterdam,USA,—,unknown,false,,2026-07-31,https://job-boards.eu.greenhouse.io/imc/jobs/4927149101,,,,summer,2027
imc-trading-hardware-engineer-intern-2027,IMC Trading,Hardware Engineer Intern,hardware,,open,onsite,"Chicago, IL +1",USA,—,unknown,false,,2026-07-01,https://job-boards.eu.greenhouse.io/imc/jobs/4823945101,,,,summer,2027
imc-trading-hardware-machine-learning-phd-research-internship-2027,IMC Trading,Hardware Machine Learning PhD Research Internship,machine-learning,,open,onsite,Chicago,USA,—,unknown,false,,2026-04-16,https://job-boards.eu.greenhouse.io/imc/jobs/4829785101,,,,summer,2027
imc-trading-hk-2027-quant-research-intern-2027,IMC Trading,HK - 2027 - Quant Research Intern,quant,,open,onsite,Hong Kong,USA,—,unknown,false,,2026-08-12,https://job-boards.eu.greenhouse.io/imc/jobs/4941208101,,,,summer,2027
imc-trading-hk-2027-software-engineer-intern-2027,IMC Trading,HK - 2027 - Software Engineer Intern,quant,,open,onsite,Hong Kong,USA,—,unknown,false,,2026-08-12,https://job-boards.eu.greenhouse.io/imc/jobs/4941206101,,,,summer,2027
imc-trading-hk-2027-trader-intern-2027,IMC Trading,HK - 2027 - Trader Intern,quant,,open,onsite,Hong Kong,USA,—,unknown,false,,2026-08-12,https://job-boards.eu.greenhouse.io/imc/jobs/4941205101,,,,summer,2027
imc-trading-machine-learning-research-intern-2027-963084,IMC Trading,Machine Learning Research Intern,machine-learning,,open,onsite,London +1,UK,—,unknown,false,,2026-07-06,https://job-boards.eu.greenhouse.io/imc/jobs/4912874101,,masters,,summer,2027
imc-trading-machine-learning-research-intern-2027,IMC Trading,Machine Learning Research Intern,machine-learning,,open,onsite,"Chicago, IL +1",USA,—,unknown,false,,2026-07-01,https://job-boards.eu.greenhouse.io/imc/jobs/4907430101,,phd,,summer,2027
imc-trading-macro-analyst-intern-2027,IMC Trading,Macro Analyst Intern,quant,,open,onsite,Amsterdam,USA,—,unknown,false,,2026-07-31,https://job-boards.eu.greenhouse.io/imc/jobs/4941380101,,,,summer,2027
imc-trading-quantitative-research-intern-2027,IMC Trading,Quantitative Research Intern,quant,,open,onsite,"Chicago, IL +1",USA,—,unknown,false,,2026-07-01,https://job-boards.eu.greenhouse.io/imc/jobs/4907399101,,masters,,summer,2027
imc-trading-quantitative-research-intern-phd-summer-2027-2027,IMC Trading,Quantitative Research Intern (PhD) - Summer 2027,quant,,open,onsite,Chicago,USA,—,unknown,false,,2026-07-01,https://job-boards.eu.greenhouse.io/imc/jobs/4907400101,,,,summer,2027
imc-trading-quantitative-trader-intern-2027-1b3bef,IMC Trading,Quantitative Trader Intern,quant,,open,onsite,Amsterdam,USA,—,unknown,false,,2026-07-31,https://job-boards.eu.greenhouse.io/imc/jobs/4936262101,,,,summer,2027
imc-trading-quantitative-trader-intern-2027,IMC Trading,Quantitative Trader Intern,quant,,open,onsite,"Chicago, IL +1",USA,—,unknown,false,,2026-07-01,https://job-boards.eu.greenhouse.io/imc/jobs/4823923101,,,,summer,2027
imc-trading-software-engineer-intern-2027,IMC Trading,Software Engineer Intern,quant,,open,onsite,Amsterdam,USA,—,unknown,false,,2026-05-07,https://job-boards.eu.greenhouse.io/imc/jobs/4667854101,,,,summer,2027
imc-trading-software-engineer-intern-summer-2027-2027,IMC Trading,Software Engineer Intern - Summer 2027,quant,,open,onsite,Chicago,USA,—,unknown,false,,2026-07-01,https://job-boards.eu.greenhouse.io/imc/jobs/4823924101,,,,summer,2027
imc-trading-trader-intern-2027,IMC Trading,Trader Intern,quant,,open,onsite,Amsterdam,USA,—,unknown,false,,2026-07-31,https://job-boards.eu.greenhouse.io/imc/jobs/4939846101,,,,summer,2027
impact-com-associate-software-engineer-intern-2026,impact.com,Associate Software Engineer Intern,software-engineering,,open,onsite,"Santa Barbara, CA",USA,—,unknown,false,,2026-08-06,https://job-boards.greenhouse.io/impact/jobs/8645964002,,,,fall,2026
impulse-space-data-analytics-intern-2026,Impulse Space,Data Analytics Intern,software-engineering,,open,onsite,"El Segundo, CA",USA,—,unknown,false,,2026-07-22,https://impulsespace.pinpointhq.com/en/postings/bf86b5dc-b3bd-4bb1-b51c-75744ff8d978?ats=pinpointhq,,,,fall,2026
impulse-space-radio-frequency-engineering-intern-2026,Impulse Space,Radio Frequency Engineering Intern,software-engineering,,closed,onsite,"El Segundo, CA",USA,—,unknown,false,,2026-04-06,https://impulsespace.pinpointhq.com/en/postings/89b783a7-a1be-4aa4-8e3d-117e03d175cd?ats=pinpointhq,,masters,,fall,2026
incident-iq-software-engineer-intern-2026,Incident IQ,Software Engineer Intern,software-engineering,,open,onsite,"Alpharetta, GA",USA,—,unknown,false,,2026-08-03,https://job-boards.greenhouse.io/incidentiq/jobs/7824038003,,,,fall,2026
infinitequant-quantitative-researcher-intern-2027,InfiniteQuant,Quantitative Researcher Intern,quant,,closed,onsite,Dubai - United Arab Emirates +1,USA,—,unknown,false,,2026-05-29,https://jobs.smartrecruiters.com/InfiniteQuant/744000129235439,,masters;phd,,summer,2027
infinitequant-quantitative-researcher-intern-summer-2027-2027,InfiniteQuant,Quantitative Researcher Intern - Summer 2027,quant,,open,onsite,Dubai - United Arab Emirates +1,USA,—,unknown,false,,2026-08-10,https://jobs.smartrecruiters.com/InfiniteQuant/744000142560129,,masters;phd,,summer,2027
ing-technology-intern-innovation-2027,ING,Technology Intern - Innovation,software-engineering,,closed,onsite,NYC,USA,—,unknown,false,,2026-08-10,https://ing.wd3.myworkdayjobs.com/icsgblcor/job/New-York/Summer-2027-Internship---Tech--Innovation-_REQ-10119619,,,,summer,2027
inizio-data-and-analytics-intern-2026,Inizio,Data and Analytics Intern,software-engineering,,open,onsite,Manchester,UK,—,unknown,false,,2026-08-04,https://job-boards.greenhouse.io/inizio/jobs/8066854,,,,fall,2026
innovation-works-inc-scale-prototyping-shop-intern-2026,"Innovation Works, Inc.",Scale Prototyping Shop Intern,software-engineering,,open,onsite,"Pittsburgh, PA",USA,—,unknown,false,,2026-08-03,https://innovationworks.applytojob.com/apply/nrxEUkXjtp/Scale-Prototyping-Shop-Intern-Innovation-Works-Inc,,,,fall,2026
inogen-firmware-engineer-intern-2026,Inogen,Firmware Engineer Intern,embedded,,closed,onsite,"Plano, TX",USA,—,unknown,false,,2026-08-04,https://jobs.jobvite.com/inogen/job/om2zAfwh?nl=1&nl=1&fr=false,,masters,,fall,2026
instacart-machine-learning-engineer-phd-intern-fall-2027,Instacart,"Machine Learning Engineer, PhD Intern (Fall)",machine-learning,,closed,remote,Remote,,—,unknown,false,,2024-04-18,https://instacart.careers/job/?gh_jid=5917202,,,,summer,2027
instacart-machine-learning-phd-intern-economics-fall-2027,Instacart,"Machine Learning PhD Intern, Economics (Fall)",machine-learning,,closed,remote,Remote,,—,unknown,false,,2026-01-13,https://instacart.careers/job/?gh_jid=7532267,,,,summer,2027
integra-fec-data-analyst-intern-2026-f0f7fc,Integra FEC,Data Analyst Intern,software-engineering,,open,onsite,"Austin, TX",USA,—,unknown,false,,2026-04-28,https://job-boards.greenhouse.io/integrainterns/jobs/5134523008,,masters;phd,,fall,2026
integra-fec-data-analyst-intern-2026,Integra FEC,Data Analyst Intern,software-engineering,,open,onsite,"Austin, TX",USA,—,unknown,false,,2026-04-28,https://job-boards.greenhouse.io/integra/jobs/5134522008,,masters;phd,,fall,2026
integra-fec-data-scientist-intern-2026,Integra FEC,Data Scientist Intern,data-science,,open,onsite,"Austin, TX",USA,—,unknown,false,,2026-04-28,https://job-boards.greenhouse.io/integrainterns/jobs/5134593008,,phd,,fall,2026
integra-fec-data-scientist-intern-phd-2026,Integra FEC,Data Scientist Intern - PhD,data-science,,open,onsite,"Austin, TX",USA,—,unknown,false,,2026-04-28,https://job-boards.greenhouse.io/integra/jobs/5134592008,,phd,,fall,2026
integrity-research-intern-2026,Integrity,Research Intern,research,,closed,onsite,"Minneapolis, MN",USA,—,unknown,false,,2026-07-02,https://integritymarketing.wd1.myworkdayjobs.com/en-US/Integrity/job/Minneapolis-MN/Research-Intern_JR4284,,,,fall,2026
intel-ai-applied-intern-2026,Intel,AI Applied Intern,ai,,closed,onsite,"Hillsboro, OR",USA,—,unknown,false,,2026-07-27,https://intel.wd1.myworkdayjobs.com/en-us/external/job/US-Oregon-Hillsboro/AI-Applied-intern_JR0285916,,phd,,fall,2026
intel-ai-software-engineer-intern-2026,Intel,AI Software Engineer Intern,ai,,closed,remote,Remote,,—,unknown,false,,2026-08-03,https://intel.wd1.myworkdayjobs.com/en-us/external/job/Virtual-US/AI-Software-Engineer-Graduate-Intern_JR0285989,,masters,,fall,2026
intel-ai-software-engineering-intern-2026,Intel,AI Software Engineering Intern,ai,,closed,onsite,"Hillsboro, OR +1",USA,—,no,false,,2026-04-29,https://intel.wd1.myworkdayjobs.com/External/job/US-Oregon-Hillsboro/AI-Software-Engineering-Intern_JR0282639,,,,fall,2026
intel-corporation-ai-software-engineering-phd-intern-2027,Intel Corporation,AI Software Engineering PhD Intern,ai,,closed,onsite,"Hillsboro, OR",USA,—,yes,false,,2026-07-27,https://intel.wd1.myworkdayjobs.com/external/job/US-Oregon-Hillsboro/AI-Applied-intern_JR0285916,,,,summer,2027
intelligenesis-applied-data-scientist-intern-2026,IntelliGenesis,Applied Data Scientist Intern,data-science,,open,onsite,"Columbia, MD",USA,—,unknown,false,,2026-08-03,http://intelligenesis.applytojob.com/apply/synY3toJUH/Applied-Data-Scientist-Internship-DoW-SkillBridge,,,,fall,2026
intercontinental-exchange-inc-artificial-intelligence-data-machine-learning-intern-2027,"Intercontinental Exchange, Inc.","Artificial Intelligence, Data & Machine Learning Intern",machine-learning,,open,onsite,"New York, NY",USA,—,unknown,false,,2026-04-20,https://careers.ice.com/jobs/12830?lang=en-us&iis=LinkedIn&iisn=Linkedin&mode=apply&jr_id=69e67bb27820c036924d0af9,,,,summer,2027
international-rescue-committee-irc-data-integration-reporting-intern-2026,International Rescue Committee (IRC),Data Integration & Reporting Intern,software-engineering,,open,onsite,"San Diego, CA",USA,—,unknown,false,,2026-07-24,https://theirc.wd1.myworkdayjobs.com/en-US/External_Careers/job/San-Diego-CA-USA/Fall-2026--Data-Integration---Reporting-Intern--Unpaid-_JR00004327,,masters,,fall,2026
international-rescue-committee-irc-development-data-and-research-intern-2026,International Rescue Committee (IRC),Development Data and Research Intern,research,,open,onsite,"Silver Spring, MD",USA,—,unknown,false,,2026-07-04,https://theirc.wd1.myworkdayjobs.com/en-US/External_Careers/job/Silver-Spring-MD-USA/Development---Grant-Coordination-Intern--Summer-2026-_JR00002373,,masters,,fall,2026
intuitive-surgical-computer-vision-engineer-intern-2026,Intuitive Surgical,Computer Vision Engineer Intern,software-engineering,,open,onsite,"Sunnyvale, CA",USA,—,unknown,false,,2026-06-22,https://jobs.smartrecruiters.com/Intuitive/744000133458290,,masters;phd,,fall,2026
jane-street-cybersecurity-analyst-intern-2027,Jane Street,Cybersecurity Analyst Intern,security,,open,onsite,"New York, NY",USA,—,yes,false,,2026-07-24,https://www.janestreet.com/join-jane-street/position/8632723002/,,,,summer,2027
jane-street-data-engineer-intern-2027,Jane Street,Data Engineer Intern,data-engineering,,open,onsite,"New York, NY",USA,—,yes,false,,2026-07-24,https://www.janestreet.com/join-jane-street/position/8631973002/,,,,summer,2027
jane-street-fundamental-research-analyst-intern-2027,Jane Street,Fundamental Research Analyst Intern,research,,open,onsite,"New York, NY",USA,—,unknown,false,,2026-07-24,https://www.janestreet.com/join-jane-street/position/8347286002/,,,,summer,2027
jane-street-hardware-engineer-fpga-asic-intern-2027,Jane Street,Hardware Engineer (FPGA/ASIC) Intern,hardware,,open,onsite,"New York, NY",USA,—,unknown,false,,2026-07-24,https://www.janestreet.com/join-jane-street/position/8624440002/,,,,summer,2027
jane-street-linux-engineer-intern-2027,Jane Street,Linux Engineer Intern,software-engineering,,open,onsite,"New York, NY",USA,—,unknown,false,,2026-07-24,https://www.janestreet.com/join-jane-street/position/8626260002/,,,,summer,2027
jane-street-machine-learning-engineer-intern-2027,Jane Street,Machine Learning Engineer Intern,machine-learning,,open,onsite,"New York, NY",USA,—,unknown,false,,2026-07-24,https://www.janestreet.com/join-jane-street/position/8611307002/,,,,summer,2027
jane-street-machine-learning-researcher-intern-2027,Jane Street,Machine Learning Researcher Intern,machine-learning,,open,onsite,"New York, NY",USA,—,yes,false,,2026-07-24,https://www.janestreet.com/join-jane-street/position/8384490002/,,,,summer,2027
jane-street-network-engineer-intern-2027,Jane Street,Network Engineer Intern,software-engineering,,open,onsite,"New York, NY",USA,—,yes,false,,2026-07-24,https://www.janestreet.com/join-jane-street/position/8620793002/,,,,summer,2027
jane-street-quantitative-researcher-intern-2027,Jane Street,Quantitative Researcher Intern,quant,,open,onsite,"New York, NY",USA,—,yes,false,,2026-07-24,https://www.janestreet.com/join-jane-street/position/8498547002/,,,,summer,2027
jane-street-quantitative-trader-intern-2027,Jane Street,Quantitative Trader Intern,quant,,open,onsite,"New York, NY",USA,—,yes,false,,2026-07-24,https://www.janestreet.com/join-jane-street/position/8617344002/,,,,summer,2027
jane-street-sales-and-trading-intern-2027-9072ad,Jane Street,Sales and Trading Intern,quant,,open,onsite,"New York, NY",USA,—,yes,false,,2026-07-24,https://www.janestreet.com/join-jane-street/position/8347385002/,,,,summer,2027
jane-street-sales-and-trading-intern-2027,Jane Street,Sales and Trading Intern,quant,,open,onsite,London,UK,—,yes,false,,2026-08-03,https://www.janestreet.com/join-jane-street/apply/8537797002?gh_jid=8537797002,,,,summer,2027
jane-street-software-engineer-intern-2027-d73805,Jane Street,Software Engineer Intern,software-engineering,,open,onsite,"New York, NY",USA,—,unknown,false,,2026-07-24,https://www.janestreet.com/join-jane-street/position/8599644002/,,,,summer,2027
jane-street-software-engineer-intern-2027,Jane Street,Software Engineer Intern,software-engineering,,open,onsite,"New York, NY",USA,—,yes,false,,2026-07-24,https://www.janestreet.com/join-jane-street/position/8419303002/,,,,spring,2027
jane-street-tools-and-compilers-research-and-development-intern-2027,Jane Street,Tools and Compilers Research and Development Intern,research,,open,onsite,"New York, NY",USA,—,yes,false,,2026-07-24,https://www.janestreet.com/join-jane-street/position/5869205002/,,,,summer,2027
jane-street-trading-desk-operations-engineer-intern-2027,Jane Street,Trading Desk Operations Engineer Intern,quant,,open,onsite,"New York, NY",USA,—,unknown,false,,2026-07-24,https://www.janestreet.com/join-jane-street/position/8621450002/,,,,summer,2027
jane-street-windows-engineer-intern-2027,Jane Street,Windows Engineer Intern,software-engineering,,open,onsite,"New York, NY",USA,—,unknown,false,,2026-07-24,https://www.janestreet.com/join-jane-street/position/8628843002/,,,,summer,2027
jingdong-software-engineering-intern-2026,JINGDONG,Software Engineering Intern,software-engineering,,closed,onsite,London,UK,—,unknown,false,,2026-07-21,https://jd.wd103.myworkdayjobs.com/Campus_Career_Site/job/GBR-London/Software-Engineering-Internship_JR103340,,,,fall,2026
jp-morgan-chase-data-ai-intern-analyst-2027,JP Morgan Chase,Data & AI Intern - Analyst,ai,,open,onsite,"Palo Alto, CA +7",USA,—,unknown,false,,2026-08-03,https://jpmc.fa.oraclecloud.com/hcmUI/CandidateExperience/en/sites/CX_1001/job/210773869,,masters,,summer,2027
jp-morgan-chase-data-internship-data-ai-program-2027,JP Morgan Chase,Data Internship - Data & AI Program,ai,,open,onsite,"Palo Alto, CA +7",USA,—,unknown,false,,2026-08-03,https://jpmc.fa.oraclecloud.com/hcmUI/CandidateExperience/en/sites/CX_1001/job/210775223,,masters,,summer,2027
jp-morgan-chase-quantitative-research-intern-2027,JP Morgan Chase,Quantitative Research Intern,quant,,open,onsite,NYC,USA,—,unknown,false,,2026-08-03,https://jpmc.fa.oraclecloud.com/hcmUI/CandidateExperience/en/sites/CX_1001/job/210774061,,phd,,summer,2027
jp-morgan-chase-quantitative-research-intern-markets-analyst-2027,JP Morgan Chase,Quantitative Research Intern - Markets - Analyst,quant,,open,onsite,NYC,USA,—,unknown,false,,2026-08-03,https://jpmc.fa.oraclecloud.com/hcmUI/CandidateExperience/en/sites/CX_1001/job/210774038,,masters,,summer,2027
jp-morgan-chase-quantitative-research-intern-risk-and-treasury-2027,JP Morgan Chase,Quantitative Research Intern - Risk and Treasury,quant,,open,onsite,"Plano, TX +2",USA,—,unknown,false,,2026-08-03,https://jpmc.fa.oraclecloud.com/hcmUI/CandidateExperience/en/sites/CX_1001/job/210773978,,masters;phd,,summer,2027
jp-morgan-chase-quantitative-research-summer-analyst-intern-asset-management-2027,JP Morgan Chase,Quantitative Research Summer Analyst Intern - Asset Management,quant,,open,onsite,NYC,USA,—,unknown,false,,2026-08-03,https://jpmc.fa.oraclecloud.com/hcmUI/CandidateExperience/en/sites/CX_1001/job/210774074,,masters,,summer,2027
jp-morgan-chase-software-engineer-intern-software-engineer-program-2027,JP Morgan Chase,Software Engineer Intern - Software Engineer Program,software-engineering,,open,onsite,"Palo Alto, CA +8",USA,—,unknown,false,,2026-08-03,https://jpmc.fa.oraclecloud.com/hcmUI/CandidateExperience/en/sites/CX_1001/job/210773759,,masters,,summer,2027
jump-trading-ai-research-engineer-intern-2026,Jump Trading,AI Research Engineer Intern,ai,,open,onsite,"Chicago, IL +1",USA,—,unknown,false,,2026-07-08,https://boards.greenhouse.io/embed/job_app?token=8052281,,,,fall,2026
jump-trading-ai-research-engineer-intern-research-automation-2026,Jump Trading,AI Research Engineer Intern - Research Automation,ai,,open,onsite,"Chicago, IL +1",USA,—,unknown,false,,2026-07-08,https://boards.greenhouse.io/embed/job_app?token=8052351,,,,fall,2026
jump-trading-campus-ai-research-engineer-deep-learning-intern-2027,Jump Trading,Campus AI Research Engineer - Deep Learning (Intern),machine-learning,,open,onsite,Chicago,USA,—,unknown,false,,2026-07-08,https://www.jumptrading.com/hr/job?gh_jid=8052338,,,,summer,2027
jump-trading-campus-ai-research-engineer-intern-2027,Jump Trading,Campus AI Research Engineer (Intern),ai,,open,onsite,Chicago,USA,—,unknown,false,,2026-07-08,https://www.jumptrading.com/hr/job?gh_jid=8052281,,,,summer,2027
jump-trading-campus-ai-research-engineer-intern-deep-learning-2026,Jump Trading,Campus AI Research Engineer Intern - Deep Learning,machine-learning,,open,onsite,"Chicago, IL +1",USA,—,unknown,false,,2026-07-08,https://boards.greenhouse.io/embed/job_app?token=8052338,,,,fall,2026
jump-trading-campus-ai-research-engineer-research-automation-intern-2027,Jump Trading,Campus AI Research Engineer – Research Automation (Intern),ai,,open,onsite,Chicago,USA,—,unknown,false,,2026-07-08,https://www.jumptrading.com/hr/job?gh_jid=8052351,,,,summer,2027
jump-trading-campus-ai-researcher-intern-2026,Jump Trading,Campus AI Researcher Intern,ai,,open,onsite,London,UK,—,unknown,false,,2026-07-13,https://boards.greenhouse.io/embed/job_app?token=7976964,,phd,,fall,2026
jump-trading-campus-ai-researcher-phd-postdoc-intern-2027,Jump Trading,"Campus AI Researcher, PhD/Postdoc (Intern)",ai,,open,onsite,London,USA,—,unknown,false,,2026-07-13,https://www.jumptrading.com/hr/job?gh_jid=7976964,,,,summer,2027
jump-trading-campus-asic-engineer-intern-2026,Jump Trading,Campus ASIC Engineer Intern,hardware,,open,onsite,Bristol,UK,—,unknown,false,,2026-07-13,https://boards.greenhouse.io/embed/job_app?token=7974837,,,,fall,2026
jump-trading-campus-asic-engineer-intern-2027,Jump Trading,Campus ASIC Engineer (Intern),hardware,,open,onsite,Bristol,USA,—,unknown,false,,2026-07-13,https://www.jumptrading.com/hr/job?gh_jid=7974837,,,,summer,2027
jump-trading-campus-c-software-engineer-intern-2027,Jump Trading,Campus C++ Software Engineer (Intern),quant,,open,onsite,Singapore,USA,—,unknown,false,,2026-08-03,https://www.jumptrading.com/hr/job?gh_jid=8027946,,,,summer,2027
jump-trading-campus-crypto-researcher-intern-2027,Jump Trading,Campus Crypto Researcher (Intern),research,,open,onsite,London,USA,—,unknown,false,,2025-10-29,https://www.jumptrading.com/hr/job?gh_jid=7362318,,,,summer,2027
jump-trading-campus-data-engineer-intern-2027-bfb324,Jump Trading,Campus Data Engineer (Intern),data-engineering,,open,onsite,Chicago,USA,—,unknown,false,,2026-07-08,https://www.jumptrading.com/hr/job?gh_jid=8002998,,,,summer,2027
jump-trading-campus-data-engineer-intern-2027,Jump Trading,Campus Data Engineer (Intern),data-engineering,,open,onsite,London,USA,—,unknown,false,,2026-07-13,https://www.jumptrading.com/hr/job?gh_jid=7975008,,,,summer,2027
jump-trading-campus-fpga-engineer-intern-2026,Jump Trading,Campus FPGA Engineer Intern,hardware,,open,onsite,London,UK,—,unknown,false,,2026-07-13,https://boards.greenhouse.io/embed/job_app?token=7974391,,,,fall,2026
jump-trading-campus-fpga-engineer-intern-2027-6ab7eb,Jump Trading,Campus FPGA Engineer (Intern),hardware,,open,onsite,Chicago,USA,—,unknown,false,,2026-07-08,https://www.jumptrading.com/hr/job?gh_jid=8003013,,,,summer,2027
jump-trading-campus-fpga-engineer-intern-2027,Jump Trading,Campus FPGA Engineer (Intern),hardware,,open,onsite,London,USA,—,unknown,false,,2026-07-13,https://www.jumptrading.com/hr/job?gh_jid=7974391,,,,summer,2027
jump-trading-campus-ml-research-engineer-intern-2026,Jump Trading,Campus ML Research Engineer Intern,machine-learning,,open,onsite,London,UK,—,unknown,false,,2026-07-13,https://boards.greenhouse.io/embed/job_app?token=7977145,,,,fall,2026
jump-trading-campus-ml-research-engineer-intern-2027,Jump Trading,Campus ML Research Engineer (Intern),machine-learning,,open,onsite,London,USA,—,unknown,false,,2026-07-13,https://www.jumptrading.com/hr/job?gh_jid=7977145,,,,summer,2027
jump-trading-campus-python-software-engineer-intern-2027,Jump Trading,Campus Python Software Engineer (Intern),quant,,open,onsite,Singapore,USA,—,unknown,false,,2026-08-03,https://www.jumptrading.com/hr/job?gh_jid=8027955,,,,summer,2027
jump-trading-campus-quantitative-researcher-intern-2026,Jump Trading,Campus Quantitative Researcher Intern,quant,,closed,onsite,"Chicago, IL +1",USA,—,unknown,false,,2026-07-08,https://boards.greenhouse.io/embed/job_app?token=7982648,,,,fall,2026
jump-trading-campus-quantitative-researcher-intern-2027-acc799,Jump Trading,Campus Quantitative Researcher (Intern),quant,,open,onsite,Singapore,USA,—,unknown,false,,2026-08-03,https://www.jumptrading.com/hr/job?gh_jid=8027939,,,,summer,2027
jump-trading-campus-quantitative-researcher-intern-2027,Jump Trading,Campus Quantitative Researcher (Intern),quant,,open,onsite,London,USA,—,unknown,false,,2026-07-13,https://www.jumptrading.com/hr/job?gh_jid=8010307,,,,summer,2027
jump-trading-campus-quantitative-researcher-intern-phd-2027,Jump Trading,Campus Quantitative Researcher Intern - PhD,quant,,open,onsite,"Chicago, IL +1",USA,—,unknown,false,,2026-07-08,https://boards.greenhouse.io/embed/job_app?token=8049938,,phd,,summer,2027
jump-trading-campus-quantitative-researcher-m1-m2-intern-2026,Jump Trading,Campus Quantitative Researcher M1/M2 Intern,quant,,open,onsite,London,UK,—,unknown,false,,2026-07-13,https://boards.greenhouse.io/embed/job_app?token=8059384,,,,fall,2026
jump-trading-campus-quantitative-researcher-m1-m2-intern-2027,Jump Trading,Campus Quantitative Researcher (M1/M2 Intern),quant,,open,onsite,London,USA,—,unknown,false,,2026-07-13,https://www.jumptrading.com/hr/job?gh_jid=8059384,,,,summer,2027
jump-trading-campus-quantitative-researcher-phd-intern-2027,Jump Trading,"Campus Quantitative Researcher, PhD (Intern)",quant,,open,onsite,Chicago,USA,—,unknown,false,,2026-07-08,https://www.jumptrading.com/hr/job?gh_jid=8049938,,,,summer,2027
jump-trading-campus-quantitative-researcher-ug-ms-intern-2027,Jump Trading,"Campus Quantitative Researcher, UG/MS (Intern)",quant,,open,onsite,Chicago,USA,—,unknown,false,,2026-07-08,https://www.jumptrading.com/hr/job?gh_jid=7982648,,,,summer,2027
jump-trading-campus-quantitative-trader-intern-2026-362f8e,Jump Trading,Campus Quantitative Trader Intern,quant,,open,onsite,London,UK,—,unknown,false,,2026-07-13,https://boards.greenhouse.io/embed/job_app?token=8050772,,masters,,fall,2026
jump-trading-campus-quantitative-trader-intern-2026,Jump Trading,Campus Quantitative Trader Intern,quant,,open,onsite,"Chicago, IL +1",USA,—,unknown,false,,2026-07-08,https://boards.greenhouse.io/embed/job_app?token=7848371,,,,fall,2026
jump-trading-campus-quantitative-trader-intern-2027-4e0ccf,Jump Trading,Campus Quantitative Trader (Intern),quant,,open,onsite,Singapore,USA,—,unknown,false,,2026-08-03,https://www.jumptrading.com/hr/job?gh_jid=8027941,,,,summer,2027
jump-trading-campus-quantitative-trader-intern-2027-f59da6,Jump Trading,Campus Quantitative Trader (Intern),quant,,open,onsite,London,USA,—,unknown,false,,2026-07-13,https://www.jumptrading.com/hr/job?gh_jid=8050772,,,,summer,2027
jump-trading-campus-quantitative-trader-intern-2027,Jump Trading,Campus Quantitative Trader (Intern),quant,,open,onsite,Chicago +2,USA,—,unknown,false,,2026-07-08,https://www.jumptrading.com/hr/job?gh_jid=7848371,,,,summer,2027
jump-trading-campus-software-engineer-intern-2027-295be1,Jump Trading,Campus Software Engineer (Intern),quant,,open,onsite,Chicago +1,USA,—,unknown,false,,2026-07-08,https://www.jumptrading.com/hr/job?gh_jid=8002989,,,,summer,2027
jump-trading-campus-software-engineer-intern-2027,Jump Trading,Campus Software Engineer (Intern),quant,,open,onsite,London,USA,—,unknown,false,,2026-07-13,https://www.jumptrading.com/hr/job?gh_jid=7975026,,,,summer,2027
jump-trading-campus-systems-engineer-intern-2027-5098e3,Jump Trading,Campus Systems Engineer (Intern),quant,,open,onsite,Chicago +1,USA,—,unknown,false,,2026-07-08,https://www.jumptrading.com/hr/job?gh_jid=8007788,,,,summer,2027
jump-trading-campus-systems-engineer-intern-2027-d633aa,Jump Trading,Campus Systems Engineer (Intern),quant,,open,onsite,Singapore,USA,—,unknown,false,,2026-08-03,https://www.jumptrading.com/hr/job?gh_jid=8027952,,,,summer,2027
jump-trading-campus-systems-engineer-intern-2027,Jump Trading,Campus Systems Engineer (Intern),quant,,open,onsite,London,USA,—,unknown,false,,2026-07-13,https://www.jumptrading.com/hr/job?gh_jid=8000323,,,,summer,2027
jump-trading-campus-trading-team-software-engineer-intern-2027,Jump Trading,Campus Trading Team Software Engineer  (Intern),quant,,open,onsite,Hong Kong,USA,—,unknown,false,,2026-02-05,https://www.jumptrading.com/hr/job?gh_jid=7565728,,,,summer,2027
jump-trading-campus-ui-software-engineer-intern-2026-3a094d,Jump Trading,Campus UI Software Engineer Intern,design,,open,onsite,"Chicago, IL",USA,—,unknown,false,,2026-07-08,https://boards.greenhouse.io/embed/job_app?token=8003019,,,,fall,2026
jump-trading-campus-ui-software-engineer-intern-2026,Jump Trading,Campus UI Software Engineer Intern,design,,open,onsite,London,UK,—,unknown,false,,2026-07-13,https://boards.greenhouse.io/embed/job_app?token=7974943,,,,fall,2026
jump-trading-campus-ui-software-engineer-intern-2027-76b32d,Jump Trading,Campus UI Software Engineer (Intern),design,,open,onsite,Chicago +1,USA,—,yes,false,,2026-07-08,https://www.jumptrading.com/hr/job?gh_jid=8003019,,,,summer,2027
jump-trading-campus-ui-software-engineer-intern-2027,Jump Trading,Campus UI Software Engineer (Intern),design,,open,onsite,London,USA,—,unknown,false,,2026-07-13,https://www.jumptrading.com/hr/job?gh_jid=7974943,,,,summer,2027
junior-ai-software-engineer-intern-2026,Junior AI,Software Engineer Intern,software-engineering,,open,onsite,NYC,USA,—,unknown,false,,2026-07-21,https://jobs.ashbyhq.com/junior/23ee686b-d305-4ac9-860d-16c99ddb4891/application?embed=true,,,,fall,2026
k-id-engineering-intern-program-2026,k-ID,Engineering Intern - Program,software-engineering,,open,onsite,USA,USA,—,unknown,false,,2026-07-21,https://jobs.ashbyhq.com/k-id/18619df2-45d8-4732-8815-9a340d498d48/application?embed=true,,masters,,fall,2026
k-id-product-intern-2026,k-ID,Product Intern,software-engineering,,open,onsite,USA,USA,—,unknown,false,,2026-07-21,https://jobs.ashbyhq.com/k-id/35d45263-db3b-4553-b017-b4b1bbd0570d/application?embed=true,,masters,,fall,2026
kbr-national-security-solutions-intern-nss-2026,KBR,National Security Solutions Intern - Nss,security,,closed,onsite,"Beavercreek, OH",USA,—,unknown,false,,2026-07-14,https://kbr.wd5.myworkdayjobs.com/KBR_Careers/job/Beavercreek-Township-Ohio/National-Security-Solutions--NSS--Semiconductor-Research-Internship--Fall-2026-_R2126603,,,,fall,2026
kbr-software-intern-2026,KBR,Software Intern,software-engineering,,open,onsite,"Houston, TX",USA,—,unknown,false,,2026-08-06,https://kbr.wd5.myworkdayjobs.com/KBR_Careers/job/Houston-Texas/Software-Intern_R2127863,,,,fall,2026
kepler-communications-fpga-digital-design-engineer-intern-2027,Kepler Communications,FPGA Digital Design Engineer Intern,hardware,,open,onsite,Toronto,ON,—,unknown,false,,2026-07-22,https://jobs.lever.co/kepler/f06ca5e6-2e7f-4b76-a5c4-cb423d3cfc03/apply,,,,winter,2027
keysight-technologies-ai-ml-research-intern-2026,Keysight Technologies,AI/ML Research Intern,machine-learning,,open,onsite,Edinburgh,UK,—,unknown,false,,2026-07-21,https://jobs.keysight.com/jobs/52557?icims=1,,masters;phd,,fall,2026
keysight-technologies-r-d-software-engineer-intern-2026,Keysight Technologies,R&D Software Engineer Intern,software-engineering,,closed,onsite,"Santa Clara, CA +1",USA,—,unknown,false,,2026-07-27,https://jobs.keysight.com/jobs/53652?icims=1,,masters,,fall,2026
keysight-technologies-software-engineer-intern-r-d-fpga-2026,Keysight Technologies,Software Engineer Intern - R&D - FPGA,hardware,,open,onsite,"Santa Clara, CA +1",USA,—,unknown,false,,2026-08-04,https://jobs.keysight.com/jobs/53636?icims=1,,masters,,fall,2026
kimley-horn-software-developer-intern-2027,Kimley-Horn,Software Developer Intern,software-engineering,,open,onsite,"Cary, NC",USA,—,unknown,false,,2026-08-11,https://careers-kimley-horn.icims.com/jobs/25761/job?mobile=true&needsRedirect=false,,,,summer,2027
kinaxis-engineer-co-op-intern-data-analytics-2026,Kinaxis,Engineer Co-op/Intern - Data & Analytics,software-engineering,,closed,onsite,Ottawa,ON,—,unknown,false,,2026-05-20,https://careers-kinaxis.icims.com/jobs/34766/job?mobile=true&needsRedirect=false,,,,fall,2026
kinaxis-software-development-co-op-intern-c-2026,Kinaxis,Software Development Co-op/Intern - C++,software-engineering,,closed,onsite,Ottawa,ON,—,unknown,false,,2026-05-25,https://careers-kinaxis.icims.com/jobs/34764/job?mobile=true&needsRedirect=false,,,,fall,2026
kirin-quantitative-research-intern-prediction-markets-2026,Kirin,Quantitative Research Intern - Prediction Markets,quant,,open,onsite,SF +1,USA,—,unknown,false,,2026-07-21,https://jobs.ashbyhq.com/kirin/93648515-7e6c-43f4-bdcb-0c072f22a15a/application?embed=true,,,,fall,2026
kirin-software-engineer-intern-ai-agents-devices-2026,Kirin,Software Engineer Intern - AI Agents + Devices,ai,,closed,onsite,NYC,USA,—,unknown,false,,2026-07-21,https://jobs.ashbyhq.com/kirin/38772f01-84fd-4f09-a36d-e7fa86341b99/application?embed=true,,,,fall,2026
kodak-marketing-analytics-intern-2026,Kodak,Marketing Analytics Intern,software-engineering,,closed,remote,Remote,,—,unknown,false,,2026-07-27,https://careers.kodak.com/job/USA-Marketing-Analytics-Intern-CA/1412894200/?ats=successfactors,,,,fall,2026
kognitos-forward-deployed-engineer-intern-2026,Kognitos,Forward Deployed Engineer Intern,software-engineering,,open,onsite,"Mountain View, CA",USA,—,unknown,false,,2026-07-28,https://jobs.ashbyhq.com/Kognitos/a4bc3ebf-b619-4c1b-9c9e-784d16c8b148/application?embed=true,,masters,,fall,2026
krafton-programming-intern-2026,KRAFTON,Programming Intern,software-engineering,,closed,onsite,Montreal,QC,—,unknown,false,,2026-06-30,https://job-boards.greenhouse.io/studiokraftonboard/jobs/8613468002,,,,fall,2026
kudu-dynamics-software-engineer-intern-2027-708e73,Kudu Dynamics,Software Engineer Intern,software-engineering,,closed,onsite,"Chantilly, VA",USA,—,unknown,false,,2026-05-22,https://leidos.wd5.myworkdayjobs.com/External/job/Chantilly-VA/Software-Engineer-Intern_R-00183721,,,,summer,2027
kudu-dynamics-software-engineer-intern-2027-b4a22b,Kudu Dynamics,Software Engineer Intern,software-engineering,,closed,onsite,"Chantilly, VA",USA,—,unknown,false,,2026-05-22,https://leidos.wd5.myworkdayjobs.com/External/job/Chantilly-VA/Software-Engineer-Intern_R-00183714,,,,summer,2027
kudu-dynamics-software-engineer-intern-2027,Kudu Dynamics,Software Engineer Intern,software-engineering,,closed,onsite,"Chantilly, VA",USA,—,unknown,false,,2026-05-22,https://leidos.wd5.myworkdayjobs.com/External/job/Chantilly-VA/Software-Engineer-Intern_R-00183707,,,,summer,2027
l-ger-research-intern-2026,Léger,Research Intern,research,,open,onsite,Toronto,ON,—,unknown,false,,2026-08-12,https://jobs.smartrecruiters.com/Leger2/744000141569336,,masters,,fall,2026
lawrence-livermore-national-laboratory-llnl-computing-graduate-student-intern-2026,Lawrence Livermore National Laboratory (LLNL),Computing Graduate Student Intern,software-engineering,,open,onsite,"Livermore, CA",USA,—,unknown,false,,2026-06-26,https://jobs.smartrecruiters.com/LLNL/3743990013801396,,,,fall,2026
lawrence-livermore-national-laboratory-llnl-computing-undergraduate-student-intern-2026,Lawrence Livermore National Laboratory (LLNL),Computing Undergraduate Student Intern,software-engineering,,open,onsite,"Livermore, CA",USA,—,unknown,false,,2026-06-26,https://jobs.smartrecruiters.com/LLNL/3743990013801386,,,,fall,2026
leidos-software-developer-intern-2027,Leidos,Software Developer Intern,software-engineering,,closed,onsite,"Annapolis Junction, MD",USA,—,unknown,false,,2026-07-29,https://leidos.wd5.myworkdayjobs.com/External/job/Annapolis-Junction-MD/Software-Developer-Intern_R-00188311,,,,summer,2027
leland-ai-education-intern-2026,Leland,AI Education Intern,ai,,open,onsite,"Lehi, UT",USA,—,unknown,false,,2026-04-24,https://jobs.ashbyhq.com/leland/94347c0b-273b-4c17-9987-563912629633/application?embed=true,,,,fall,2026
lexisnexis-risk-solutions-editorial-data-reporting-intern-2026,LexisNexis Risk Solutions,Editorial Data Reporting Intern,software-engineering,,closed,remote,Remote,,—,unknown,false,,2026-07-10,https://relx.wd3.myworkdayjobs.com/LexisNexisLegal/job/Home-based-Washington-DC/Editorial-Data-Reporting-Intern_R112971-1,,masters,,fall,2026
light-wonder-mathematics-intern-2026,Light & Wonder,Mathematics Intern,software-engineering,,closed,onsite,"Chicago, IL",USA,—,unknown,false,,2026-06-26,https://lnw.wd5.myworkdayjobs.com/lightwonderexternalcareers/job/Chicago-IL/Math-Intern_R322327,,masters,,fall,2026
littelfuse-intern-1-engineering-2026,Littelfuse,Intern 1 - Engineering,software-engineering,,closed,onsite,"Gastonia, NC",USA,—,unknown,false,,2026-07-21,https://littelfuse.wd1.myworkdayjobs.com/Littelfuse-Careers/job/Dole/Intern-I--engineering_JR-112116,,,,fall,2026
liveramp-software-engineer-intern-pixel-serving-2027,LiveRamp,"Software Engineer Intern, Pixel Serving",software-engineering,,closed,onsite,"New York, NY",USA,—,unknown,false,,2026-05-22,https://liveramp.wd5.myworkdayjobs.com/LiveRampCareers/job/New-York/Intern--Software-Engineer---Pixel-Serving_JR012201,,,,summer,2027
loop-data-scientist-intern-2026,Loop,Data Scientist Intern,data-science,,closed,onsite,Toronto,ON,—,unknown,false,,2026-07-29,https://ats.rippling.com/loop-careers/jobs/e016b693-7ce9-4dad-95ff-03b934fbd580,,,,fall,2026
louisiana-blue-data-modeler-intern-2026,Louisiana Blue,Data Modeler Intern,software-engineering,,open,onsite,"Baton Rouge, LA",USA,—,unknown,false,,2026-07-29,https://bcbsla.wd1.myworkdayjobs.com/Generation_Blue/job/Corporate---Baton-Rouge-LA/CW-Data-Modeler-Intern_R11956,,,,fall,2026
louisiana-blue-healthcare-price-and-transparency-data-analyst-intern-2026,Louisiana Blue,Healthcare Price and Transparency Data Analyst Intern,software-engineering,,open,onsite,"Baton Rouge, LA",USA,—,unknown,false,,2026-07-20,https://bcbsla.wd1.myworkdayjobs.com/Generation_Blue/job/Corporate---Baton-Rouge-LA/Healthcare-Price-and-Transparency-Data-Analyst-Intern_R11903,,,,fall,2026
louisiana-blue-operational-reporting-data-analyst-intern-cw-2026,Louisiana Blue,Operational Reporting & Data Analyst Intern - CW,software-engineering,,open,onsite,"Baton Rouge, LA",USA,—,unknown,false,,2026-07-22,https://bcbsla.wd1.myworkdayjobs.com/Generation_Blue/job/Corporate---Baton-Rouge-LA/CW-Operational-Reporting---Data-Analyst-Intern_R11907,,,,fall,2026
louisiana-blue-provider-reimbursement-intern-2026,Louisiana Blue,Provider Reimbursement Intern,software-engineering,,open,onsite,"Baton Rouge, LA",USA,—,unknown,false,,2026-07-29,https://bcbsla.wd1.myworkdayjobs.com/Generation_Blue/job/Corporate---Baton-Rouge-LA/CW-Provider-Reimbursement-Intern_R11964,,,,fall,2026
lpl-financial-holdings-data-engineer-intern-data-2027,LPL Financial Holdings,Data Engineer Intern - Data,data-engineering,,open,onsite,"Austin, TX +2",USA,—,unknown,false,,2026-08-10,https://lplfinancial.wd1.myworkdayjobs.com/university/job/Fort-MillCharlotte/Summer-Intern-2027---Data_R-052914,,masters,,summer,2027
lpl-financial-holdings-product-intern-product-2027,LPL Financial Holdings,Product Intern - Product,software-engineering,,open,onsite,"Austin, TX +1",USA,—,unknown,false,,2026-08-10,https://lplfinancial.wd1.myworkdayjobs.com/university/job/Fort-MillCharlotte/Summer-Intern-2027--Product_R-052918,,masters,,summer,2027
lpl-financial-holdings-software-engineer-intern-2027,LPL Financial Holdings,Software Engineer Intern,software-engineering,,open,onsite,"Austin, TX +2",USA,—,unknown,false,,2026-08-10,https://lplfinancial.wd1.myworkdayjobs.com/university/job/Fort-MillCharlotte/Summer-Intern-2027--Software-Engineer_R-052921,,masters,,summer,2027
lumentum-optical-verification-technician-co-op-intern-2026,Lumentum,Optical Verification Technician Co-op Intern,software-engineering,,closed,onsite,Ottawa,ON,—,unknown,false,,2026-08-04,https://lumentum.wd5.myworkdayjobs.com/LITE/job/Canada---Ottawa-Bill-Leathem/Optical-VerificationTechnician-Intern-Co-op_20261049,,,,fall,2026
lumentum-optical-verification-technician-intern-co-op-2026,Lumentum,Optical Verification Technician Intern/Co-op,software-engineering,,closed,onsite,Ottawa,ON,—,unknown,false,,2026-08-04,https://lumentum.wd5.myworkdayjobs.com/LITE/job/Canada---Ottawa-Bill-Leathem/Optical-Verification-Technician-Intern-Co-op_20261048,,,,fall,2026
luminance-ai-engineering-intern-2026,Luminance,AI Engineering Intern,ai,,open,onsite,Cambridge,UK,—,unknown,false,,2026-08-07,https://apply.workable.com/luminance-1/j/E045EF5A7A/apply,,masters,,fall,2026
mackenzie-investments-data-science-and-ai-specialist-intern-investment-management-2026,Mackenzie Investments,Data Science and AI Specialist Intern - Investment Management - Fundamental Equity,ai,,closed,onsite,Greater Toronto Area,ON,—,unknown,false,,2026-07-16,https://careersen-mackenzieinvestments.icims.com/jobs/5938/job?mobile=true&needsRedirect=false,,,,fall,2026
magna-r-d-computer-vision-engineer-intern-2026,Magna,R&D-Computer Vision Engineer Intern,software-engineering,,open,onsite,"Troy, MI",USA,—,unknown,false,,2026-07-24,https://wd3.myworkdaysite.com/recruiting/magna/Magna/job/Troy-Michigan-US/R-D--Computer-Vision-Engineering-Intern_R00253444-1,,,,fall,2026
markem-imaje-software-engineer-intern-2026,Markem-Imaje,Software Engineer Intern,software-engineering,,open,onsite,"Keene, NH",USA,—,unknown,false,,2026-06-24,https://careers.dovercorporation.com/job/Keene-Software-Engineer-Intern-NH-03431/1404722033,,,,fall,2026
marmon-holdings-data-engineering-intern-co-op-2027-390575,Marmon Holdings,Data Engineering Intern/Co-op,data-engineering,,open,onsite,"Milwaukee, WI",USA,—,unknown,false,,2026-03-04,https://marmon.wd501.myworkdayjobs.com/Marmon_MSIP_Internships/job/Milwaukee-WI/Data-Engineering-Intern-OR-Student-Co-Op_JR0000037453,,,,winter,2027
marmon-holdings-data-engineering-intern-co-op-2027,Marmon Holdings,Data Engineering Intern Co-op,data-engineering,,open,onsite,"Milwaukee, WI",USA,—,unknown,false,,2026-05-16,https://marmon.wd501.myworkdayjobs.com/Marmon_Careers/job/Milwaukee-WI/Data-Engineering-Intern-OR-Student-Co-Op_JR0000037453-1,,,,winter,2027
marmon-holdings-digital-production-engineer-intern-co-op-2026,Marmon Holdings,Digital Production Engineer Intern Co-op,software-engineering,,open,onsite,"Milwaukee, WI",USA,—,unknown,false,,2026-05-16,https://marmon.wd501.myworkdayjobs.com/Marmon_Careers/job/Milwaukee-WI/Digital-Production-Engineering-Intern-OR-Student-Co-Op_JR0000037451-2,,,,fall,2026
marmon-holdings-digital-production-engineering-intern-or-student-co-op-2027,Marmon Holdings,Digital Production Engineering Intern OR Student Co-Op,software-engineering,,open,onsite,"Milwaukee, WI",USA,—,unknown,false,,2026-03-04,https://marmon.wd501.myworkdayjobs.com/Marmon_MSIP_Internships/job/Milwaukee-WI/Digital-Production-Engineering-Intern-OR-Student-Co-Op_JR0000037451,,,,summer,2027
marshall-wace-technology-intern-2027-0e91ed,Marshall Wace,Technology Intern,software-engineering,,open,onsite,NYC,USA,—,unknown,false,,2026-07-06,https://job-boards.greenhouse.io/mwinternshipprogram/jobs/8606238002,,,,summer,2027
marshall-wace-technology-intern-2027,Marshall Wace,Technology Intern,software-engineering,,open,onsite,London,UK,—,unknown,false,,2026-07-07,https://job-boards.greenhouse.io/mwinternshipprogram/jobs/8598324002,,,,summer,2027
marvell-analog-engineer-intern-2026-e482a5,Marvell,Analog Engineer Intern,software-engineering,,open,onsite,Vancouver,BC,—,unknown,false,,2026-06-13,https://marvell.wd1.myworkdayjobs.com/MarvellCareers2/job/Vancouver-Canada/Analog-Engineer-Intern---PhD_2502424,,masters;phd,,fall,2026
marvell-analog-engineer-intern-2026,Marvell,Analog Engineer Intern,software-engineering,,open,onsite,Vancouver,BC,—,unknown,false,,2026-07-04,https://marvell.wd1.myworkdayjobs.com/MarvellCareers/job/Vancouver-Canada/Analog-Engineer-Intern---PhD_2502424-1,,masters;phd,,fall,2026
marvell-design-verification-engineer-intern-2026,Marvell,Design Verification Engineer Intern,design,,closed,onsite,Ottawa,ON,—,unknown,false,,2026-06-17,https://marvell.wd1.myworkdayjobs.com/MarvellCareers/job/Ottawa-Canada/Design-Verification-Engineer-Intern---Fall-2026_2602706,,masters,,fall,2026
mathtech-web-application-developer-intern-2026,Mathtech,Web Application Developer Intern,software-engineering,,open,onsite,"Falls Church, VA",USA,—,no,true,,2026-07-27,https://workforcenow.adp.com/mascsr/default/mdf/recruitment/recruitment.html?jobId=565843,,,,fall,2026
maven-securities-quant-trader-intern-2027,Maven Securities,Quant Trader Intern,quant,,open,onsite,London,UK,—,unknown,false,,2026-07-31,https://job-boards.greenhouse.io/mavensecuritiesholdingltd/jobs/8043552,,,,winter,2027
maven-securities-trader-intern-2027,Maven Securities,Trader Intern,software-engineering,,open,onsite,"Chicago, IL",USA,—,unknown,false,,2026-08-05,https://job-boards.greenhouse.io/emergingtalent/jobs/8051938,,masters,,summer,2027
maven-securities-trader-intern-summer-2027,Maven Securities,Trader Intern - Summer,software-engineering,,open,onsite,"Chicago, IL",USA,—,unknown,false,,2026-08-05,https://job-boards.greenhouse.io/mavensecuritiesholdingltd/jobs/8051937,,masters,,summer,2027
mckesson-ai-strategic-analytics-intern-2026,McKesson,AI & Strategic Analytics Intern,ai,,open,onsite,Mississauga,ON,—,unknown,false,,2026-07-14,https://mckesson.wd3.myworkdayjobs.com/External_Careers/job/CAN-ON-Mississauga/AI---Strategic-Analytics-Intern---Fall-2026_JR0150114,,masters,,fall,2026
mckesson-associate-business-systems-analyst-intern-data-hub-canada-2026,McKesson,Associate Business Systems Analyst Intern - Data Hub Canada,software-engineering,,open,onsite,Montreal,QC,—,unknown,false,,2026-08-03,https://mckesson.wd3.myworkdayjobs.com/External_Careers/job/CAN-QC-Montreal-Ville-Saint-Laurent/Stagiaire-associ-e---analyste-des-systmes-d-affaires---Automne-2026---Associate-Business-Systems-Analyst-Intern---Fall-2026_JR0150830,,,,fall,2026
mckesson-data-governance-analyst-intern-2026,McKesson,Data Governance Analyst Intern,software-engineering,,closed,onsite,Mississauga,ON,—,unknown,false,,2026-07-09,https://mckesson.wd3.myworkdayjobs.com/External_Careers/job/CAN-ON-Mississauga/Data-Governance-Analyst-Intern---Fall-2026_JR0149860,,,,fall,2026
mckesson-software-developer-intern-digital-and-enterprise-technology-2026,McKesson,Software Developer Intern - Digital and Enterprise Technology,software-engineering,,open,onsite,Montreal +1,QC,—,unknown,false,,2026-08-10,https://mckesson.wd3.myworkdayjobs.com/External_Careers/job/CAN-QC-Montreal-Ville-Saint-Laurent/Stagiaire-en-dveloppement-logiciel---Automne-2026---Software-Developer-Intern---Fall-2026_JR0151997,,,,fall,2026
mckesson-supply-chain-engineering-and-analytics-intern-2026,McKesson,Supply Chain Engineering and Analytics Intern,software-engineering,,closed,onsite,Surrey,BC,—,unknown,false,,2026-07-02,https://mckesson.wd3.myworkdayjobs.com/External_Careers/job/CAN-BC-Surrey/Supply-Chain-Engineering-and-Analytics-Intern---Fall-2026_JR0149819,,,,fall,2026
mckesson-technology-intern-2027,McKesson,Technology Intern,software-engineering,,open,onsite,"Columbus, OH",USA,—,unknown,false,,2026-08-10,https://mckesson.wd3.myworkdayjobs.com/sourcer_on_req/job/USA-OH-Columbus/CMM-Technology-Intern---Summer-2027_JR0151979,,,,summer,2027
medline-mba-intern-product-management-2027,Medline,MBA Intern - Product Management,product,,open,onsite,"Chicago, IL +1",USA,—,unknown,false,,2026-08-07,https://medline.wd5.myworkdayjobs.com/en-US/Medline/job/Northfield-Illinois/MBA-Intern--Product-Management---Summer-2027_R2615805,,,,summer,2027
medpace-ai-engineer-intern-2026,Medpace,AI Engineer Intern,ai,,open,onsite,London,UK,—,unknown,false,,2026-07-21,https://careers.medpace.com/jobs/12863?icims=1,,masters;phd,,fall,2026
medpace-data-engineer-intern-spring-2027-2027,Medpace,Data Engineer Intern - Spring 2027,data-engineering,,open,onsite,"Cincinnati, OH",USA,—,unknown,false,,2026-08-10,https://careers.medpace.com/jobs/12921?icims=1,,,,spring,2027
medpace-feasibility-informatics-internship-co-op-2027,Medpace,Feasibility Informatics Internship/Co-op,software-engineering,,closed,onsite,"Cincinnati, OH",USA,—,unknown,false,,2026-06-03,https://careers.medpace.com/jobs/12803?lang=en-us&icims=1,,masters;phd,,spring,2027
medpace-inc-ai-engineer-intern-2026,"Medpace, Inc.",AI Engineer Intern,ai,,open,onsite,"Cincinnati, OH",USA,—,unknown,false,,2026-05-14,https://careers.medpace.com/jobs/12729?lang=en-us&icims=1,,masters;phd,,fall,2026
medpace-inc-data-engineer-intern-2026,"Medpace, Inc.",Data Engineer Intern,data-engineering,,open,onsite,"Cincinnati, OH",USA,—,unknown,false,,2026-05-20,https://careers.medpace.com/jobs/12767?lang=en-us&icims=1,,,,fall,2026
medpace-inc-feasibility-informatics-intern-co-op-2026,"Medpace, Inc.",Feasibility Informatics Intern/Co-op,software-engineering,,closed,onsite,"Cincinnati, OH",USA,—,unknown,false,,2026-02-03,https://careers.medpace.com/jobs/12566?lang=en-us&icims=1,,masters;phd,,fall,2026
medtronic-software-engineer-intern-2027,Medtronic,Software Engineer Intern,software-engineering,,open,onsite,"Boston, MA +20",USA,—,unknown,false,,2026-08-01,https://medtronic.wd1.myworkdayjobs.com/redeploymentmedtroniccareers/job/Fridley-Minnesota-United-States-of-America/Software-Engineering-Intern---Summer-2027_R73630,,masters,,summer,2027
medtronic-software-engineering-intern-2027,Medtronic,Software Engineering Intern,software-engineering,,open,onsite,"Fridley, MN +4",USA,—,no,false,,2026-08-03,https://medtronic.wd1.myworkdayjobs.com/en-US/medtroniccareers/job/Fridley-Minnesota-United-States-of-America/Software-Engineering-Intern---Summer-2027_R73630-1,,,,summer,2027
melius-software-engineer-intern-2026,Melius,Software Engineer Intern,software-engineering,,open,onsite,NYC,USA,—,unknown,false,,2026-07-31,https://jobs.ashbyhq.com/melius/6a944911-dbbf-44c7-ba52-7866f7b433cf/application?embed=true,,,,fall,2026
melius-software-engineer-intern-2027,Melius,Software Engineer Intern,software-engineering,,open,onsite,NYC,USA,—,unknown,false,,2026-07-31,https://jobs.ashbyhq.com/melius/b61f063a-4f94-4e50-a4ef-05aaab552280/application?embed=true,,,,spring,2027
melius-software-engineering-intern-2027,Melius,Software Engineering Intern,software-engineering,,open,onsite,"New York City, NY",USA,—,unknown,false,,2026-08-04,https://jobs.ashbyhq.com/melius/b61f063a-4f94-4e50-a4ef-05aaab552280,,,,summer,2027
menasha-corporation-material-innovation-center-intern-2026,Menasha Corporation,Material Innovation Center Intern,software-engineering,,closed,onsite,"Neenah, WI",USA,—,unknown,false,,2026-05-16,https://menasha.wd12.myworkdayjobs.com/menashacorp/job/Menasha-Wisconsin/Material-Innovation-Center-Intern_R12621,,,,fall,2026
menasha-corporation-supply-chain-analytics-intern-2026,Menasha Corporation,Supply Chain Analytics Intern,software-engineering,,closed,onsite,"Neenah, WI",USA,—,unknown,false,,2026-07-29,https://menasha.wd12.myworkdayjobs.com/menashacorp/job/Neenah-Wisconsin/Supply-Chain-Analytics-Intern_R14985,,,,fall,2026
meta-research-scientist-intern-3d-vision-world-simulation-2026,Meta,Research Scientist Intern - 3D Vision & World Simulation,research,,closed,onsite,"Redmond, WA",USA,—,unknown,false,,2026-07-07,https://www.metacareers.com/jobs/2839011673109571,,phd,,fall,2026
meta-research-scientist-intern-advanced-materials-for-soft-roboti-2026,Meta,"Research Scientist Intern, Advanced Materials for Soft Robotics (PhD)",research,,open,onsite,"Redmond, WA",USA,—,no,false,,2025-12-10,https://www.metacareers.com/profile/job_details/25514049594874160,,masters,,fall,2026
meta-research-scientist-intern-ai-alignment-2026,Meta,Research Scientist Intern - AI Alignment,ai,,open,onsite,"Boston, MA +5",USA,—,unknown,false,,2026-03-05,https://www.metacareers.com/jobs/1782902493113620,,phd,,fall,2026
meta-research-scientist-intern-ai-ml-core-ads-growth-2026,Meta,Research Scientist Intern - AI/ML - Core Ads Growth,machine-learning,,open,onsite,London,UK,—,unknown,false,,2026-03-05,https://www.metacareers.com/jobs/771948392580541,,phd,,fall,2026
meta-research-scientist-intern-applied-vision-and-image-quality-p-2026,Meta,Research Scientist Intern - Applied Vision and Image Quality - PhD,research,,open,onsite,"Redmond, WA",USA,—,unknown,false,,2026-03-05,https://www.metacareers.com/jobs/1422892385992613,,phd,,fall,2026
meta-research-scientist-intern-computational-chemist-2026,Meta,"Research Scientist Intern, Computational Chemist",research,,open,onsite,"Redmond, WA",USA,—,no,false,,2025-12-10,https://www.metacareers.com/profile/job_details/2059739221232640,,masters,,fall,2026
meta-research-scientist-intern-language-multimodal-foundations-2026,Meta,Research Scientist Intern - Language & Multimodal Foundations,research,,open,onsite,"Seattle, WA +2",USA,—,unknown,false,,2026-05-05,https://www.metacareers.com/jobs/24536664159369645,,phd,,fall,2026
meta-research-scientist-intern-llm-evaluation-2026,Meta,"Research Scientist Intern, LLM Evaluation",ai,,open,onsite,"New York, NY",USA,—,no,false,,2025-12-11,https://www.metacareers.com/profile/job_details/4203446973242742,,masters,,fall,2026
meta-research-scientist-intern-monetization-computer-vision-2026,Meta,Research Scientist Intern - Monetization Computer Vision,research,,closed,onsite,"Menlo Park, CA",USA,—,unknown,false,,2026-07-10,https://www.metacareers.com/jobs/2281218542616482,,phd,,fall,2026
meta-research-scientist-intern-monetization-generative-ai-llm-2026,Meta,Research Scientist Intern - Monetization Generative AI - LLM,ai,,open,onsite,"Seattle, WA +3",USA,—,unknown,false,,2026-03-05,https://www.metacareers.com/jobs/2916726525182155,,phd,,fall,2026
meta-research-scientist-intern-multimodal-contextual-ai-2026,Meta,Research Scientist Intern - Multimodal Contextual AI,ai,,closed,onsite,"Redmond, WA",USA,—,unknown,false,,2026-05-15,https://www.metacareers.com/jobs/2160167211413098,,phd,,fall,2026
meta-research-scientist-intern-organic-optoelectronic-materials-p-2026,Meta,"Research Scientist Intern, Organic Optoelectronic Materials (PhD)",research,,open,onsite,"Redmond, WA",USA,—,no,false,,2025-12-10,https://www.metacareers.com/profile/job_details/843617948284299,,masters,,fall,2026
meta-research-scientist-intern-phd-applied-research-2026,Meta,Research Scientist Intern PhD - Applied Research,research,,closed,onsite,"Menlo Park, CA +2",USA,—,unknown,false,,2026-03-05,https://www.metacareers.com/jobs/2633206137040139,,phd,,fall,2026
meta-research-scientist-intern-photorealistic-telepresence-2026,Meta,Research Scientist Intern - Photorealistic Telepresence,research,,open,onsite,London,UK,—,unknown,false,,2026-06-17,https://www.metacareers.com/jobs/924149567345400,,phd,,fall,2026
meta-research-scientist-intern-state-estimation-for-dexterous-man-2026,Meta,Research Scientist Intern - State Estimation for Dexterous Manipulation,research,,open,onsite,"Redmond, WA",USA,—,unknown,false,,2026-06-16,https://www.metacareers.com/jobs/2774289902955470,,,,fall,2026
metropolitan-transportation-authority-data-analyst-intern-2026-0589d0,Metropolitan Transportation Authority,Data Analyst Intern,software-engineering,,open,onsite,NYC,USA,—,unknown,false,,2026-08-11,https://jobs.jobvite.com/metropolitantransportationauthority/job/oecDAfwn?nl=1&nl=1&fr=false,,masters,,fall,2026
metropolitan-transportation-authority-data-analyst-intern-2026,Metropolitan Transportation Authority,Data Analyst Intern,software-engineering,,open,onsite,"Brooklyn, NY",USA,—,unknown,false,,2026-08-03,https://jobs.jobvite.com/metropolitantransportationauthority/job/oboAAfwt?nl=1&nl=1&fr=false,,,,fall,2026
metropolitan-transportation-authority-data-analyst-intern-power-emerging-talent-2026,Metropolitan Transportation Authority,Data Analyst Intern - Power - Emerging Talent,software-engineering,,open,onsite,NYC,USA,—,unknown,false,,2026-08-04,https://jobs.jobvite.com/metropolitantransportationauthority/job/o6OAAfwO?nl=1&nl=1&fr=false,,,,fall,2026
microchip-technology-applications-engineering-intern-2026,Microchip Technology,Applications Engineering Intern,software-engineering,,closed,onsite,"Roseville, CA",USA,—,unknown,false,,2026-07-09,https://wd5.myworkdaysite.com/recruiting/microchiphr/External/job/CA---Roseville/Intern---Applications-Engineering_R2542-26,,masters,,fall,2026
microchip-technology-engineering-intern-firmware-development-2026,Microchip Technology,Engineering Intern - Firmware Development,embedded,,closed,onsite,"Houston, TX",USA,—,unknown,false,,2026-08-03,https://wd5.myworkdaysite.com/recruiting/microchiphr/External/job/TX---Houston---Compaq-Center-Dr/Intern-Engineering--Firmware-Development-_R3372-26,,,,fall,2026
microchip-technology-engineering-intern-software-development-2026,Microchip Technology,Engineering Intern - Software Development,software-engineering,,open,onsite,"Houston, TX",USA,—,unknown,false,,2026-08-03,https://wd5.myworkdaysite.com/recruiting/microchiphr/External/job/TX---Houston---Compaq-Center-Dr/Intern-Engineering--Software-Development-_R3371-26,,,,fall,2026
microchip-technology-equipment-engineering-technician-intern-wet-process-2026,Microchip Technology,Equipment Engineering Technician Intern - Wet Process,software-engineering,,open,onsite,"Gresham, OR",USA,—,unknown,false,,2026-07-13,https://wd5.myworkdaysite.com/recruiting/microchiphr/External/job/OR---Gresham/Intern--Equipment-Engineering-Technician--Wet-Process-_R2124-25,,,,fall,2026
microchip-technology-power-analog-and-mixed-signal-ic-product-engineer-intern-pro-2026,Microchip Technology,"Power, Analog and Mixed-Signal IC Product Engineer Intern - Product Engineering",software-engineering,,closed,onsite,"Chandler, AZ",USA,—,unknown,false,,2026-07-31,https://wd5.myworkdaysite.com/recruiting/microchiphr/External/job/AZ---Chandler/Intern--Engineering--Product-Engineering-_R3151-26-1,,masters,,fall,2026
micron-technology-dram-design-engineer-intern-2026-4fe393,Micron Technology,DRAM Design Engineer Intern,design,,open,onsite,"Boise, ID",USA,—,unknown,false,,2026-08-10,https://micron.wd1.myworkdayjobs.com/External/job/Boise-ID---Main-Site/Intern---DRAM-Design-Engineer_JR108468,,masters,,fall,2026
micron-technology-dram-design-engineer-intern-2026,Micron Technology,DRAM Design Engineer Intern,design,,open,onsite,"Boise, ID",USA,—,unknown,false,,2026-08-10,https://micron.wd1.myworkdayjobs.com/External/job/Boise-ID---Main-Site/Intern---DRAM-Design-Engineer_JR108448,,masters,,fall,2026
micron-technology-dram-ip-circuits-design-engineer-intern-ip-development-2026,Micron Technology,DRAM IP Circuits Design Engineer Intern - IP Development,design,,open,onsite,"Boise, ID",USA,—,unknown,false,,2026-08-10,https://micron.wd1.myworkdayjobs.com/External/job/Boise-ID---Main-Site/Intern---DRAM-IP-Circuits-Design-Engineer_JR108471,,masters;phd,,fall,2026
micron-technology-industrial-engineer-intern-technology-products-group-global-2026,Micron Technology,Industrial Engineer Intern - Technology & Products Group - Global Industrial Engineering,software-engineering,,closed,onsite,"Boise, ID",USA,—,unknown,false,,2026-08-04,https://micron.wd1.myworkdayjobs.com/External/job/Boise-ID---Main-Site/Intern---TPG-Global-IE_JR107486,,masters,,fall,2026
microsoft-full-stack-product-engineer-intern-web-services-2026,Microsoft,Full-Stack Product Engineer Intern - Web + Services,software-engineering,,closed,onsite,"Redmond, WA",USA,—,unknown,false,,2026-08-04,https://apply.careers.microsoft.com/careers/job/1970393556922922,,masters,,fall,2026
microsoft-product-manager-intern-2027,Microsoft,Product Manager Intern,product,,open,remote,Remote,,—,unknown,false,,2026-08-04,https://apply.careers.microsoft.com/careers/job/1970393556953113,,masters;phd,,summer,2027
microsoft-software-engineer-ai-ml-llm-intern-2026,Microsoft,Software Engineer: AI/ML & LLM Intern,machine-learning,,closed,onsite,"Redmond, WA",USA,—,unknown,false,,2026-08-04,https://apply.careers.microsoft.com/careers/job/1970393556922929,,masters,,fall,2026
microsoft-software-engineer-intern-2027,Microsoft,Software Engineer Intern,software-engineering,,closed,onsite,Vancouver,BC,—,unknown,false,,2026-08-02,https://apply.careers.microsoft.com/careers/job/1970393556951951,,masters,,winter,2027
microsoft-software-engineer-intern-ai-ml-llm-2027,Microsoft,"Software Engineer Intern, AI/ML & LLM",machine-learning,,open,onsite,"Redmond, WA",USA,—,yes,false,,2026-08-04,https://apply.careers.microsoft.com/careers?query=intern&start=0&location=untied+states&sort_by=relevance&filter_include_remote=1&filter_include_relocation=0&pid=1970393556922929,,,,summer,2027
microsoft-software-engineer-intern-cloud-distributed-backend-2026,Microsoft,Software Engineer Intern - Cloud & Distributed Backend,cloud,,closed,onsite,"Redmond, WA",USA,—,unknown,false,,2026-08-04,https://apply.careers.microsoft.com/careers/job/1970393556922923,,masters,,fall,2026
microsoft-software-engineer-intern-cloud-distributed-backend-2027,Microsoft,"Software Engineer Intern, Cloud & Distributed Backend",cloud,,open,onsite,"Redmond, WA",USA,—,yes,false,,2026-08-04,https://apply.careers.microsoft.com/careers?query=intern&start=0&location=untied+states&sort_by=relevance&filter_include_remote=1&filter_include_relocation=0&pid=1970393556922923,,,,summer,2027
microsoft-software-engineer-intern-coreai-2027,Microsoft,"Software Engineer Intern, CoreAI",software-engineering,,open,onsite,Multiple Locations,USA,—,unknown,false,,2026-08-03,https://apply.careers.microsoft.com/careers?query=intern&start=0&location=untied+states&sort_by=relevance&filter_include_remote=1&filter_include_relocation=0,,masters,,summer,2027
microsoft-software-engineer-intern-data-platform-analytics-2026,Microsoft,Software Engineer Intern - Data Platform & Analytics,software-engineering,,closed,onsite,"Redmond, WA",USA,—,unknown,false,,2026-08-04,https://apply.careers.microsoft.com/careers/job/1970393556922931,,masters,,fall,2026
microsoft-software-engineer-intern-data-platform-analytics-2027,Microsoft,"Software Engineer Intern, Data Platform/Analytics",software-engineering,,open,onsite,"Redmond, WA",USA,—,yes,false,,2026-08-04,https://apply.careers.microsoft.com/careers?query=intern&start=0&location=untied+states&sort_by=relevance&filter_include_remote=1&filter_include_relocation=0&pid=1970393556922931,,,,summer,2027
microsoft-software-engineer-intern-fullstack-product-web-services-2027,Microsoft,"Software Engineer Intern, Fullstack Product (Web + Services)",software-engineering,,open,onsite,Multiple Locations,USA,—,yes,false,,2026-08-04,https://apply.careers.microsoft.com/careers?query=intern&start=0&location=untied+states&sort_by=relevance&filter_include_remote=1&filter_include_relocation=0&pid=1970393556922922,,,,summer,2027
microsoft-software-engineer-intern-gears-of-war-2027,Microsoft,Software Engineer Intern - Gears of War,software-engineering,,open,onsite,Vancouver,BC,—,unknown,false,,2026-08-06,https://apply.careers.microsoft.com/careers/job/1970393556956276,,masters,,winter,2027
microsoft-software-engineer-intern-security-identity-2027,Microsoft,"Software Engineer Intern, Security & Identity",security,,open,onsite,"Redmond, WA",USA,—,unknown,false,,2026-08-04,https://apply.careers.microsoft.com/careers?query=intern&start=0&location=untied+states&sort_by=relevance&filter_include_remote=1&filter_include_relocation=0&pid=1970393556922930,,,,summer,2027
microsoft-software-engineer-security-identity-intern-2026,Microsoft,Software Engineer Security & Identity Intern,security,,closed,onsite,"Redmond, WA",USA,—,unknown,false,,2026-08-04,https://apply.careers.microsoft.com/careers/job/1970393556922930,,masters,,fall,2026
midmark-firmware-engineering-intern-co-op-2027,Midmark,Firmware Engineering Intern/Co-op,embedded,,closed,onsite,"Vandalia, OH",USA,—,unknown,false,,2026-02-05,https://hcor.fa.us2.oraclecloud.com/hcmUI/CandidateExperience/en/sites/CX_1/job/4333,,,,spring,2027
mindsmith-software-engineering-intern-2026,Mindsmith,Software Engineering Intern,software-engineering,,open,onsite,"Lehi, UT",USA,—,unknown,false,,2026-06-24,https://app.dover.com/apply/mindsmith/e0ca8149-6811-4de9-ba38-65a0244a2b7e,,,,fall,2026
mistral-ai-ai-data-solutions-intern-data-partnerships-2026,Mistral AI,AI Data Solutions Intern - Data Partnerships,ai,,closed,onsite,"Palo Alto, CA",USA,—,unknown,false,,2026-07-24,https://jobs.ashbyhq.com/mistral.ai/60fcc44d-4d96-469d-a96c-d6a9bbfe8edd/application?embed=true,,,,fall,2026
mistral-ai-applied-scientist-research-engineer-intern-2026-f1ff6e,Mistral AI,Applied Scientist / Research Engineer Intern,research,,closed,onsite,London +1,UK,—,unknown,false,,2026-07-21,https://jobs.ashbyhq.com/mtesting.ai/de46ba8b-00cb-4618-83df-66e15a78434e/application?embed=true,,,,fall,2026
mistral-ai-applied-scientist-research-engineer-intern-2026,Mistral AI,Applied Scientist / Research Engineer Intern,research,,open,onsite,London +1,UK,—,unknown,false,,2026-07-21,https://jobs.ashbyhq.com/mistral.ai/de46ba8b-00cb-4618-83df-66e15a78434e/application?embed=true,,,,fall,2026
mobius-renewables-software-engineer-intern-2026-cba358,Mobius Renewables,Software Engineer Intern,software-engineering,,open,onsite,"Houston, TX",USA,—,unknown,false,,2026-07-21,https://ats.rippling.com/greengas/jobs/b2938290-cc66-4f54-9888-bbe286c1d9b6,,,,fall,2026
mobius-renewables-software-engineer-intern-2026,Mobius Renewables,Software Engineer Intern,software-engineering,,open,onsite,"Houston, TX",USA,—,no,false,,2026-07-24,https://ats.rippling.com/en-GB/greengas/jobs/b2938290-cc66-4f54-9888-bbe286c1d9b6,,,,fall,2026
modal-machine-learning-research-intern-2026,Modal,Machine Learning Research Intern,machine-learning,,open,onsite,SF +1,USA,—,unknown,false,,2026-07-28,https://jobs.ashbyhq.com/modal/38888294-6bc7-4dab-b072-6d0f0c2ed79a/application?embed=true,,phd,,fall,2026
modal-ml-research-intern-2027,Modal,ML Research Intern,machine-learning,,open,onsite,New York +2,USA,—,unknown,false,,2026-07-28,https://jobs.ashbyhq.com/modal/38888294-6bc7-4dab-b072-6d0f0c2ed79a,,,,summer,2027
monogram-software-engineer-intern-2026,Monogram,Software Engineer Intern,software-engineering,,closed,onsite,"San Mateo, CA",USA,—,unknown,false,,2026-07-21,https://jobs.ashbyhq.com/monogram/fab3e651-00e7-4a85-bcb9-0821c642a778/application?embed=true,,,,fall,2026
montenson-artificial-intelligence-intern-2027,Montenson,Artificial Intelligence Intern,ai,,open,onsite,Minnesota,USA,—,unknown,false,,2026-08-10,https://fa-esgu-saasfaprod1.fa.ocs.oraclecloud.com/hcmUI/CandidateExperience/en/sites/CX_1/job/23339,,,,summer,2027
montenson-data-analytics-intern-insights-2027,Montenson,Data Analytics Intern - Insights,software-engineering,,open,onsite,Minnesota,USA,—,unknown,false,,2026-08-10,https://fa-esgu-saasfaprod1.fa.ocs.oraclecloud.com/hcmUI/CandidateExperience/en/sites/CX_1/job/23342,,,,summer,2027
montenson-investment-analyst-intern-2027,Montenson,Investment Analyst Intern,software-engineering,,open,onsite,Minnesota,USA,—,unknown,false,,2026-08-10,https://fa-esgu-saasfaprod1.fa.ocs.oraclecloud.com/hcmUI/CandidateExperience/en/sites/CX_1/job/23362,,,,summer,2027
montenson-sustainability-engineer-intern-2027,Montenson,Sustainability Engineer Intern,software-engineering,,open,onsite,"Denver, CO",USA,—,unknown,false,,2026-08-10,https://fa-esgu-saasfaprod1.fa.ocs.oraclecloud.com/hcmUI/CandidateExperience/en/sites/CX_1/job/23367,,,,summer,2027
montenson-system-administrator-intern-2027,Montenson,System Administrator Intern,software-engineering,,open,onsite,Minnesota,USA,—,unknown,false,,2026-08-10,https://fa-esgu-saasfaprod1.fa.ocs.oraclecloud.com/hcmUI/CandidateExperience/en/sites/CX_1/job/23368,,,,summer,2027
moog-product-engineering-intern-2026,Moog,Product Engineering Intern,software-engineering,,open,onsite,"Buffalo, NY",USA,—,unknown,false,,2026-08-10,https://moog.wd5.myworkdayjobs.com/moog_external_career_site/job/Buffalo-NY/Intern--Product-Engineering_R-26-19224,,masters,,fall,2026
moog-software-engineer-intern-2026,Moog,Software Engineer Intern,software-engineering,,closed,onsite,"Buffalo, NY",USA,—,unknown,false,,2026-07-27,https://moog.wd5.myworkdayjobs.com/moog_external_career_site/job/Buffalo-NY/Intern--Software-Engineering_R-26-18885-1,,masters,,fall,2026
moon-software-engineer-intern-backend-api-2026-51a70b,Moon,Software Engineer Intern - Backend & API,software-engineering,,closed,onsite,"Glendale, CA",USA,—,unknown,false,,2026-07-21,https://ats.rippling.com/moon/jobs/8b81bca7-1a64-4377-8ea8-869aac03080b,,,,fall,2026
moon-software-engineer-intern-backend-api-2026,Moon,"Software Engineer Intern, Backend & API",software-engineering,,open,onsite,"Glendale, CA",USA,—,unknown,false,,2026-07-24,https://ats.rippling.com/en-GB/moon/jobs/8b81bca7-1a64-4377-8ea8-869aac03080b,,,,fall,2026
moon-software-engineer-intern-data-machine-learning-2026,Moon,Software Engineer Intern - Data & Machine Learning,machine-learning,,closed,onsite,"Glendale, CA",USA,—,unknown,false,,2026-07-21,https://ats.rippling.com/moon/jobs/5f0b98b7-561a-41d2-9104-76bdf06df094,,,,fall,2026
mosaic-capital-project-engineering-co-op-intern-2027,Mosaic,Capital Project Engineering Co-op/Intern,software-engineering,,closed,onsite,Regina,SK,—,unknown,false,,2026-07-21,https://mosaic.wd5.myworkdayjobs.com/mosaic/job/CA---Belle-Plaine-SK/Capital-Project-Engineering-Co-op-Intern---Winter-2027_64418,,,,winter,2027
mosaic-operations-automation-engineering-co-op-intern-2027,Mosaic,Operations & Automation Engineering Co-op/Intern,software-engineering,,closed,onsite,"Bartow, FL",USA,—,unknown,false,,2026-07-22,https://mosaic.wd5.myworkdayjobs.com/mosaic/job/US---Bartow-FL/Operations---Automation-Engineering-Co-op-Intern---Spring-2027_64675-1,,,,spring,2027
moss-associates-construction-technologies-intern-2026,Moss & Associates,Construction Technologies Intern,software-engineering,,closed,onsite,"McKinney, TX +2",USA,—,unknown,false,,2026-07-04,https://mosscm.wd1.myworkdayjobs.com/moss_careers/job/FORT-LAUDERDALE-FL/Construction-Technologies-Internship_R-2710,,,,fall,2026
motorola-supply-chain-data-analyst-intern-2027,Motorola,Supply Chain Data Analyst Intern,software-engineering,,open,onsite,"Chicago, IL",USA,—,unknown,false,,2026-08-11,https://motorolasolutions.wd5.myworkdayjobs.com/Careers/job/Chicago-IL/Supply-Chain-Data-Analyst-Internship-2027_R67489,,,,summer,2027
mujin-product-development-intern-spring-2027-2027,Mujin,Product Development Intern - Spring 2027,software-engineering,,open,onsite,"Suwanee, GA",USA,—,unknown,false,,2026-08-10,https://mujin.bamboohr.com/careers/168/,,,,spring,2027
mujin-software-development-intern-spring-2027-2027,Mujin,Software Development Intern - Spring 2027,software-engineering,,open,onsite,"Suwanee, GA",USA,—,unknown,false,,2026-08-10,https://mujin.bamboohr.com/careers/165/,,,,spring,2027
mujin-software-integration-intern-2027,Mujin,Software Integration Intern,software-engineering,,open,onsite,"Suwanee, GA",USA,—,unknown,false,,2026-08-10,https://mujin.bamboohr.com/careers/166/,,,,winter,2027
muru-full-stack-software-engineer-intern-2026,Muru,Full-Stack Software Engineer Intern,software-engineering,,open,onsite,"New York, NY",USA,—,no,false,,2026-06-23,https://www.murumed.com/job-listings/web-software-engineer-intern,,,,fall,2026
muru-mobile-software-engineer-intern-2026,Muru,Mobile Software Engineer Intern,software-engineering,,open,onsite,"New York, NY",USA,—,no,false,,2026-06-23,https://www.murumed.com/job-listings/software-engineer-intern,,,,fall,2026
na-ve-software-engineer-intern-2027,Naïve,Software Engineer Intern,software-engineering,,open,onsite,"San Francisco, CA",USA,—,no,true,,2026-05-14,https://www.workatastartup.com/jobs/94647,,,,summer,2027
nash-full-stack-engineering-intern-2027,Nash,Full Stack Engineering Intern,software-engineering,,open,onsite,"San Francisco, CA",USA,—,no,true,,2026-05-19,https://www.workatastartup.com/jobs/94993,,,,summer,2027
national-laboratory-of-the-rockies-3-5-processing-intern-2026,National Laboratory of the Rockies,3-5 Processing Intern,software-engineering,,open,onsite,"Golden, CO",USA,—,unknown,false,,2026-07-04,https://nrel.wd5.myworkdayjobs.com/NLR/job/Golden-CO/III-V-Processing-Intern_R14383,,masters;phd,,fall,2026
national-laboratory-of-the-rockies-associate-undergraduate-intern-2026,National Laboratory of the Rockies,Associate/Undergraduate Intern,software-engineering,,open,remote,Remote,,—,unknown,false,,2026-07-08,https://nrel.wd5.myworkdayjobs.com/NLR/job/Remote/XMLNAME--Associate-Undergraduate--Intern---Carbon-Management-and-Large-Energy-Systems_R14405,,,,fall,2026
national-laboratory-of-the-rockies-energy-data-analysis-intern-2026,National Laboratory of the Rockies,Energy Data Analysis Intern,software-engineering,,closed,onsite,"Golden, CO",USA,—,unknown,false,,2026-07-13,https://nrel.wd5.myworkdayjobs.com/NLR/job/Remote/Energy-Data-Analysis----Year-Round--Graduate-Internship_R14400,,masters;phd,,fall,2026
national-laboratory-of-the-rockies-focused-ion-beam-electron-microscopy-and-autonomous-characte-2026,National Laboratory of the Rockies,"Focused Ion Beam, Electron Microscopy, and Autonomous Characterization Intern - Multiple Teams",software-engineering,,open,onsite,"Golden, CO",USA,—,unknown,false,,2026-07-29,https://nrel.wd5.myworkdayjobs.com/NLR/job/Golden-CO/Graduate-Intern---Focused-Ion-Beam--Electron-Microscopy--and-Autonomous-Characterization_R14431,,masters;phd,,fall,2026
national-laboratory-of-the-rockies-graduate-geospatial-data-science-intern-2026,National Laboratory of the Rockies,Graduate Geospatial Data Science Intern,data-science,,closed,onsite,"Golden, CO",USA,—,unknown,false,,2026-07-04,https://nrel.wd5.myworkdayjobs.com/NLR/job/Golden-CO/Graduate--Year-Round--Intern--Geospatial-Data-Science-Modeling-and-Analysis_R14338,,masters;phd,,fall,2026
national-laboratory-of-the-rockies-graduate-intern-2026-24999b,National Laboratory of the Rockies,Graduate Intern,software-engineering,,open,onsite,"Golden, CO",USA,—,unknown,false,,2026-07-20,https://nrel.wd5.myworkdayjobs.com/NLR/job/Golden-CO/Graduate-Intern---LLM-Reliability-and-Uncertainty-for-AI-Science-Assistants_R14416,,masters;phd,,fall,2026
national-laboratory-of-the-rockies-graduate-intern-2026,National Laboratory of the Rockies,Graduate Intern,software-engineering,,open,onsite,"Golden, CO",USA,—,unknown,false,,2026-07-28,https://nrel.wd5.myworkdayjobs.com/NLR/job/Golden-CO/Graduate--Year-Round--Intern---Industrial-and-Fuel-Supply-Optimization-Modeling-Analysis_R14426,,masters;phd,,fall,2026
national-laboratory-of-the-rockies-graduate-intern-transportation-systems-analysis-2026,National Laboratory of the Rockies,Graduate Intern - Transportation Systems Analysis,software-engineering,,open,onsite,"Golden, CO",USA,—,unknown,false,,2026-07-14,https://nrel.wd5.myworkdayjobs.com/NLR/job/Golden-CO/Graduate--Year-Round--Intern---Transportation-Systems-Analysis_R14153,,masters;phd,,fall,2026
national-laboratory-of-the-rockies-software-and-data-infrastructure-intern-2026,National Laboratory of the Rockies,Software and Data Infrastructure Intern,cloud,,open,onsite,"Golden, CO",USA,—,unknown,false,,2026-07-08,https://nrel.wd5.myworkdayjobs.com/NLR/job/Golden-CO/Undergraduate-graduate-intern---software-and-data-infrastructure-for-autonomous-thin-film-experimentation--Year-Round-_R14394,,,,fall,2026
nationgraph-software-engineer-intern-2026,NationGraph,Software Engineer Intern,software-engineering,,closed,onsite,Toronto,ON,—,unknown,false,,2026-07-21,https://jobs.ashbyhq.com/nationgraph/6c3e8de6-bd8e-4ead-936f-d98c277c6416/application?embed=true,,,,fall,2026
nationgraph-software-engineer-intern-2027,NationGraph,Software Engineer Intern,software-engineering,,open,onsite,Toronto,ON,—,unknown,false,,2026-07-21,https://jobs.ashbyhq.com/nationgraph/a1bcdd3e-d863-42b6-8469-ec587190ad68/application?embed=true,,,,winter,2027
nationwide-children-s-hospital-igm-research-intern-ri-miller-2026,Nationwide Children's Hospital,IGM Research Intern - RI Miller,research,,open,onsite,"Columbus, OH",USA,—,unknown,false,,2026-08-10,https://nationwidechildrens.wd5.myworkdayjobs.com/en-US/NCHCareers/job/Main-Campus-Columbus-OH/IGM-Research-Intern---RI-Miller_R-27400-1,,,,fall,2026
nationwide-children-s-hospital-research-intern-2026,Nationwide Children's Hospital,Research Intern,research,,closed,onsite,"Columbus, OH",USA,—,unknown,false,,2026-07-04,https://nationwidechildrens.wd5.myworkdayjobs.com/en-US/NCHCareers/job/Main-Campus-Columbus-OH/Research-Intern_R-25571,,,,fall,2026
naver-u-hub-inc-product-management-intern-2026,Naver U.Hub INC,Product Management Intern,product,,open,onsite,"Redwood City, CA",USA,—,unknown,false,,2026-08-03,https://naveruhubinc.applytojob.com/apply/snw35vU7eX/ThingsBook-Product-Management-Intern,,masters,,fall,2026
navy-federal-year-round-intern-business-intelligence-analyst-2026,Navy Federal,Year Round Intern - Business Intelligence Analyst,software-engineering,,closed,onsite,"Winchester, VA +1",USA,—,unknown,false,,2026-07-14,https://fa-etbx-saasfaprod1.fa.ocs.oraclecloud.com/hcmUI/CandidateExperience/en/sites/nfcu/job/30289,,,,fall,2026
nbcuniversal-software-engineering-intern-2026-619b51,NBCUniversal,Software Engineering Intern,software-engineering,,open,onsite,"Universal City, CA",USA,—,no,false,,2026-04-20,https://jobs.smartrecruiters.com/NBCUniversal3/744000121851427,,,,fall,2026
nbcuniversal-software-engineering-intern-2026,NBCUniversal,Software Engineering Intern,software-engineering,,open,onsite,"New York, NY",USA,—,no,false,,2026-04-20,https://jobs.smartrecruiters.com/NBCUniversal3/744000121848194,,,,fall,2026
nbt-bank-data-warehouse-analytics-intern-2026,NBT Bank,Data Warehouse & Analytics Intern,software-engineering,,closed,onsite,"Williamsville, NY",USA,—,unknown,false,,2026-08-04,https://nbtbancorp.wd12.myworkdayjobs.com/NBT-B/job/Williamsville-NY/Internship---Data-Warehouse---Analytics-Consultant_JR4868,,,,fall,2026
nebo-back-end-engineer-intern-2026,Nebo,Back-End Engineer Intern,software-engineering,,open,onsite,"Atlanta, GA",USA,—,unknown,false,,2026-08-03,https://neboagency.applytojob.com/apply/VhgOaS6Nx3/BackEnd-Engineering-Intern,,,,fall,2026
nebo-front-end-engineer-intern-2026,Nebo,Front-End Engineer Intern,software-engineering,,open,onsite,"Atlanta, GA",USA,—,unknown,false,,2026-08-03,https://neboagency.applytojob.com/apply/TtGKnP4ODV/FrontEnd-Engineering-Intern,,,,fall,2026
nebo-web-development-intern-2026,Nebo,Web Development Intern,software-engineering,,open,onsite,"Atlanta, GA",USA,—,unknown,false,,2026-08-03,https://neboagency.applytojob.com/apply/AFMqe9Jb7b/Web-Development-Intern,,,,fall,2026
nelnet-agentic-ai-intern-2026,Nelnet,Agentic AI Intern,ai,,open,onsite,"Lincoln, NE",USA,—,unknown,false,,2026-07-27,https://nelnet.wd1.myworkdayjobs.com/MyNelnet/job/Lincoln-NE/Intern-Program---Agentic-AI_R22904,,,,fall,2026
neocognition-research-intern-2026,NeoCognition,Research Intern,research,,open,onsite,"Palo Alto, CA",USA,—,unknown,false,,2026-07-21,https://jobs.ashbyhq.com/neocognition/f6b58e72-94eb-4090-a84e-d96197ffeb76/application?embed=true,,masters;phd,,fall,2026
neosigma-member-of-technical-staff-intern-2026-a15bf5,NeoSigma,Member of Technical Staff Intern,software-engineering,,open,onsite,SF,USA,—,unknown,false,,2026-07-21,https://ats.rippling.com/neosigma/jobs/a2ee1d26-a551-45d2-9854-6dbf8ed2c866,,masters;phd,,fall,2026
neosigma-member-of-technical-staff-intern-2026,NeoSigma,Member of Technical Staff Intern,software-engineering,,open,onsite,"San Francisco, CA",USA,—,unknown,false,,2026-07-24,https://ats.rippling.com/en-GB/neosigma/jobs/a2ee1d26-a551-45d2-9854-6dbf8ed2c866,,masters;phd,,fall,2026
netflix-ai-ml-scientist-intern-aims-ai-foundations-2026,Netflix,AI/ML Scientist Intern - AIMS AI Foundations,machine-learning,,open,onsite,"Los Gatos, CA",USA,—,unknown,false,,2026-06-23,https://explore.jobs.netflix.net/careers/job/790316547536,,phd,,fall,2026
netflix-video-algorithms-intern-video-coding-gaussian-splatting-2026,Netflix,Video Algorithms Intern - Video Coding - Gaussian Splatting,software-engineering,,open,onsite,LA +1,USA,—,unknown,false,,2026-04-28,https://explore.jobs.netflix.net/careers/job/790315673635,,phd,,fall,2026
netic-forward-deployed-engineer-intern-2027,Netic,Forward Deployed Engineer Intern,software-engineering,,open,onsite,"San Francisco, CA",USA,—,unknown,false,,2026-07-24,https://jobs.ashbyhq.com/netic/ffd6af1a-cebb-41f5-ac1d-e695adfd067c?embed=true,,,,winter,2027
netic-full-stack-software-engineer-intern-2027,Netic,Full-Stack Software Engineer Intern,software-engineering,,open,onsite,"San Francisco, CA",USA,—,unknown,false,,2026-07-24,https://jobs.ashbyhq.com/netic/f291394a-f3c5-4f46-9b87-77aea3d487ef?embed=true,,,,winter,2027
netic-software-engineer-intern-2027-4d08e6,Netic,Software Engineer Intern,software-engineering,,open,onsite,"San Francisco, CA",USA,—,unknown,false,,2026-07-24,https://jobs.ashbyhq.com/netic/b0ea7aab-8eea-4d31-96f9-278364180ae7?embed=true,,,,winter,2027
netic-software-engineer-intern-2027,Netic,Software Engineer Intern,software-engineering,,open,onsite,"San Francisco, CA",USA,—,unknown,false,,2026-07-24,https://jobs.ashbyhq.com/netic/b0ea7aab-8eea-4d31-96f9-278364180ae7,,,,winter,2027
netsmart-software-engineer-intern-2027,Netsmart,Software Engineer Intern,software-engineering,,open,onsite,"Overland Park, KS",USA,—,no,false,,2026-08-04,https://ntst.wd1.myworkdayjobs.com/careers/job/Overland-Park-KS/Software-Engineer-Intern--Summer-2027-Internship-_R015667,,,,summer,2027
neuralink-analog-and-mixed-signal-ic-design-engineer-intern-2026,Neuralink,Analog and Mixed-Signal IC Design Engineer Intern,design,,open,onsite,South SF,USA,—,unknown,false,,2026-02-18,https://boards.greenhouse.io/neuralink/jobs/7565469003,,,,fall,2026
neuralink-analog-and-mixed-signal-ic-design-engineer-intern-2027,Neuralink,Analog and Mixed-Signal IC Design Engineer Intern,design,,open,onsite,South San Francisco,USA,—,unknown,false,,2026-02-18,https://boards.greenhouse.io/neuralink/jobs/7565469003?gh_jid=7565469003,,,,summer,2027
neuralink-digital-ic-design-engineer-intern-2027,Neuralink,Digital IC Design Engineer Intern,design,,open,onsite,South San Francisco,USA,—,unknown,false,,2025-10-27,https://boards.greenhouse.io/neuralink/jobs/7090489003?gh_jid=7090489003,,,,summer,2027
neuralink-electrical-engineer-intern-implant-embedded-systems-2027,Neuralink,"Electrical Engineer Intern, Implant Embedded Systems",embedded,,open,onsite,Austin,USA,—,unknown,false,,2026-04-15,https://boards.greenhouse.io/neuralink/jobs/7702527003?gh_jid=7702527003,,,,summer,2027
neuralink-embedded-software-engineer-intern-implant-embedded-systems-2027,Neuralink,"Embedded Software Engineer Intern, Implant Embedded Systems",embedded,,open,onsite,Austin,USA,—,unknown,false,,2024-11-26,https://boards.greenhouse.io/neuralink/jobs/6283663003?gh_jid=6283663003,,,,summer,2027
neuralink-firmware-engineer-intern-robotics-and-surgery-engineering-2027,Neuralink,"Firmware Engineer Intern, Robotics and Surgery Engineering",embedded,,open,onsite,South San Francisco,USA,—,unknown,false,,2025-07-15,https://boards.greenhouse.io/neuralink/jobs/6648992003?gh_jid=6648992003,,,,summer,2027
neuralink-it-systems-administrator-intern-2027,Neuralink,IT Systems Administrator Intern,hardware,,open,onsite,Austin,USA,—,unknown,false,,2026-05-15,https://boards.greenhouse.io/neuralink/jobs/7736276003?gh_jid=7736276003,,,,summer,2027
neuralink-machine-learning-engineer-intern-2027,Neuralink,Machine Learning Engineer Intern,machine-learning,,open,onsite,South San Francisco,USA,—,unknown,false,,2025-05-30,https://boards.greenhouse.io/neuralink/jobs/6594261003?gh_jid=6594261003,,,,summer,2027
neuralink-manufacturing-intern-surgery-robot-hardware-2027,Neuralink,"Manufacturing Intern, Surgery & Robot Hardware",hardware,,open,onsite,South San Francisco,USA,—,unknown,false,,2026-03-19,https://boards.greenhouse.io/neuralink/jobs/7666761003?gh_jid=7666761003,,,,summer,2027
neuralink-mechanical-engineering-intern-brain-interfaces-2027,Neuralink,"Mechanical Engineering Intern, Brain Interfaces",hardware,,open,onsite,Austin,USA,—,unknown,false,,2025-04-15,https://boards.greenhouse.io/neuralink/jobs/6545426003?gh_jid=6545426003,,,,summer,2027
neuralink-mechanical-engineering-intern-robotics-2027,Neuralink,"Mechanical Engineering Intern, Robotics",hardware,,open,onsite,South San Francisco,USA,—,unknown,false,,2025-03-28,https://boards.greenhouse.io/neuralink/jobs/6514169003?gh_jid=6514169003,,,,summer,2027
neuralink-neuroengineer-intern-2027,Neuralink,Neuroengineer Intern,hardware,,open,onsite,South San Francisco,USA,—,unknown,false,,2025-09-30,https://boards.greenhouse.io/neuralink/jobs/7483748003?gh_jid=7483748003,,,,summer,2027
neuralink-r-d-materials-engineer-intern-2026,Neuralink,R&D Materials Engineer Intern,software-engineering,,closed,onsite,"San Bruno, CA",USA,—,unknown,false,,2026-07-17,https://boards.greenhouse.io/neuralink/jobs/7808233003,,,,fall,2026
neuralink-r-d-materials-engineer-intern-2027,Neuralink,R&D Materials Engineer Intern,hardware,,open,onsite,South San Francisco,USA,—,unknown,false,,2026-07-17,https://boards.greenhouse.io/neuralink/jobs/7808233003?gh_jid=7808233003,,,,summer,2027
neuralink-robot-optics-intern-2027,Neuralink,Robot Optics Intern,hardware,,open,onsite,South San Francisco,USA,—,unknown,false,,2025-05-14,https://boards.greenhouse.io/neuralink/jobs/6576326003?gh_jid=6576326003,,,,summer,2027
neuralink-software-engineer-intern-bci-applications-2027,Neuralink,"Software Engineer Intern, BCI Applications",hardware,,open,onsite,South San Francisco,USA,—,unknown,false,,2025-05-30,https://boards.greenhouse.io/neuralink/jobs/6594422003?gh_jid=6594422003,,,,summer,2027
neuralink-software-engineer-intern-implant-2027,Neuralink,"Software Engineer Intern, Implant",hardware,,open,onsite,Austin,USA,—,unknown,false,,2025-05-07,https://boards.greenhouse.io/neuralink/jobs/6569018003?gh_jid=6569018003,,,,summer,2027
neuralink-software-engineer-intern-infrastructure-2027,Neuralink,"Software Engineer Intern, Infrastructure",cloud,,open,onsite,South San Francisco,USA,—,unknown,false,,2024-06-13,https://boards.greenhouse.io/neuralink/jobs/5469298003?gh_jid=5469298003,,,,summer,2027
neuralink-software-engineer-intern-internal-apps-2027,Neuralink,"Software Engineer Intern, Internal Apps",hardware,,open,onsite,Austin,USA,—,unknown,false,,2024-12-13,https://boards.greenhouse.io/neuralink/jobs/6083322003?gh_jid=6083322003,,,,summer,2027
neuralink-software-engineer-intern-robotics-2027,Neuralink,"Software Engineer Intern, Robotics",hardware,,open,onsite,Austin,USA,—,unknown,false,,2025-01-14,https://boards.greenhouse.io/neuralink/jobs/5469305003?gh_jid=5469305003,,,,summer,2027
new-york-post-holdings-product-intern-2026,New York Post Holdings,Product Intern,software-engineering,,open,onsite,NYC,USA,—,unknown,false,,2026-07-31,https://dowjones.wd1.myworkdayjobs.com/New_York_Post_Careers/job/NYC---1211-Ave-of-the-Americas/Product-Intern--Fall-2026--10-weeks--24-hours-a-week-_Job_Req_54488,,,,fall,2026
newsbreak-growth-engineer-intern-growth-engineering-2026,NewsBreak,Growth Engineer Intern - Growth Engineering,software-engineering,,closed,onsite,"Mountain View, CA",USA,—,unknown,false,,2026-07-14,https://job-boards.greenhouse.io/newsbreak/jobs/4697070006,,masters;phd,,fall,2026
nexstar-media-archivist-intern-2026,Nexstar,Media Archivist Intern,software-engineering,,open,onsite,"Mobile, AL",USA,—,unknown,false,,2026-06-27,https://nexstar.wd5.myworkdayjobs.com/nexstar/job/AL-Mobile/Media-Archivist-Intern--In--Person--Fall-2026_REQ-41978,,,,fall,2026
nextiva-forward-deployed-engineer-intern-ai-implementation-2026,Nextiva,Forward Deployed Engineer Intern - AI Implementation,ai,,open,onsite,"Scottsdale, AZ",USA,—,unknown,false,,2026-07-24,https://www.nextiva.com/company/careers-listing?gh_jid=8639480002,,,,fall,2026
nightwing-software-hardware-engineering-intern-2027,Nightwing,Software / Hardware Engineering Intern,hardware,,open,onsite,"Annapolis Junction, MD",USA,—,no,true,,2026-07-28,https://nwis.wd12.myworkdayjobs.com/en-US/NW/job/Annapolis-Junction-MD/Software---Hardware-Engineering---Intern_JR101733,,,,summer,2027
noblis-machinery-silencing-technician-intern-2026,Noblis,Machinery Silencing Technician Intern,software-engineering,,open,onsite,"Philadelphia, PA",USA,—,unknown,false,,2026-08-10,https://careers.noblis.org/jobs/27606?icims=1,,,,fall,2026
nokia-data-science-co-op-intern-2026,Nokia,Data Science Co-op/Intern,data-science,,closed,onsite,Ottawa,ON,—,unknown,false,,2026-04-14,https://fa-evmr-saasfaprod1.fa.ocs.oraclecloud.com/hcmUI/CandidateExperience/en/sites/CX_1/job/34327,,,,fall,2026
nokia-electromechanical-assembly-co-op-intern-intern-2027,Nokia,Electromechanical Assembly Co-op Intern - Intern,software-engineering,,closed,onsite,Canada,USA,—,unknown,false,,2026-08-06,https://fa-evmr-saasfaprod1.fa.ocs.oraclecloud.com/hcmUI/CandidateExperience/en/sites/CX_1/job/39234,,,,winter,2027
nokia-embedded-c-c-software-developer-co-op-intern-2026,Nokia,Embedded C/C++ Software Developer Co-op/Intern,embedded,,closed,onsite,Ottawa,ON,—,unknown,false,,2026-05-20,https://fa-evmr-saasfaprod1.fa.ocs.oraclecloud.com/hcmUI/CandidateExperience/en/sites/CX_1/job/35268,,,,fall,2026
nokia-incubation-developer-coop-intern-2026,Nokia,Incubation Developer Coop/Intern,software-engineering,,closed,onsite,Ottawa,ON,—,unknown,false,,2026-05-04,https://fa-evmr-saasfaprod1.fa.ocs.oraclecloud.com/hcmUI/CandidateExperience/en/sites/CX_1/job/34227,,masters,,fall,2026
nokia-product-development-intern-co-op-2026,Nokia,Product Development Intern/Co-op,software-engineering,,closed,onsite,Ottawa,ON,—,unknown,false,,2026-04-16,https://fa-evmr-saasfaprod1.fa.ocs.oraclecloud.com/hcmUI/CandidateExperience/en/sites/CX_1/job/34184,,phd,,fall,2026
north-cloud-ai-automation-intern-2026,North Cloud,AI Automation Intern,ai,,closed,onsite,"Brooklyn, NY",USA,—,unknown,false,,2026-07-21,https://ats.rippling.com/north-cloud/jobs/9d9d6db9-2da0-45e2-a3d3-6373c61763a4,,,,fall,2026
northrop-grumman-software-engineer-intern-2027-a796d0,Northrop Grumman,Software Engineer Intern,software-engineering,,closed,onsite,"Melbourne, FL",USA,—,unknown,false,,2026-07-27,https://ngc.wd1.myworkdayjobs.com/Northrop_Grumman_External_Site/job/United-States-Florida-Melbourne/XMLNAME-2027-Returning-Intern-Software-Engineer_R10242378,,,,summer,2027
northrop-grumman-software-engineer-intern-2027,Northrop Grumman,Software Engineer Intern,software-engineering,,closed,onsite,"Melbourne, FL",USA,—,unknown,false,,2026-07-25,https://ngc.wd1.myworkdayjobs.com/northrop_grumman_external_site/job/United-States-Florida-Melbourne/XMLNAME-2027-Intern-Software-Engineer_R10239275,,,,summer,2027
northrop-grumman-software-engineer-intern-aeronautics-systems-2027-faf646,Northrop Grumman,Software Engineer Intern - Aeronautics Systems,software-engineering,,closed,onsite,"Melbourne, FL",USA,—,unknown,false,,2026-08-05,https://ngc.wd1.myworkdayjobs.com/Northrop_Grumman_External_Site/job/United-States-Florida-Melbourne/XMLNAME-2027-Intern-Software-Engineer_R10243573,,,,summer,2027
northrop-grumman-software-engineer-intern-aeronautics-systems-2027,Northrop Grumman,Software Engineer Intern - Aeronautics Systems,software-engineering,,open,onsite,"Melbourne, FL",USA,—,unknown,false,,2026-08-06,https://ngc.wd1.myworkdayjobs.com/Northrop_Grumman_External_Site/job/United-States-Florida-Melbourne/XMLNAME-2027-Intern-Software-Engineer_R10242395,,,,summer,2027
northwestern-mutual-investment-analyst-intern-private-debt-equity-2027,Northwestern Mutual,Investment Analyst Intern - Private Debt & Equity,software-engineering,,open,onsite,"Milwaukee, WI",USA,—,unknown,false,,2026-07-24,https://northwesternmutual.wd5.myworkdayjobs.com/corporate-careers/job/Milwaukee-WI-Corporate/Investment-Analyst-Intern---Private-Debt---Equity--Summer-2027_JR-45705,,,,summer,2027
notion-governance-risk-and-compliance-intern-fall-2026-2027,Notion,"Governance, Risk, and Compliance Intern (Fall 2026)",software-engineering,,open,remote,Remote,,—,unknown,false,,2026-07-15,https://jobs.ashbyhq.com/notion/6ccbc30c-2de0-4395-af14-3641cd15961b,,,,summer,2027
notion-software-engineer-ai-intern-2027,Notion,"Software Engineer, AI Intern",ai,,open,onsite,"San Francisco, CA +1",USA,—,yes,false,,2025-08-08,https://jobs.ashbyhq.com/notion/39d70209-37f6-4623-949b-18fbd8889933,,,,winter,2027
notion-software-engineer-intern-2026-3600f8,Notion,Software Engineer Intern,software-engineering,,closed,onsite,SF,USA,—,unknown,false,,2026-04-07,https://jobs.ashbyhq.com/notion/5b15697c-fa91-4511-9482-c98a6ff29f90/application,,masters,,fall,2026
notion-software-engineer-intern-2026,Notion,Software Engineer Intern,software-engineering,,open,onsite,"San Francisco, CA",USA,—,unknown,false,,2026-04-24,https://jobs.ashbyhq.com/notion/5b15697c-fa91-4511-9482-c98a6ff29f90,,,,fall,2026
notion-software-engineer-intern-2027,Notion,Software Engineer Intern,software-engineering,,open,onsite,"San Francisco, CA +1",USA,—,unknown,false,,2025-08-10,https://jobs.ashbyhq.com/notion/fc762b58-24c9-4f34-bf5f-2af6e8adc644,,,,winter,2027
notion-software-engineer-intern-mobile-2027,Notion,"Software Engineer Intern, Mobile",software-engineering,,open,onsite,"San Francisco, CA +1",USA,—,unknown,false,,2025-08-10,https://jobs.ashbyhq.com/notion/3e56e35b-f35b-4b1a-ba2b-0ccdc6f60421,,,,winter,2027
novanta-engineer-intern-2026,Novanta,Engineer Intern,software-engineering,,open,onsite,"Apex, NC",USA,—,unknown,false,,2026-08-03,https://novanta.wd5.myworkdayjobs.com/Novanta-Careers/job/Apex-NC/Intern-Engineering_R009484,,,,fall,2026
novogradac-junior-analyst-intern-2026,Novogradac,Junior Analyst Intern,software-engineering,,open,onsite,"Dallas, TX",USA,—,unknown,false,,2026-05-26,https://novoco.wd108.myworkdayjobs.com/Novogradac/job/Dallas/JUNIOR-ANALYST-INTERN_JR100240-1,,,,fall,2026
ntt-data-aivista-ai-scientist-intern-2026,NTT DATA AIVista,AI Scientist Intern,ai,,open,onsite,"Palo Alto, CA +1",USA,—,unknown,false,,2026-08-03,https://jobs.ashbyhq.com/ntt-data-aivista/75f9f312-1cf9-4141-b352-60cb2fac8fe9/application?embed=true,,phd,,fall,2026
nuro-software-engineer-ai-platform-intern-2027,Nuro,"Software Engineer, AI Platform - Intern",ai,,open,onsite,Mountain View,USA,—,unknown,false,,2025-10-22,https://nuro.ai/careersitem?gh_jid=7351061,,,,summer,2027
nvidia-applied-deep-learning-phd-research-intern-reinforcement-lear-2026,NVIDIA,Applied Deep Learning PhD Research Intern - Reinforcement Learning for LLMs,machine-learning,,closed,onsite,"Santa Clara, CA",USA,—,unknown,false,,2026-05-07,https://nvidia.wd5.myworkdayjobs.com/NVIDIAExternalCareerSite/job/US-CA-Santa-Clara/Applied-Deep-Learning-PhD-Research-Intern--Reinforcement-Learning-for-LLMs---Fall-2026_JR2012398,,phd,,fall,2026
nvidia-applied-research-intern-nlp-2026,NVIDIA,Applied Research Intern - NLP,research,,closed,onsite,"Santa Clara, CA",USA,—,unknown,false,,2026-07-02,https://nvidia.wd5.myworkdayjobs.com/NVIDIAExternalCareerSite/job/US-CA-Santa-Clara/Applied-Research-Intern--NLP---Fall-2026_JR2010488,,masters;phd,,fall,2026
nvidia-java-engineer-intern-2026,NVIDIA,Java Engineer Intern,software-engineering,,closed,onsite,"Santa Clara, CA",USA,—,unknown,false,,2026-07-02,https://nvidia.wd5.myworkdayjobs.com/NVIDIAExternalCareerSite/job/US-CA-Santa-Clara/Java-Engineering-Intern---Fall-2026_JR2019769,,masters;phd,,fall,2026
nvidia-performance-engineer-intern-systems-software-2026,NVIDIA,"Performance Engineer Intern, Systems Software",software-engineering,,closed,onsite,"St. Louis, MO",USA,—,unknown,false,,2026-07-09,https://nvidia.wd5.myworkdayjobs.com/NVIDIAExternalCareerSite/job/US-MO-St-Louis/Performance-Engineer-Intern--Systems-Software---Fall-2026_JR2015779,,,,fall,2026
nvidia-phd-research-intern-security-and-privacy-2026,NVIDIA,PhD Research Intern - Security and Privacy,security,,closed,onsite,"Santa Clara, CA",USA,—,unknown,false,,2026-05-14,https://nvidia.wd5.myworkdayjobs.com/NVIDIAExternalCareerSite/job/US-CA-Santa-Clara/PhD-Research-Intern--Security-and-Privacy---Fall-2026_JR2010492-1,,phd,,fall,2026
nvidia-phd-research-intern-system-software-and-i-o-architecture-2026,NVIDIA,PhD Research Intern - System Software and I/O Architecture,research,,closed,onsite,"Urbana, IL +1",USA,—,unknown,false,,2026-07-02,https://nvidia.wd5.myworkdayjobs.com/NVIDIAExternalCareerSite/job/US-CA-Santa-Clara/PhD-Research-Intern--System-Software-and-I-O-Architecture---Fall-2026_JR2019667,,phd,,fall,2026
nvidia-phd-software-engineer-intern-decision-intelligence-2026,NVIDIA,PhD Software Engineer Intern - Decision Intelligence,software-engineering,,closed,onsite,"Santa Clara, CA",USA,—,unknown,false,,2026-05-23,https://nvidia.wd5.myworkdayjobs.com/NVIDIAExternalCareerSite/job/US-CA-Santa-Clara/PhD-Software-Engineering-Intern--Decision-Intelligence---Fall-2026_JR2017522,,phd,,fall,2026
nvidia-quantum-research-scientist-intern-2026,NVIDIA,Quantum Research Scientist Intern,quant,,closed,onsite,"Santa Clara, CA",USA,—,unknown,false,,2026-05-19,https://nvidia.wd5.myworkdayjobs.com/NVIDIAExternalCareerSite/job/US-CA-Santa-Clara/Quantum-Research-Scientist-Intern---Fall-2026_JR2018244,,,,fall,2026
nvidia-software-engineering-intern-dynamo-2026,NVIDIA,"Software Engineering Intern, Dynamo",software-engineering,,open,onsite,"Santa Clara, CA",USA,—,unknown,false,,2026-08-06,https://nvidia.wd5.myworkdayjobs.com/en-US/NVIDIAExternalCareerSite/job/US-CA-Santa-Clara/Software-Engineering-Intern--Dynamo---Fall-2026_JR2022295,,,,fall,2026
nvidia-software-engineering-intern-jax-2026,NVIDIA,"Software Engineering Intern, JAX",software-engineering,,closed,onsite,"Santa Clara, CA",USA,—,unknown,false,,2026-04-25,https://nvidia.wd5.myworkdayjobs.com/NVIDIAExternalCareerSite/job/US-CA-Santa-Clara/Software-Engineering-Intern--JAX---Fall-2026_JR2009745,,,,fall,2026
nxp-semiconductors-ai-software-engineering-intern-2026,NXP Semiconductors,AI / Software Engineering Intern,ai,,closed,onsite,"Austin, TX",USA,—,unknown,false,,2026-07-20,https://nxp.wd3.myworkdayjobs.com/en-US/careers/job/Austin-Oakhill-Office/AI---Software-Engineering-Intern---Fall-2026_R-10064807,,,,fall,2026
nxp-semiconductors-digital-physical-design-intern-p-r-2026,NXP Semiconductors,Digital Physical Design Intern - P&R,design,,open,onsite,"Chandler, AZ",USA,—,unknown,false,,2026-07-13,https://nxp.wd3.myworkdayjobs.com/en-US/careers/job/Chandler-Office/Digital-Physical-Design--P-R--Intern_R-10064673,,masters,,fall,2026
nxp-semiconductors-digital-verification-engineer-intern-2026,NXP Semiconductors,Digital Verification Engineer Intern,software-engineering,,closed,onsite,"Austin, TX",USA,—,unknown,false,,2026-06-23,https://nxp.wd3.myworkdayjobs.com/en-US/careers/job/Austin-Oakhill-Office/Digital-Verification-Engineer-Intern---Fall-2026_R-10064107,,masters,,fall,2026
obsidian-solutions-group-unity-3d-developer-intern-2026,Obsidian Solutions Group,Unity 3D Developer Intern,software-engineering,,open,onsite,"Fredericksburg, VA",USA,—,unknown,false,,2026-07-17,https://recruiting.paylocity.com/Recruiting/Jobs/Details/4341435,,,,fall,2026
oceancomm-electronics-technician-intern-2026,OceanComm,Electronics Technician Intern,software-engineering,,open,onsite,"Chicago, IL",USA,—,unknown,false,,2026-08-11,https://apply.workable.com/oceancomm/j/AB7EE4F02B/apply,,,,fall,2026
odin-dynamics-inc-engineering-intern-2026,"Odin Dynamics, Inc",Engineering Intern,software-engineering,,open,onsite,LA,USA,—,unknown,false,,2026-07-21,https://jobs.ashbyhq.com/odin-dynamics/db6fe6ed-3517-423d-a757-3b6edea4b51d/application?embed=true,,masters,,fall,2026
old-mission-software-engineer-intern-2027,Old Mission,Software Engineer Intern,software-engineering,,open,onsite,"Chicago, IL",USA,—,unknown,false,,2026-07-24,https://www.oldmissioncapital.com/careers/?gh_jid=7796180003,,masters,,summer,2027
oligo-space-ml-ai-cs-intern-2026,Oligo Space,ML/AI/CS Intern,machine-learning,,open,onsite,"West Athens, CA",USA,—,unknown,false,,2026-07-21,https://jobs.ashbyhq.com/oligo/107f5148-84bd-43ba-a49d-ac8928898ca6/application?embed=true,,,,fall,2026
onsemi-ai-data-analytics-intern-2026,onsemi,AI & Data Analytics Intern,ai,,open,onsite,"Scottsdale, AZ",USA,—,unknown,false,,2026-07-15,https://hctz.fa.us2.oraclecloud.com/hcmUI/CandidateExperience/en/sites/CX_1001/job/2505878,,,,fall,2026
onsemi-electrical-device-characterization-intern-2026,onsemi,Electrical Device Characterization Intern,software-engineering,,closed,onsite,"San Jose, CA",USA,—,unknown,false,,2026-05-26,https://hctz.fa.us2.oraclecloud.com/hcmUI/CandidateExperience/en/sites/CX_1001/job/2505101,,,,fall,2026
open-road-integrated-media-marketing-analytics-intern-paid-2026,Open Road Integrated Media,Marketing Analytics Intern - Paid,software-engineering,,open,onsite,NYC,USA,—,unknown,false,,2026-08-06,https://openroadmedia.applytojob.com/apply/k0wJxCZspo/Marketing-Analytics-Intern-PTPaid,,,,fall,2026
optiver-fpga-engineer-intern-2027-8e401c,Optiver,FPGA Engineer Intern,hardware,,open,onsite,"Austin, TX",USA,—,unknown,false,,2026-07-21,https://www.optiver.com/join-us/jobs/8641352002/?gh_jid=8641352002,,masters;phd,,summer,2027
optiver-fpga-engineer-intern-2027,Optiver,FPGA Engineer Intern,hardware,,open,onsite,"Chicago, IL",USA,—,unknown,false,,2026-07-21,https://www.optiver.com/join-us/jobs/8402114002/?gh_jid=8402114002,,masters;phd,,summer,2027
optiver-institutional-trader-intern-2027,Optiver,Institutional Trader Intern,software-engineering,,open,onsite,"Chicago, IL",USA,—,unknown,false,,2026-07-23,https://job-boards.greenhouse.io/optiverprivate/jobs/8402208002,,masters,,summer,2027
optiver-quantitative-intern-2027,Optiver,Quantitative Intern,quant,,open,onsite,"Austin, TX +1",USA,—,unknown,false,,2026-07-01,https://www.optiver.com/join-us/jobs/8402215002/?gh_jid=8402215002,,masters,,summer,2027
optiver-quantitative-intern-summer-2027-2027,Optiver,Quantitative Intern - Summer 2027,quant,,open,onsite,"Austin, TX",USA,—,unknown,false,,2026-08-05,https://www.optiver.com/join-us/jobs/8682750002/?gh_jid=8682750002,,masters,,summer,2027
optiver-quantitative-research-intern-2027-bb801c,Optiver,Quantitative Research Intern,quant,,open,onsite,"Austin, TX +2",USA,—,unknown,false,,2026-07-01,https://www.optiver.com/join-us/jobs/8451782002/?gh_jid=8451782002,,phd,,summer,2027
optiver-quantitative-research-intern-2027,Optiver,Quantitative Research Intern,quant,,open,onsite,"Chicago, IL",USA,—,unknown,false,,2026-07-01,https://www.optiver.com/join-us/jobs/8451781002/?gh_jid=8451781002,,phd,,summer,2027
optiver-software-engineer-intern-2027-027e72,Optiver,Software Engineer Intern,software-engineering,,open,onsite,"Austin, TX",USA,—,unknown,false,,2026-07-07,https://www.optiver.com/join-us/jobs/technology/austin/software-engineer-intern-summer-2027-austin/,,,,summer,2027
optiver-software-engineer-intern-2027-1dda76,Optiver,Software Engineer Intern,software-engineering,,open,onsite,"Chicago, IL",USA,—,unknown,false,,2026-07-01,https://www.optiver.com/join-us/jobs/8604760002/?gh_jid=8604760002,,masters;phd,,summer,2027
optiver-software-engineer-intern-2027-abe381,Optiver,Software Engineer Intern,software-engineering,,open,onsite,"Chicago, IL",USA,—,unknown,false,,2026-07-07,https://www.optiver.com/join-us/jobs/technology/chicago/software-engineer-intern-summer-2027-chicago/,,,,summer,2027
optiver-software-engineer-intern-2027,Optiver,Software Engineer Intern,software-engineering,,open,onsite,"Austin, TX",USA,—,unknown,false,,2026-07-01,https://www.optiver.com/join-us/jobs/8401052002/?gh_jid=8401052002,,masters;phd,,summer,2027
optiver-trading-automation-and-operations-intern-2027,Optiver,Trading Automation and Operations Intern,quant,,closed,onsite,"Chicago, IL",USA,—,unknown,false,,2026-07-16,https://www.optiver.com/join-us/jobs/8489582002/?gh_jid=8489582002,,masters;phd,,summer,2027
opusclip-ai-product-management-intern-2026,OpusClip,AI Product Management Intern,ai,,open,onsite,"Mountain View, CA",USA,—,unknown,false,,2026-08-11,https://jobs.ashbyhq.com/opusclip/501d374d-7d4f-4889-bc53-0a1fd16253ea/application?embed=true,,,,fall,2026
opusclip-ai-research-intern-2026,OpusClip,AI Research Intern,ai,,open,onsite,"Mountain View, CA",USA,—,unknown,false,,2026-07-22,https://jobs.ashbyhq.com/opusclip/1966160d-8b4a-40f8-96c5-39a6d81122c2/application?embed=true,,masters,,fall,2026
oracle-customer-solutions-analyst-intern-ovip-2026,Oracle,Customer Solutions Analyst Intern - Ovip,software-engineering,,open,onsite,USA,USA,—,unknown,false,,2026-05-21,https://eeho.fa.us2.oraclecloud.com/hcmUI/CandidateExperience/en/sites/CX_45001/job/334388,,,,fall,2026
orennia-analytics-intern-2026,Orennia,Analytics Intern,software-engineering,,open,onsite,Calgary,AB,—,unknown,false,,2026-07-07,https://boards.greenhouse.io/orennia/jobs/5277706008,,,,fall,2026
otter-products-artificial-intelligence-intern-2026,Otter Products,Artificial Intelligence Intern,ai,,closed,onsite,"Fort Collins, CO",USA,—,unknown,false,,2026-08-06,https://careers-otterproducts.icims.com/jobs/6912/job?mobile=true&needsRedirect=false,,,,fall,2026
outpost-technologies-technical-marketing-intern-analytics-research-automation-2026,Outpost Technologies,Technical Marketing Intern - Analytics - Research & Automation,research,,closed,onsite,London,UK,—,unknown,false,,2026-07-21,https://jobs.ashbyhq.com/outpostnow/6f63d0c8-c332-498f-ac69-08c305f5a9ee/application?embed=true,,,,fall,2026
output-biosciences-research-intern-machine-learning-2026,Output Biosciences,Research Intern - Machine Learning,machine-learning,,closed,onsite,SF +1,USA,—,unknown,false,,2026-07-04,https://jobs.ashbyhq.com/output/da2723ca-a418-49f1-b7da-a4f383dd8239/application,,phd,,fall,2026
palantir-forward-deployed-software-engineer-intern-2026-42bb6c,Palantir,Forward Deployed Software Engineer Intern,software-engineering,,open,onsite,NYC,USA,—,unknown,false,,2026-03-10,https://jobs.lever.co/palantir/ac0dc094-2480-43c2-8495-26ade227ff4f/apply,,,,fall,2026
palantir-forward-deployed-software-engineer-intern-2026-769200,Palantir,Forward Deployed Software Engineer Intern,software-engineering,,open,onsite,NYC,USA,—,unknown,false,,2026-02-19,https://jobs.lever.co/palantir/d582cd84-14fd-4aa3-b413-15982d286bd9/apply,,,,fall,2026
palantir-forward-deployed-software-engineer-intern-2026,Palantir,Forward Deployed Software Engineer Intern,software-engineering,,open,onsite,London,UK,—,unknown,false,,2026-07-31,https://jobs.lever.co/palantir/26e23f5d-083b-45aa-b223-1a6e43d960bf/apply,,,,fall,2026
palantir-forward-deployed-software-engineer-intern-commercial-2026,Palantir,Forward Deployed Software Engineer Intern - Commercial,software-engineering,,open,onsite,London,UK,—,unknown,false,,2026-07-31,https://jobs.lever.co/palantir/599b1907-aba1-4303-837b-66e69a521636/apply,,,,fall,2026
palantir-forward-deployed-software-engineer-intern-commercial-2027-81f4cc,Palantir,Forward Deployed Software Engineer Intern - Commercial,software-engineering,,open,onsite,"Chicago, IL",USA,—,unknown,false,,2026-06-30,https://jobs.lever.co/palantir/d5486403-c050-4920-b2e0-91b69b61ebb2/apply,,,,winter,2027
palantir-forward-deployed-software-engineer-intern-commercial-2027,Palantir,Forward Deployed Software Engineer Intern - Commercial,software-engineering,,open,onsite,NYC,USA,—,unknown,false,,2026-06-29,https://jobs.lever.co/palantir/4d29249a-d7e8-4c39-880d-3b35d7b2f6f6/apply,,,,winter,2027
palantir-forward-deployed-software-engineer-intern-intel-2027,Palantir,Forward Deployed Software Engineer Intern - Intel,software-engineering,,open,onsite,"Washington, DC",USA,—,unknown,false,,2026-07-02,https://jobs.lever.co/palantir/9e40d77f-b07c-437b-98e7-def9b0184d89/apply,,,,winter,2027
palantir-forward-deployed-software-engineer-internship-us-government-2027,Palantir,Forward Deployed Software Engineer – Internship - US Government,software-engineering,,open,onsite,"Honolulu, HI",USA,—,unknown,false,,2025-12-12,https://jobs.lever.co/palantir/315f695d-04d1-4a9a-848e-cb2bec7a997e/apply,,,,winter,2027
palantir-privacy-and-civil-liberties-software-engineer-intern-2027,Palantir,Privacy and Civil Liberties Software Engineer Intern,software-engineering,,open,onsite,NYC,USA,—,unknown,false,,2026-06-29,https://jobs.lever.co/palantir/09846827-b931-4a9f-bd64-c3bb8860187b/apply,,,,winter,2027
palantir-software-engineer-intern-2026,Palantir,Software Engineer Intern,software-engineering,,open,onsite,London,UK,—,unknown,false,,2026-07-31,https://jobs.lever.co/palantir/76a60923-bb49-40f5-b061-7c7eb1299602/apply,,,,fall,2026
palantir-software-engineer-intern-infrastructure-2026,Palantir,Software Engineer Intern - Infrastructure,cloud,,open,onsite,London,UK,—,unknown,false,,2026-07-31,https://jobs.lever.co/palantir/fd3603a9-7016-45c6-9c8d-04c9279ab85e/apply,,,,fall,2026
palantir-technologies-forward-deployed-infrastructure-engineer-intern-2026-6e2dc7,Palantir Technologies,Forward Deployed Infrastructure Engineer Intern,cloud,,closed,onsite,"New York, NY",USA,—,no,true,,2026-07-24,https://jobs.lever.co/palantir/cf5f44ff-1b0b-4752-bcd4-2dc88798f25b,,,,fall,2026
palantir-technologies-forward-deployed-infrastructure-engineer-intern-2026-d4cbcc,Palantir Technologies,Forward Deployed Infrastructure Engineer Intern,cloud,,closed,onsite,"Palo Alto, CA",USA,—,yes,false,,2026-07-24,https://jobs.lever.co/palantir/8f362a1f-1eff-4327-94c1-ff46e2101c69,,,,fall,2026
palantir-technologies-forward-deployed-infrastructure-engineer-intern-2026,Palantir Technologies,Forward Deployed Infrastructure Engineer Intern,cloud,,closed,onsite,Washington,D.C.,—,no,true,,2026-07-24,https://jobs.lever.co/palantir/3db7e40a-28e0-4ad1-96c5-93de5bc96aa9,,,,fall,2026
palantir-technologies-forward-deployed-software-engineer-intern-2026-f08121,Palantir Technologies,Forward Deployed Software Engineer Intern,software-engineering,,open,onsite,"Chicago, IL",USA,—,unknown,false,,2026-07-24,https://jobs.lever.co/palantir/d5486403-c050-4920-b2e0-91b69b61ebb2,,,,fall,2026
palantir-technologies-forward-deployed-software-engineer-intern-2026-f695b9,Palantir Technologies,Forward Deployed Software Engineer Intern,software-engineering,,open,onsite,Washington,D.C.,—,yes,false,,2026-07-24,https://jobs.lever.co/palantir/9e40d77f-b07c-437b-98e7-def9b0184d89,,,,fall,2026
palantir-technologies-forward-deployed-software-engineer-intern-2026,Palantir Technologies,Forward Deployed Software Engineer Intern,software-engineering,,open,onsite,"New York, NY",USA,—,unknown,false,,2026-07-24,https://jobs.lever.co/palantir/4d29249a-d7e8-4c39-880d-3b35d7b2f6f6,,,,fall,2026
palantir-technologies-software-engineer-intern-2026,Palantir Technologies,Software Engineer Intern,software-engineering,,open,onsite,"Denver, CO",USA,—,unknown,false,,2026-07-24,https://jobs.lever.co/palantir/373eb939-6f57-4836-8479-be79a5e07249,,,,fall,2026
palantir-technologies-software-engineer-intern-2027-5321b4,Palantir Technologies,Software Engineer Intern,software-engineering,,open,onsite,Washington,D.C.,—,unknown,false,,2026-07-24,https://jobs.lever.co/palantir/bdcfb29f-4f27-42de-933f-7f83a359b9f0,,,,summer,2027
palantir-technologies-software-engineer-intern-2027-d83bf2,Palantir Technologies,Software Engineer Intern,software-engineering,,open,onsite,"Palo Alto, CA",USA,—,unknown,false,,2026-07-24,https://jobs.lever.co/palantir/e27af7ab-41fc-40c9-b31d-02c6cb1c505c,,,,summer,2027
palantir-technologies-software-engineer-intern-2027,Palantir Technologies,Software Engineer Intern,software-engineering,,open,onsite,"New York, NY",USA,—,unknown,false,,2026-07-24,https://jobs.lever.co/palantir/7d69cf8a-06fd-4f05-bd84-27149db29c4d,,,,summer,2027
palantir-technologies-software-engineer-intern-defense-tech-2026-27635e,Palantir Technologies,"Software Engineer Intern, Defense Tech",software-engineering,,open,onsite,"Palo Alto, CA",USA,—,yes,false,,2026-07-24,https://jobs.lever.co/palantir/a483f41b-0da9-42ea-8ed6-cbf6eb93cc6d,,,,fall,2026
palantir-technologies-software-engineer-intern-defense-tech-2026-d6f9c5,Palantir Technologies,"Software Engineer Intern, Defense Tech",software-engineering,,open,onsite,Washington,D.C.,—,yes,false,,2026-07-24,https://jobs.lever.co/palantir/f17e98d0-046a-4e6e-9d65-ed0b12dd0ff7,,,,fall,2026
palantir-technologies-software-engineer-intern-defense-tech-2026,Palantir Technologies,"Software Engineer Intern, Defense Tech",software-engineering,,open,onsite,"New York, NY",USA,—,yes,false,,2026-07-24,https://jobs.lever.co/palantir/8bcf4f33-0a79-4248-bbfd-49ac4be9dd8e,,,,fall,2026
palantir-technologies-software-engineer-intern-infrastructure-2026,Palantir Technologies,"Software Engineer Intern, Infrastructure",cloud,,open,onsite,"Palo Alto, CA",USA,—,unknown,false,,2026-07-24,https://jobs.lever.co/palantir/f221738b-e97c-4ce3-a12a-17ada2b855e4,,,,fall,2026
palantir-technologies-software-engineer-intern-infrastructure-2027,Palantir Technologies,"Software Engineer Intern, Infrastructure",cloud,,open,onsite,"New York, NY",USA,—,unknown,false,,2026-07-24,https://jobs.lever.co/palantir/b229baac-494b-4a0d-9a13-2e38806e06f3,,,,summer,2027
palantir-technologies-software-engineer-intern-production-infrastructure-2026,Palantir Technologies,"Software Engineer Intern, Production Infrastructure",cloud,,open,onsite,"New York, NY",USA,—,unknown,false,,2026-07-24,https://jobs.lever.co/palantir/37964982-9b4c-471e-a1d8-fb8f45d7f116,,,,fall,2026
palantir-technologies-software-engineer-intern-production-infrastructure-2027,Palantir Technologies,"Software Engineer Intern, Production Infrastructure",cloud,,open,onsite,"Seattle, WA",USA,—,unknown,false,,2026-07-24,https://jobs.lever.co/palantir/373367a9-3160-49d8-b7af-2efec062fad1,,,,summer,2027
panagora-dynamic-intern-2026,PanAgora,Dynamic Intern,software-engineering,,open,onsite,"Boston, MA",USA,—,unknown,false,,2026-08-06,https://empower.wd12.myworkdayjobs.com/PanAgora/job/MA-Boston---PanAgora/Intern--Dynamic_R0061449,,,,fall,2026
paragon-forward-deployed-engineer-fde-intern-2027,Paragon,Forward Deployed Engineer (FDE) Intern,software-engineering,,open,onsite,"San Francisco, CA",USA,—,no,true,,2026-05-09,https://www.workatastartup.com/jobs/93642,,,,summer,2027
pathai-machine-learning-intern-ai-product-and-ml-core-2026,PathAI,"Machine Learning Intern, AI Product and ML Core",machine-learning,,open,onsite,"Boston, MA +1",USA,—,unknown,false,,2026-04-20,https://www.pathai.com/career/job-post?gh_jid=8202342002,,,,fall,2026
pdt-partners-software-engineer-intern-2027,PDT Partners,Software Engineer Intern,software-engineering,,open,onsite,NYC +1,USA,—,unknown,false,,2026-07-24,https://job-boards.greenhouse.io/pdtpartners/jobs/8077685,,masters;phd,,summer,2027
peak6-trading-bootcamp-micro-internship-summer-2027-2027,PEAK6,Trading Bootcamp Micro-Internship - Summer 2027,quant,,open,onsite,"Chicago, IL",USA,—,unknown,false,,2026-08-10,https://peak6group.wd1.myworkdayjobs.com/CapMan/job/Chicago-IL/Trading-Bootcamp-Micro-Internship---Summer-2027_JR105057,,,,summer,2027
peak6-trading-intern-2027,PEAK6,Trading Intern,quant,,closed,onsite,"Chicago, IL",USA,—,unknown,false,,2026-08-10,https://peak6group.wd1.myworkdayjobs.com/CapMan/job/Chicago-IL/Trading-Internship-for-Women-_JR105061,,,,summer,2027
pendulum-intelligence-product-manager-intern-2026,Pendulum Intelligence,Product Manager Intern,product,,open,remote,Remote,,—,unknown,false,,2026-07-21,https://ats.rippling.com/pendulum-intelligence-jobs/jobs/301a1742-46fd-4489-b410-6fdcac0dbe27,,,,fall,2026
pennstate-university-research-and-development-engineering-intern-2026,PennState University,Research and Development Engineering Intern,research,,open,onsite,"State College, PA",USA,—,unknown,false,,2026-03-03,https://psu.wd1.myworkdayjobs.com/PSU_Staff/job/Penn-State-University-Park/Research-and-Development-Engineering-Intern_REQ_0000076214-1,,,,fall,2026
pennsylvania-state-university-ai-ml-research-and-development-intern-2026,Pennsylvania State University,AI/ML Research and Development Intern,machine-learning,,closed,onsite,"State College, PA +1",USA,—,unknown,false,,2026-04-02,https://psu.wd1.myworkdayjobs.com/PSU_Staff/job/Penn-State-University-Park/AI-ML-Research-and-Development-Intern_REQ_0000077083-1,,masters,,fall,2026
pennsylvania-state-university-electronic-materials-and-devices-engineer-intern-electronic-2026,Pennsylvania State University,Electronic Materials and Devices Engineer Intern - Electronic Materials and Devices,software-engineering,,closed,onsite,University Park,State College,—,unknown,false,,2026-06-20,https://psu.wd1.myworkdayjobs.com/PSU_Staff/job/Penn-State-University-Park/Electronic-Materials-and-Devices-Engineering-Intern_REQ_0000053210,,,,fall,2026
pennsylvania-state-university-r-d-engineer-intern-2026,Pennsylvania State University,R&D Engineer Intern,software-engineering,,closed,onsite,"State College, PA +1",USA,—,unknown,false,,2026-07-15,https://psu.wd1.myworkdayjobs.com/PSU_Staff/job/Penn-State-University-Park/R-D-Engineer-Intern_REQ_0000079178-1,,,,fall,2026
pennsylvania-state-university-research-and-development-engineer-intern-2026-86be32,Pennsylvania State University,Research and Development Engineer Intern,research,,closed,onsite,"State College, PA",USA,—,unknown,false,,2026-07-02,https://psu.wd1.myworkdayjobs.com/PSU_Staff/job/Penn-State-University-Park/Research-and-Development-Engineer-Intern_REQ_0000072876-1,,,,fall,2026
pennsylvania-state-university-research-and-development-engineer-intern-2026,Pennsylvania State University,Research and Development Engineer Intern,research,,closed,onsite,"Tarentum, PA",USA,—,unknown,false,,2026-06-13,https://psu.wd1.myworkdayjobs.com/PSU_Staff/job/Freeport-PA/Research-and-Development-Engineering-Intern_REQ_0000064925-1,,,,fall,2026
pennsylvania-state-university-research-engineering-intern-2026,Pennsylvania State University,Research Engineering Intern,research,,open,onsite,"State College, PA",USA,—,unknown,false,,2026-07-22,https://psu.wd1.myworkdayjobs.com/PSU_Staff/job/Penn-State-University-Park/Research-Engineering-Interns_REQ_0000080335-1,,,,fall,2026
pentair-product-management-internship-2027,Pentair,Product Management Internship,product,,open,onsite,"Apex, NC +5",USA,—,unknown,false,,2026-08-03,https://pentair.wd5.myworkdayjobs.com/pentair_careers/job/Golden-Valley-MN/Product-Management-Leadership-Development-Internship-Program---Summer-2027_R23713,,,,summer,2027
persistent-systems-embedded-software-engineer-intern-2026,Persistent Systems,Embedded Software Engineer Intern,embedded,,open,onsite,NYC,USA,—,unknown,false,,2026-06-22,https://careers-persistentsystems.icims.com/jobs/2272/job?mobile=true&needsRedirect=false,,,,fall,2026
persistent-systems-hardware-engineer-intern-2026,Persistent Systems,Hardware Engineer Intern,hardware,,closed,onsite,NYC,USA,—,unknown,false,,2026-06-22,https://careers-persistentsystems.icims.com/jobs/2270/job?mobile=true&needsRedirect=false,,,,fall,2026
persona-ai-autonomy-software-engineer-intern-world-modeling-2026,Persona AI,Autonomy Software Engineer Intern - World Modeling,software-engineering,,open,onsite,"Houston, TX",USA,—,unknown,false,,2026-08-03,https://jobs.ashbyhq.com/persona.ai/fd514a3f-4138-48d5-9862-05ff74a4ca08/application?embed=true,,masters;phd,,fall,2026
persona-ai-machine-learning-intern-manipulation-2026,Persona AI,Machine Learning Intern - Manipulation,machine-learning,,open,onsite,"Houston, TX",USA,—,unknown,false,,2026-07-31,https://jobs.ashbyhq.com/persona.ai/ed9a7425-9798-471e-b46a-fefd59570630/application?embed=true,,masters;phd,,fall,2026
persona-ai-teleoperation-software-engineering-internship-2026,Persona AI,Teleoperation Software Engineering Internship,software-engineering,,open,onsite,"Houston, TX +1",USA,—,unknown,false,,2026-07-13,https://jobs.ashbyhq.com/persona.ai/6078fafd-ba34-4c89-b260-7eb15be3cb9c/application,,masters;phd,,fall,2026
phlair-working-student-intern-control-team-systems-data-infrastruct-2026,Phlair,Working Student Intern - Control Team - Systems & Data Infrastructure,cloud,,closed,onsite,Edmonton +1,AB,—,unknown,false,,2026-07-21,https://jobs.ashbyhq.com/phlair/8021960b-1e19-406b-99c2-bac26fbe2c86/application?embed=true,,,,fall,2026
phonely-software-engineer-intern-2026,Phonely,Software Engineer Intern,software-engineering,,open,onsite,"San Francisco, CA",USA,—,unknown,false,,2026-07-24,https://jobs.ashbyhq.com/phonely/c83696cb-ca3a-4a9d-9e87-bfcf4f79fef5?embed=true,,,,fall,2026
phonely-software-engineer-intern-multiple-teams-2026,Phonely,Software Engineer Intern - Multiple Teams,software-engineering,,open,onsite,SF,USA,—,unknown,false,,2026-07-21,https://jobs.ashbyhq.com/phonely/c83696cb-ca3a-4a9d-9e87-bfcf4f79fef5/application?embed=true,,,,fall,2026
phonic-machine-learning-research-intern-2026,Phonic,Machine Learning Research Intern,machine-learning,,open,onsite,SF,USA,—,unknown,false,,2026-07-21,https://jobs.ashbyhq.com/phonic/a6c8c3d2-250a-4c2f-8a20-e4667ca38e41/application?embed=true,,,,fall,2026
pika-research-intern-bs-ms-phd-2026,Pika,Research Intern - BS/MS/PhD,research,,open,onsite,"Palo Alto, CA",USA,—,unknown,false,,2026-07-10,https://jobs.ashbyhq.com/pika/e135acb1-2a0b-47b4-81b2-3cb0f787657a/application,,masters;phd,,fall,2026
pinterest-machine-learning-intern-phd-2026,Pinterest,"Machine Learning Intern, PhD",machine-learning,,open,onsite,"San Francisco, CA +3",USA,—,unknown,false,,2026-04-20,https://www.pinterestcareers.com/jobs/7255640/phd-fall-machine-learning-intern-atg-visual-multimodal-and-recommender-systems/?jr_id=69e683219b6eb37e26f80c4f&gh_jid=7255640,,,,fall,2026
pinterest-phd-fall-machine-learning-intern-atg-visual-multimodal-and-r-2027,Pinterest,"PhD Fall Machine Learning Intern (ATG — Visual, Multimodal, and Recommender Systems)",machine-learning,,closed,onsite,"San Francisco, CA",USA,—,unknown,false,,2026-04-20,https://www.pinterestcareers.com/jobs/?gh_jid=7255640,,phd,,summer,2027
pinterest-software-engineer-intern-2026,Pinterest,Software Engineer Intern,software-engineering,,open,onsite,Toronto,Canada,—,unknown,false,,2026-04-20,https://www.pinterestcareers.com/jobs/7258004/software-engineer-intern-fall-2026-toronto/?gh_jid=7258004,,,,fall,2026
pinterest-software-engineer-intern-2027,Pinterest,Software Engineer Intern,software-engineering,,open,onsite,Toronto,Canada,—,unknown,false,,2025-09-24,https://www.pinterestcareers.com/jobs/7252886/software-engineer-intern-winter-term-2026-toronto/,,,,winter,2027
plusai-deep-learning-research-intern-multimodal-bev-perception-2026,PlusAI,Deep Learning Research Intern - Multimodal BEV Perception,machine-learning,,open,onsite,"Santa Clara, CA",USA,—,unknown,false,,2026-08-06,https://jobs.lever.co/plus-2/2ee24f85-bfa1-47fc-bfe3-fd07521a7b62/apply,,masters;phd,,fall,2026
podium-software-engineering-intern-2027,Podium,Software Engineering Intern,software-engineering,,closed,onsite,"Lehi, UT",USA,—,unknown,false,,2026-05-19,https://job-boards.greenhouse.io/podium81/jobs/7939921,,,,summer,2027
point72-investment-analyst-intern-point72-academy-2027,Point72,"Investment Analyst Intern, Point72 Academy",software-engineering,,open,onsite,"New York, NY +4",USA,—,unknown,false,,2026-04-19,https://careers.point72.com/CSJobDetail?jobName=2027-point72-academy-investment-analyst-summer-internship-program-us&jobCode=CPA-0014081,,,,summer,2027
point72-quantitative-developer-intern-2027,Point72,Quantitative Developer Intern,quant,,open,onsite,"New York, NY",USA,—,unknown,false,,2026-04-19,https://careers.point72.com/CSJobDetail?jobName=summer-2027-quantitative-developer-internship&jobCode=CSS-0012293,,,,summer,2027
point72-quantitative-researcher-intern-2027,Point72,Quantitative Researcher Intern,quant,,open,onsite,"New York, NY",USA,—,unknown,false,,2026-04-19,https://careers.point72.com/CSJobDetail?jobName=summer-2027-quantitative-researcher-internship&jobCode=CSS-0012295,,,,summer,2027
pony-ai-research-intern-deep-learning-2026-5b09e4,pony.ai,Research Intern - Deep Learning,machine-learning,,open,onsite,"Fremont, CA",USA,—,unknown,false,,2026-05-29,https://apply.workable.com/pony-dot-ai/j/4C1F53EF5D/apply,,masters;phd,,fall,2026
pony-ai-research-intern-deep-learning-2026,Pony.ai,Research Intern - Deep Learning,machine-learning,,open,onsite,"Fremont, CA",USA,—,unknown,false,,2026-07-27,https://apply.workable.com/pony-dot-ai/j/4C1F53EF5D/,,masters;phd,,fall,2026
pony-ai-software-engineer-intern-2026,Pony.ai,Software Engineer Intern,software-engineering,,open,onsite,"Fremont, CA",USA,—,unknown,false,,2026-07-27,https://apply.workable.com/pony-dot-ai/j/BA5FFDBC71/,,,,fall,2026
poshmark-cloud-platform-engineer-intern-growth-2027,Poshmark,"Cloud Platform Engineer Intern, Growth",cloud,,open,onsite,"Redwood City, CA",USA,—,no,false,,2026-04-20,https://jobs.ashbyhq.com/poshmark/062b84e6-1633-43ae-870b-83cb62893caa,,,,summer,2027
postman-ai-engineer-intern-2026,Postman,AI Engineer Intern,ai,,open,onsite,"Berkeley, CA",USA,—,unknown,false,,2026-08-01,https://job-boards.greenhouse.io/postman/jobs/7823417003,,masters;phd,,fall,2026
pronexus-software-engineer-intern-2026,ProNexus,Software Engineer Intern,software-engineering,,open,remote,Remote,,—,unknown,false,,2026-08-08,https://apply.workable.com/pronexus-1/j/AF8C34AC6D/apply,,,,fall,2026
prophet-ai-engineer-intern-ai-foundry-digital-growth-2026,Prophet,AI Engineer Intern - AI Foundry & Digital Growth,ai,,open,onsite,NYC,USA,—,unknown,false,,2026-07-27,https://job-boards.greenhouse.io/prophet/jobs/4689859005,,,,fall,2026
prospect-equities-backend-frontend-developer-intern-2026,Prospect Equities,Backend / Frontend Developer Intern,software-engineering,,open,onsite,"Chicago, IL",USA,—,unknown,false,,2026-08-03,https://prospectequities.applytojob.com/apply/XTbzSAcNtg/Backend-Frontend-Developer-Intern,,,,fall,2026
psecu-data-analyst-intern-2026,PSECU,Data Analyst Intern,software-engineering,,closed,onsite,"Harrisburg, PA",USA,—,unknown,false,,2026-07-31,https://psecu.wd12.myworkdayjobs.com/PSECU/job/Harrisburg-PA/Data-Analyst-Intern_JR100964,,,,fall,2026
psp-investments-ai-solutions-intern-external-manager-selection-monitoring-2027,PSP Investments,AI Solutions Intern - External Manager Selection & Monitoring,ai,,open,onsite,Montreal,QC,—,unknown,false,,2026-08-10,https://investpsp.wd3.myworkdayjobs.com/psp_careers/job/Montreal/Intern--AI-Solutions-for-External-Manager-Selection---Monitoring--May---August-2027-_R4933,,masters,,summer,2027
pure-storage-sw-engineer-internship-2027,Pure Storage,SW Engineer Internship,software-engineering,,open,onsite,Prague,USA,—,unknown,false,,2026-06-25,https://job-boards.greenhouse.io/purestorage/jobs/7996475,,,,summer,2027
pylon-software-engineer-intern-2027,Pylon,Software Engineer Intern,software-engineering,,open,onsite,SF,USA,—,unknown,false,,2026-07-09,https://jobs.ashbyhq.com/pylon-labs/fcea8b52-81f1-4b0c-b575-d7b180faec4d/application,,masters,,summer,2027
quadrillion-research-intern-2026,Quadrillion,Research Intern,research,,open,onsite,NYC,USA,—,unknown,false,,2026-07-21,https://jobs.ashbyhq.com/quadrillion-labs/579cef88-1dbf-45b5-a938-7ddc23505765/application?embed=true,,phd,,fall,2026
quadrillion-software-engineer-intern-2026,Quadrillion,Software Engineer Intern,software-engineering,,closed,onsite,NYC,USA,—,unknown,false,,2026-07-21,https://jobs.ashbyhq.com/quadrillion-labs/601e105d-2f0f-4482-9bae-3a825a1b97fd/application?embed=true,,,,fall,2026
quadrillion-software-engineering-intern-2027,Quadrillion,Software Engineering Intern,software-engineering,,open,onsite,NYC,USA,—,unknown,false,,2026-07-24,https://jobs.ashbyhq.com/quadrillion-labs/a4acc44c-31ce-41a0-ab44-2500487b4d05/application?embed=true,,,,summer,2027
quadrillion-labs-software-engineering-intern-2027,Quadrillion Labs,Software Engineering Intern,software-engineering,,open,onsite,"New York, NY",USA,—,unknown,false,,2026-07-27,https://jobs.ashbyhq.com/quadrillion-labs/a4acc44c-31ce-41a0-ab44-2500487b4d05,,,,summer,2027
quantbot-technologies-data-trading-analyst-intern-2027,Quantbot Technologies,Data Trading Analyst Intern,quant,,open,onsite,NYC,USA,—,unknown,false,,2026-08-11,https://www.quantbot.com/careers/4299767009?gh_jid=4299767009,,masters,,summer,2027
quantbot-technologies-data-trading-analyst-intern-data-trading-lab-2027,Quantbot Technologies,Data Trading Analyst Intern - Data Trading Lab,quant,,open,onsite,London,UK,—,unknown,false,,2026-08-11,https://www.quantbot.com/careers/4299858009?gh_jid=4299858009,,masters,,summer,2027
quantbot-technologies-machine-learning-research-engineer-intern-2027,Quantbot Technologies,Machine Learning Research Engineer Intern,machine-learning,,open,onsite,NYC,USA,—,unknown,false,,2026-08-11,https://www.quantbot.com/careers/4340833009?gh_jid=4340833009,,,,summer,2027
quantbot-technologies-quantitative-developer-intern-2027,Quantbot Technologies,Quantitative Developer Intern,quant,,open,onsite,NYC,USA,—,unknown,false,,2026-08-11,https://www.quantbot.com/careers/4341038009?gh_jid=4341038009,,masters,,summer,2027
quantbot-technologies-quantitative-researcher-intern-2027-570f76,Quantbot Technologies,Quantitative Researcher Intern,quant,,open,onsite,London,UK,—,unknown,false,,2026-08-11,https://www.quantbot.com/careers/4299863009?gh_jid=4299863009,,masters;phd,,summer,2027
quantbot-technologies-quantitative-researcher-intern-2027,Quantbot Technologies,Quantitative Researcher Intern,quant,,open,onsite,NYC,USA,—,unknown,false,,2026-08-11,https://www.quantbot.com/careers/4299496009?gh_jid=4299496009,,masters;phd,,summer,2027
quantbot-technologies-software-engineer-intern-2027,Quantbot Technologies,Software Engineer Intern,software-engineering,,open,onsite,NYC,USA,—,unknown,false,,2026-08-11,https://www.quantbot.com/careers/4299458009?gh_jid=4299458009,,masters,,summer,2027
quera-computing-photonics-data-engineer-intern-data-management-2026,QuEra Computing,Photonics Data Engineer Intern - Data Management,data-engineering,,open,onsite,"Boston, MA",USA,—,unknown,false,,2026-08-03,https://job-boards.greenhouse.io/queracomputinginc/jobs/5378366008,,masters,,fall,2026
radix-trading-quantitative-technologist-intern-c-2027,Radix Trading,"Quantitative Technologist Intern, C++",quant,,open,onsite,"Chicago, IL",USA,—,yes,false,,2026-07-24,https://job-boards.greenhouse.io/radixuniversity/jobs/8500265002,,,,summer,2027
rainmaker-software-engineer-intern-2026,Rainmaker,Software Engineer Intern,software-engineering,,closed,onsite,"El Segundo, CA",USA,—,unknown,false,,2026-07-15,https://jobs.lever.co/make-rain/b45f954e-19df-45b1-8748-c8ae442a2e8b/apply,,,,fall,2026
rakuten-international-software-engineer-intern-2027,Rakuten International,Software Engineer Intern,software-engineering,,closed,onsite,San Mateo,California,—,unknown,false,,2026-07-09,https://rakuten.wd1.myworkdayjobs.com/en-US/RakutenAmericas/job/San-Mateo-California/Intern---Software-Engineer--AI-User-Experience_1033171,,,,summer,2027
ramp-software-engineer-internship-android-2027,Ramp,"Software Engineer Internship, Android",software-engineering,,open,remote,Remote,,—,unknown,false,,2025-08-07,https://jobs.ashbyhq.com/ramp/67fadb77-43d8-4449-954b-d4cf2c6d3b8b,,,,summer,2027
rapdev-servicenow-engineer-intern-2026,RapDev,ServiceNow Engineer Intern,software-engineering,,closed,onsite,"Boston, MA",USA,—,unknown,false,,2026-07-29,https://jobs.ashbyhq.com/rapdev/b022388e-79d0-43b8-b524-64aaed9ff4dc/application?embed=true,,,,fall,2026
red-bull-data-science-intern-data-science-2026,Red Bull,Data Science Intern - Data Science,data-science,,open,onsite,"Morristown, NJ",USA,—,unknown,false,,2026-07-23,https://jobs.smartrecruiters.com/RedBull/744000139168339,,,,fall,2026
redwood-materials-embedded-software-engineer-intern-2026,Redwood Materials,Embedded Software Engineer Intern,embedded,,open,onsite,SF,USA,—,unknown,false,,2026-07-29,https://boards.greenhouse.io/redwoodmaterials/jobs/6126784004,,masters,,fall,2026
redwood-materials-test-automation-engineer-intern-2026,Redwood Materials,Test Automation Engineer Intern,software-engineering,,open,onsite,"San Francisco, CA",USA,—,unknown,false,,2026-08-06,https://job-boards.greenhouse.io/redwoodmaterials/jobs/6126785004,,,,fall,2026
rendezvous-robotics-software-engineering-intern-2026,Rendezvous Robotics,Software Engineering Intern,software-engineering,,open,onsite,"Golden, CO",USA,—,no,true,,2026-07-28,https://job-boards.greenhouse.io/rendezvousrobotics/jobs/4328555009,,,,fall,2026
rendezvous-robotics-software-engineering-intern-spring-2027-2027,Rendezvous Robotics,"Software Engineering Intern, Spring 2027",software-engineering,,open,onsite,"Golden, CO",USA,—,no,true,,2026-07-28,https://job-boards.greenhouse.io/rendezvousrobotics/jobs/4329122009,,,,spring,2027
responsiveads-full-stack-developer-intern-responsiveads-studio-4-2026,ResponsiveAds,Full-Stack Developer Intern - ResponsiveAds - Studio 4,software-engineering,,open,onsite,Vancouver,BC,—,unknown,false,,2026-08-11,https://apply.workable.com/responsiveads-inc/j/493EAC12D6/apply,,,,fall,2026
revise-robotics-engineer-intern-2026,Revise Robotics,Engineer Intern,software-engineering,,open,onsite,NYC,USA,—,unknown,false,,2026-07-21,https://jobs.ashbyhq.com/reviserobotics/7b0426d4-cf8c-4fdf-98a8-5a0360706633/application?embed=true,,,,fall,2026
revvity-full-stack-ai-developer-intern-2026,Revvity,Full-Stack AI Developer Intern,ai,,open,remote,Remote,,—,unknown,false,,2026-07-15,https://revvity.wd103.myworkdayjobs.com/External/job/CAD-Remote--ON/Full-Stack-AI-Developer-Intern_JR-044905,,,,fall,2026
revvity-product-manager-intern-2026,Revvity,Product Manager Intern,product,,closed,remote,Remote,,—,unknown,false,,2026-07-15,https://revvity.wd103.myworkdayjobs.com/External/job/CAD-Remote--ON/Product-Manager-Intern_JR-044907,,masters;phd,,fall,2026
rfcuny-it-data-systems-intern-archibus-applications-development-2026-0fd83a,RFCUNY,IT & Data Systems Intern - Archibus & Applications Development,software-engineering,,open,onsite,NYC,USA,—,unknown,false,,2026-07-15,https://rfcuny.wd108.myworkdayjobs.com/RFCUNY/job/New-York-NY/IT---Data-Systems-Intern--Archibus---Applications-Development-_JR3277,,,,fall,2026
rfcuny-it-data-systems-intern-archibus-applications-development-2026,RFCUNY,IT & Data Systems Intern - Archibus & Applications Development,software-engineering,,open,onsite,NYC,USA,—,unknown,false,,2026-07-15,https://rfcuny.wd108.myworkdayjobs.com/RFCUNY/job/New-York-NY/IT---Data-Systems-Intern--Archibus---Applications-Development-_JR3276,,,,fall,2026
rho-quantitative-analyst-intern-2026,Rho,Quantitative Analyst Intern,quant,,open,onsite,NYC,USA,—,unknown,false,,2026-08-05,https://jobs.ashbyhq.com/rho/eb5c9709-ab43-4e9e-9c41-ccb122955fcf/application?embed=true,,,,fall,2026
richemont-sustainability-transformation-analyst-intern-2026,Richemont,Sustainability Transformation Analyst Intern,software-engineering,,closed,onsite,"Bellevue, WA",USA,—,unknown,false,,2026-07-29,https://richemont.wd3.myworkdayjobs.com/richemont/job/BELLEVUE/Sustainability-Transformation-Analyst-Intern_JR132092,,masters,,fall,2026
rippling-frontend-software-engineer-intern-2027,Rippling,Frontend Software Engineer Intern,software-engineering,,open,onsite,"New York, NY +1",USA,—,unknown,false,,2025-06-07,https://ats.rippling.com/en-GB/rippling/jobs/3fd9615a-d0c7-458c-a0fc-5d9d7f0ce77c,,,,winter,2027
rippling-full-stack-software-engineer-intern-2027,Rippling,Full Stack Software Engineer Intern,software-engineering,,open,onsite,"Seattle, WA +2",USA,—,unknown,false,,2026-06-05,https://ats.rippling.com/rippling/jobs/35b3ba25-ff2e-4b68-a2d7-61be26f2b24a,,masters,,winter,2027
rippling-machine-learning-engineer-intern-2027,Rippling,Machine Learning Engineer Intern,machine-learning,,open,onsite,"San Francisco, CA",USA,—,unknown,false,,2025-06-07,https://ats.rippling.com/en-GB/rippling/jobs/ee1ec0b1-9a55-408d-979d-9c74f257e9ea,,,,winter,2027
rippling-machine-learning-software-engineer-intern-2027,Rippling,Machine Learning Software Engineer Intern,machine-learning,,open,onsite,SF,USA,—,unknown,false,,2026-06-05,https://ats.rippling.com/rippling/jobs/82c13e8f-ae96-4c60-a872-c0ddf9eb0781,,masters;phd,,winter,2027
rippling-software-engineer-intern-2027,Rippling,Software Engineer Intern,software-engineering,,open,onsite,"New York, NY +1",USA,—,unknown,false,,2025-06-07,https://ats.rippling.com/en-GB/rippling/jobs/203e0cac-0e30-4603-8087-f764e8c3f85c,,,,winter,2027
rippling-software-engineer-intern-backend-focused-2027,Rippling,Software Engineer Intern - Backend Focused,software-engineering,,open,onsite,"Seattle, WA +2",USA,—,unknown,false,,2026-06-05,https://ats.rippling.com/rippling/jobs/00cbc991-d2fb-452c-a8b6-2978f109a484,,masters,,winter,2027
rise8-skillbridge-intern-product-manager-2026,Rise8,Skillbridge Intern - Product Manager,product,,closed,remote,Remote,,—,unknown,false,,2026-06-29,https://job-boards.greenhouse.io/rise8/jobs/4359627007,,,,fall,2026
rivian-intern-2026,Rivian,Intern,software-engineering,,open,onsite,"Urbana, IL",USA,—,unknown,false,,2026-07-22,https://careers.rivian.com/jobs/32355?icims=1,,masters;phd,,fall,2026
rivian-machine-learning-compiler-intern-machine-learning-compiler-2026,Rivian,Machine Learning Compiler Intern - Machine Learning Compiler,machine-learning,,open,onsite,"Urbana, IL",USA,—,unknown,false,,2026-07-14,https://careers.rivian.com/jobs/29851?icims=1,,masters;phd,,fall,2026
rivian-research-park-intern-embedded-software-2026,Rivian,Research Park Intern - Embedded Software,embedded,,closed,onsite,"Urbana, IL",USA,—,unknown,false,,2026-07-22,https://careers.rivian.com/jobs/32354?icims=1,,masters;phd,,fall,2026
rivian-uiuc-research-park-intern-computational-methods-development-2026,Rivian,UIUC Research Park Intern - Computational Methods Development,research,,closed,onsite,"Urbana, IL",USA,—,unknown,false,,2026-07-22,https://careers.rivian.com/jobs/32340?icims=1,,masters;phd,,fall,2026
rivian-and-volkswagen-group-technologies-android-developer-intern-2026,Rivian and Volkswagen Group Technologies,Android Developer Intern,software-engineering,,open,onsite,"Palo Alto, CA",USA,—,unknown,false,,2026-06-11,https://jobs.ashbyhq.com/rivianvw.tech/5633bb03-cc16-47fc-af02-db9dc355eddd/application,,,,fall,2026
rivian-and-volkswagen-group-technologies-data-engineering-intern-ai-analytics-2026,Rivian and Volkswagen Group Technologies,Data Engineering Intern - AI & Analytics,ai,,open,onsite,"Palo Alto, CA",USA,—,unknown,false,,2026-06-11,https://jobs.ashbyhq.com/rivianvw.tech/3864f83a-7b29-4c96-b00e-436d60c0508a/application,,masters;phd,,fall,2026
rivian-and-volkswagen-group-technologies-electromechanical-design-engineer-intern-2026,Rivian and Volkswagen Group Technologies,Electromechanical Design Engineer Intern,design,,open,onsite,"Palo Alto, CA +2",USA,—,unknown,false,,2026-06-11,https://jobs.ashbyhq.com/rivianvw.tech/14734be2-9c81-4aab-bfa6-7dbbe95c94a6/application?embed=true,,masters,,fall,2026
rivian-and-volkswagen-group-technologies-engineering-intern-embedded-hardware-vehicle-networking-audi-2027,Rivian and Volkswagen Group Technologies,"Engineering Intern, Embedded Hardware, Vehicle Networking & Audio",embedded,,open,onsite,"Palo Alto, CA",USA,—,unknown,false,,2025-11-01,https://careers.rivianvw.tech/rivian-vw-group-technology/jobs/27276/job,,,,winter,2027
rivian-and-volkswagen-group-technologies-software-engineer-intern-3d-2027,Rivian and Volkswagen Group Technologies,"Software Engineer Intern, 3D",software-engineering,,open,onsite,"Palo Alto, CA",USA,—,unknown,false,,2025-11-01,https://careers.rivianvw.tech/rivian-vw-group-technology/jobs/27279/job,,,,winter,2027
rivian-and-volkswagen-group-technologies-software-engineer-intern-applications-2026,Rivian and Volkswagen Group Technologies,Software Engineer Intern - Applications,software-engineering,,open,onsite,"Palo Alto, CA +1",USA,—,unknown,false,,2026-06-11,https://jobs.ashbyhq.com/rivianvw.tech/3f314ca7-978e-4ad6-b527-0487a9a9598c/application,,masters,,fall,2026
rivian-and-volkswagen-group-technologies-software-engineer-intern-co-op-android-connectivity-2026,Rivian and Volkswagen Group Technologies,Software Engineer Intern Co-op - Android Connectivity,software-engineering,,closed,onsite,Vancouver,BC,—,unknown,false,,2026-06-11,https://jobs.ashbyhq.com/rivianvw.tech/75874976-540a-4e5c-aa72-1b23669c5211/application,,masters,,fall,2026
rivian-and-volkswagen-group-technologies-software-engineer-intern-co-op-applications-2026,Rivian and Volkswagen Group Technologies,Software Engineer Intern Co-op - Applications,software-engineering,,open,onsite,Toronto +1,ON,—,unknown,false,,2026-06-11,https://jobs.ashbyhq.com/rivianvw.tech/259f1a7c-3102-47a3-9919-c1174d9be89c/application,,,,fall,2026
rivian-and-volkswagen-group-technologies-software-engineer-intern-co-op-systems-engineering-2026,Rivian and Volkswagen Group Technologies,Software Engineer Intern Co-op - Systems Engineering,software-engineering,,open,onsite,Vancouver,BC,—,unknown,false,,2026-06-11,https://jobs.ashbyhq.com/rivianvw.tech/28e87a5e-7aba-4f91-af44-74f739356a27/application,,,,fall,2026
rivian-and-volkswagen-group-technologies-software-engineer-intern-co-op-vehicle-controls-2026,Rivian and Volkswagen Group Technologies,Software Engineer Intern Co-op - Vehicle Controls,software-engineering,,open,onsite,Toronto +1,ON,—,unknown,false,,2026-06-11,https://jobs.ashbyhq.com/rivianvw.tech/a706bc73-8c3d-41b0-8bc5-874926a4af3e/application,,masters,,fall,2026
rivian-and-volkswagen-group-technologies-software-engineer-intern-connected-systems-2026,Rivian and Volkswagen Group Technologies,Software Engineer Intern - Connected Systems,software-engineering,,open,onsite,"Palo Alto, CA +1",USA,—,unknown,false,,2026-06-11,https://jobs.ashbyhq.com/rivianvw.tech/50e43cbe-01ea-4b8b-be4c-bb5f48a2be92/application,,masters,,fall,2026
rivian-and-volkswagen-group-technologies-software-engineer-intern-embedded-platforms-2026-eddc3d,Rivian and Volkswagen Group Technologies,Software Engineer Intern - Embedded Platforms,embedded,,open,onsite,"Palo Alto, CA +1",USA,—,unknown,false,,2026-06-11,https://jobs.ashbyhq.com/rivianvw.tech/4dfbf1e6-3778-4101-8ac7-cd4015d47eff/application,,masters,,fall,2026
rivian-and-volkswagen-group-technologies-software-engineer-intern-embedded-platforms-2026,Rivian and Volkswagen Group Technologies,"Software Engineer Intern, Embedded Platforms",embedded,,open,onsite,"Palo Alto, CA +1",USA,—,unknown,false,,2026-07-31,https://jobs.ashbyhq.com/rivianvw.tech/4dfbf1e6-3778-4101-8ac7-cd4015d47eff,,masters,,fall,2026
rivian-and-volkswagen-group-technologies-software-engineer-intern-vehicle-controls-2026,Rivian and Volkswagen Group Technologies,Software Engineer Intern - Vehicle Controls,software-engineering,,open,onsite,"Palo Alto, CA +1",USA,—,unknown,false,,2026-06-11,https://jobs.ashbyhq.com/rivianvw.tech/89feb2fe-c28c-4dad-846f-09594632ba55/application,,masters,,fall,2026
rivian-and-volkswagen-group-technologies-software-engineering-intern-ota-integration-2027,Rivian and Volkswagen Group Technologies,"Software Engineering Intern, OTA Integration",software-engineering,,open,onsite,"Palo Alto, CA",USA,—,unknown,false,,2025-10-30,https://careers.rivianvw.tech/rivian-vw-group-technology/jobs/27233/job,,,,winter,2027
rivian-and-volkswagen-group-technologies-software-engineering-intern-vehicle-controls-2026,Rivian and Volkswagen Group Technologies,Software Engineering Intern - Vehicle Controls,software-engineering,,open,onsite,"Irvine, CA +1",USA,—,unknown,false,,2026-06-24,https://jobs.ashbyhq.com/rivianvw.tech/89feb2fe-c28c-4dad-846f-09594632ba55,,,,fall,2026
rli-product-management-intern-2026,RLI,Product Management Intern,product,,open,onsite,"Honolulu, HI",USA,—,unknown,false,,2026-08-10,https://wd1.myworkdaysite.com/recruiting/rlicorp/RLI_Corp_Careers/job/Honolulu-HI/Product-Management-Intern--Honolulu--HI_R1646,,,,fall,2026
roam-engineer-intern-2026,Roam,Engineer Intern,software-engineering,,open,onsite,SF,USA,—,unknown,false,,2026-07-21,https://jobs.ashbyhq.com/tryroam/59b76a77-44e5-424b-a3d5-71edf091869c/application?embed=true,,,,fall,2026
robert-bosch-llc-software-engineer-intern-autonomous-driving-2026,Robert Bosch LLC,"Software Engineer Intern, Autonomous Driving",software-engineering,,open,onsite,"Sunnyvale, CA",USA,—,yes,false,,2026-07-27,https://jobs.smartrecruiters.com/BoschGroup/744000139649345,,,,fall,2026
robert-bosch-venture-capital-hardware-embedded-research-intern-2026,Robert Bosch Venture Capital,Hardware & Embedded Research Intern,embedded,,closed,onsite,"Sunnyvale, CA",USA,—,unknown,false,,2026-06-09,https://jobs.smartrecruiters.com/BoschGroup/744000131150005,,masters;phd,,fall,2026
robinhood-market-research-strategy-intern-2027,Robinhood,Market Research Strategy Intern,research,,open,onsite,Singapore,USA,—,unknown,false,,2026-08-04,https://boards.greenhouse.io/robinhood/jobs/8103727?t=gh_src%3D&gh_jid=8103727,,,,summer,2027
roblox-software-engineer-intern-2027,Roblox,Software Engineer Intern,software-engineering,,open,onsite,"San Mateo, CA",USA,—,no,true,,2026-08-05,https://careers.roblox.com/jobs/8072713?gh_jid=8072713,,,,summer,2027
rocket-lab-software-intern-2026,Rocket Lab,Software Intern,software-engineering,,closed,onsite,"Albuquerque, NM",USA,—,no,true,,2026-05-22,https://job-boards.greenhouse.io/rocketlab/jobs/7736776003,,,,fall,2026
rockwell-automation-applied-ai-intern-2026-a2c6d2,Rockwell Automation,Applied AI Intern,ai,,closed,onsite,"Austin, TX",USA,—,unknown,false,,2026-07-29,https://rockwellautomation.wd1.myworkdayjobs.com/External_Rockwell_Automation/job/Austin-Texas-United-States/Intern--Applied-AI_R26-5631-2,,,,fall,2026
rockwell-automation-applied-ai-intern-2026,Rockwell Automation,Applied AI Intern,ai,,closed,onsite,"Austin, TX",USA,—,unknown,false,,2026-07-29,https://rockwellautomation.wd1.myworkdayjobs.com/External-Rockwell-Automation-Early-Careers/job/Austin-Texas-United-States/Intern--Applied-AI_R26-5631-1,,,,fall,2026
rockwell-automation-firmware-engineering-intern-2026-143a3f,Rockwell Automation,Firmware Engineering Intern,embedded,,closed,onsite,Cambridge,ON,—,unknown,false,,2026-07-07,https://rockwellautomation.wd1.myworkdayjobs.com/External_Rockwell_Automation/job/Cambridge-Ontario-Canada/Intern--Firmware-Engineering_R26-4530-1,,masters,,fall,2026
rockwell-automation-firmware-engineering-intern-2026,Rockwell Automation,Firmware Engineering Intern,embedded,,closed,onsite,Cambridge,ON,—,unknown,false,,2026-07-07,https://rockwellautomation.wd1.myworkdayjobs.com/External-Rockwell-Automation-Early-Careers/job/Cambridge-Ontario-Canada/Intern--Firmware-Engineering_R26-4530,,masters,,fall,2026
rockwool-group-paint-coating-intern-2026,ROCKWOOL Group,Paint & Coating Intern,software-engineering,,closed,onsite,"Chicago, IL",USA,—,unknown,false,,2026-07-24,https://rockwoolgroup.wd3.myworkdayjobs.com/ROCKWOOL/job/Chicago-Illinois/Mono---Paint---Coating-Intern_R0035879,,,,fall,2026
rockwool-group-product-management-intern-2026,ROCKWOOL Group,Product Management Intern,product,,closed,onsite,"Chicago, IL",USA,—,unknown,false,,2026-07-21,https://rockwoolgroup.wd3.myworkdayjobs.com/ROCKWOOL/job/Chicago-Illinois/Product-Management---Intern_R0035795,,,,fall,2026
royal-bank-of-canada-business-markets-relationship-manager-intern-2026,Royal Bank of Canada,Business Markets Relationship Manager Intern,software-engineering,,closed,onsite,Bathurst,NB,—,unknown,false,,2026-07-28,https://rbc.wd3.myworkdayjobs.com/rbcglobal1/job/BATHURST-New-Brunswick-Canada/Relationship-Manager-Business-Markets--Intern_R-0000182302,,,,fall,2026
royal-bank-of-canada-relationship-manager-commercial-markets-intern-2026,Royal Bank of Canada,Relationship Manager Commercial Markets Intern,software-engineering,,closed,onsite,Charlottetown,PE,—,unknown,false,,2026-07-23,https://rbc.wd3.myworkdayjobs.com/rbcglobal1/job/CHARLOTTETOWN-Prince-Edward-Island-Canada/Relationship-Manager-Commercial-Markets-ntern-CFS_R-0000181764-1,,,,fall,2026
royal-bank-of-canada-student-intern-data-analyst-personal-banking-2026,Royal Bank of Canada,Student Intern - Data Analyst - Personal Banking,software-engineering,,closed,onsite,Toronto,ON,—,unknown,false,,2026-05-22,https://rbc.wd3.myworkdayjobs.com/ExternalPrivatePostingStudents/job/TORONTO-Ontario-Canada/Fall-2026-Student---Data-Analyst--Personal-Banking--4---8-months-_R-0000168782,,,,fall,2026
rtx-electro-optical-systems-technician-intern-an-zsq-2-2026,RTX,Electro-Optical Systems Technician Intern - AN/ZSQ-2,software-engineering,,open,onsite,"Fort Campbell, KY",USA,—,unknown,false,,2026-08-11,https://globalhr.wd5.myworkdayjobs.com/rec_rtx_ext_gateway/job/US-KY-FORT-CAMPBELL-7228NS-CUST--7228-Nightstalker-Wy--BLDG-6882-Rm-210-External-Site/SkillBridge--AN-ZSQ-2-Electro-Optical-Systems-Depot-Technician-Intern_01865923,,masters,,fall,2026
rtx-enterprise-extended-reality-intern-2027,RTX,Enterprise Extended Reality Intern,software-engineering,,open,onsite,NYC,USA,—,unknown,false,,2026-08-11,https://globalhr.wd5.myworkdayjobs.com/fr-CA/Private_Posting_No_TMP/job/US-NY-REMOTE/Enterprise-Extended-Reality--XR--Intern--Summer-2027---Remote-_01865894,,,,summer,2027
rtx-machine-learning-researcher-intern-co-op-2026,RTX,Machine Learning Researcher Intern/Co-op,machine-learning,,closed,onsite,"East Hartford, CT",USA,—,unknown,false,,2026-08-05,https://globalhr.wd5.myworkdayjobs.com/rec_rtx_ext_gateway/job/US-CT-EAST-HARTFORD-RTRC-K--411-Silver-Ln--RTRC-K/Fall-2026--Intern-Coop--Machine-Learning-Researcher_01864471,,masters;phd,,fall,2026
rtx-software-development-intern-summer-2027-2027,RTX,Software Development Intern - Summer 2027,software-engineering,,open,onsite,"Tewksbury, MA",USA,—,unknown,false,,2026-08-11,https://globalhr.wd5.myworkdayjobs.com/fr-CA/Private_Posting_No_TMP/job/US-MA-TEWKSBURY-TB3--50-Apple-Hill-Dr--CONCORD-BLDG-Tewksbury-Tb3-300-Concord/Software-Development-Intern--Summer-2027-_01865635,,masters,,summer,2027
rtx-software-engineer-intern-2027-3211dc,RTX,Software Engineer Intern,software-engineering,,closed,onsite,"Cedar Rapids, IA",USA,—,unknown,false,,2026-08-05,https://globalhr.wd5.myworkdayjobs.com/rec_rtx_ext_gateway/job/US-IA-CEDAR-RAPIDS-182--1100-Cimmie-Ave-Ne--BLDG-182/Software-Engineering-Intern--Summer-2027-_01864033,,masters,,summer,2027
rtx-software-engineer-intern-2027-6e9169,RTX,Software Engineer Intern,software-engineering,,open,onsite,"Burnsville, MN",USA,—,unknown,false,,2026-08-11,https://globalhr.wd5.myworkdayjobs.com/fr-CA/Private_Posting_No_TMP/job/US-MN-BURNSVILLE-WEST--14300-Judicial-Rd--WEST-BLDG/Software-Engineering-Intern--2027-_01865474,,,,summer,2027
rtx-software-engineer-intern-2027-c0d5fa,RTX,Software Engineer Intern,software-engineering,,closed,onsite,Texas,USA,—,unknown,false,,2026-08-03,https://globalhr.wd5.myworkdayjobs.com/fr-CA/Private_Posting_No_TMP/job/US-TX-REMOTE/Software-Engineering--Intern--Summer-2027-_01863749,,masters,,summer,2027
rtx-software-engineer-intern-2027-f2c26e,RTX,Software Engineer Intern,software-engineering,,closed,onsite,"State College, PA",USA,—,unknown,false,,2026-07-29,https://globalhr.wd5.myworkdayjobs.com/fr-CA/Private_Posting_No_TMP/job/US-PA-STATE-COLLEGE-5A--302-Science-Park-Rd--BLDG-5A/Software-Engineering-Intern--Summer-2027-_01862842,,,,summer,2027
rtx-software-engineer-intern-2027,RTX,Software Engineer Intern,software-engineering,,open,onsite,"Largo, FL",USA,—,unknown,false,,2026-08-10,https://globalhr.wd5.myworkdayjobs.com/fr-CA/Private_Posting_No_TMP/job/US-FL-LARGO-382SR--7887-Bryan-Dairy-Rd--BLDG-600/Software-Engineer-Intern--Summer-2027-_01864811-1,,masters,,summer,2027
rtx-software-engineer-intern-fleet-health-instrumentation-2027-4f3153,RTX,"Software Engineer Intern, Fleet Health Instrumentation",software-engineering,,open,onsite,"McKinney, TX",USA,—,no,true,,2026-08-04,https://globalhr.wd5.myworkdayjobs.com/fr-CA/Private_Posting_No_TMP/job/US-TX-MCKINNEY-513WD--2501-W-University-Dr--WING-D-BLDG/Software-Engineering-Intern--Summer-2027-_01863072,,,,summer,2027
rtx-software-engineer-intern-fleet-health-instrumentation-2027,RTX,"Software Engineer Intern, Fleet Health Instrumentation",software-engineering,,open,onsite,"Fullerton, CA",USA,—,no,true,,2026-08-04,https://globalhr.wd5.myworkdayjobs.com/fr-CA/Private_Posting_No_TMP/job/US-CA-FULLERTON-675--1801-Hughes-Dr--BLDG-675/Software-Engineering-Intern--Summer-2027-_01863012,,,,summer,2027
rtx-software-engineer-intern-summer-2027-2027-cfa30c,RTX,Software Engineer Intern - Summer 2027,software-engineering,,open,onsite,"Woburn, MA",USA,—,unknown,false,,2026-08-10,https://globalhr.wd5.myworkdayjobs.com/fr-CA/Private_Posting_No_TMP/job/US-MA-WOBURN-WB1--235-Presidential-Way--SPENCER-BLDG/Software-Engineering-Intern--Summer-2027-_01864764,,,,summer,2027
rtx-software-engineer-intern-summer-2027-2027-e5f031,RTX,Software Engineer Intern - Summer 2027,software-engineering,,open,onsite,"Marlborough, MA",USA,—,unknown,false,,2026-08-10,https://globalhr.wd5.myworkdayjobs.com/fr-CA/Private_Posting_No_TMP/job/US-MA-MARLBOROUGH-MA2--1001-Boston-Post-Rd--BLDG-2/Software-Engineering-Intern--Summer-2027-_01865158,,,,summer,2027
rtx-software-engineer-intern-summer-2027-2027,RTX,Software Engineer Intern - Summer 2027,software-engineering,,open,onsite,"Cedar Rapids, IA",USA,—,unknown,false,,2026-08-04,https://globalhr.wd5.myworkdayjobs.com/fr-CA/Private_Posting_No_TMP/job/US-IA-CEDAR-RAPIDS-137--855-35Th-St-NE--BLDG-137/Software-Engineering-Intern--Summer-2027-_01863980-1,,masters,,summer,2027
rtx-software-engineering-intern-2027,RTX,Software Engineering Intern,software-engineering,,open,onsite,"El Segundo, CA",USA,—,unknown,false,,2026-08-11,https://globalhr.wd5.myworkdayjobs.com/fr-CA/Private_Posting_No_TMP/job/US-CA-EL-SEGUNDO-R01--2000-E-Imperial-Hwy--BLDG-R01/Software-Engineering-Intern--Summer-2027-_01865025,,masters,,summer,2027
rtx-systems-engineer-1-intern-intern-conversion-2026-4fbca8,RTX,Systems Engineer 1 Intern - Intern Conversion,software-engineering,,open,onsite,"Cedar Rapids, IA",USA,—,unknown,false,,2026-08-07,https://globalhr.wd5.myworkdayjobs.com/fr-CA/Private_Posting_No_TMP/job/US-IA-CEDAR-RAPIDS-130--5350-C-Ave-NE--BLDG-130/Intern-Conversion--Systems-Engineer-I--Onsite-_01863596,,,,fall,2026
rtx-systems-engineer-1-intern-intern-conversion-2026,RTX,Systems Engineer 1 Intern - Intern Conversion,software-engineering,,open,onsite,"Cedar Rapids, IA",USA,—,unknown,false,,2026-08-07,https://globalhr.wd5.myworkdayjobs.com/fr-CA/Private_Posting_No_TMP/job/US-IA-CEDAR-RAPIDS-130--5350-C-Ave-NE--BLDG-130/Intern-Conversion--Systems-Engineer-I--Onsite-_01863190,,,,fall,2026
salesforce-associate-product-manager-intern-associate-product-manager-2027-26d648,Salesforce,Associate Product Manager Intern - Associate Product Manager,product,,closed,onsite,SF,USA,—,unknown,false,,2026-07-13,https://salesforce.wd12.myworkdayjobs.com/Futureforce_Internships/job/California---San-Francisco/Summer-2027-Intern---Associate-Product-Manager--APM-_JR348039,,masters,,summer,2027
salesforce-associate-product-manager-intern-associate-product-manager-2027,Salesforce,Associate Product Manager Intern - Associate Product Manager,product,,closed,onsite,SF,USA,—,unknown,false,,2026-07-13,https://salesforce.wd12.myworkdayjobs.com/External_Career_Site/job/California---San-Francisco/Summer-2027-Intern---Associate-Product-Manager--APM-_JR348039-1,,masters,,summer,2027
salesforce-software-engineer-intern-future-pathways-2026,Salesforce,Software Engineer Intern - Future Pathways,software-engineering,,open,onsite,"Seattle, WA +1",USA,—,unknown,false,,2026-08-11,https://salesforce.wd12.myworkdayjobs.com/External_Career_Site/job/California---San-Francisco/Software-Engineering-Intern---Future-Pathways_JR355842,,,,fall,2026
salesforce-software-engineer-intern-futureforce-summer-2027-2027,Salesforce,Software Engineer Intern(Futureforce Summer 2027),software-engineering,,closed,onsite,"San Francisco, CA +4",USA,—,unknown,false,,2026-05-09,https://salesforce.wd12.myworkdayjobs.com/External_Career_Site/job/California---San-Francisco/Summer-2027-Intern---Software-Engineer_JR340771-1,,,,summer,2027
samsara-software-engineering-intern-2027,Samsara,Software Engineering Intern,software-engineering,,open,onsite,"San Francisco, CA +1",USA,—,yes,false,,2026-08-03,https://www.samsara.com/company/careers/roles/8082091?gh_jid=8082091,,,,summer,2027
samsara-software-engineering-internship-london-2027,Samsara,Software Engineering Internship - London,software-engineering,,open,onsite,"London, UK2",USA,—,unknown,false,,2026-08-03,https://www.samsara.com/company/careers/roles/8082093?gh_jid=8082093,,,,summer,2027
samsung-research-intern-2026,Samsung,Research Intern,research,,closed,onsite,Cambridge,UK,—,unknown,false,,2026-07-22,https://sec.wd3.myworkdayjobs.com/Samsung_Careers/job/5060-Station-Road-Cambridge-United-Kingdom/Research-Intern_R117158-1,,phd,,fall,2026
samsung-research-america-computer-vision-ai-intern-computer-vision-ai-2026,Samsung Research America,Computer Vision/AI Intern - Computer Vision/AI,ai,,closed,onsite,"Mountain View, CA",USA,—,unknown,false,,2026-05-27,https://job-boards.greenhouse.io/samsungresearchamericainternship/jobs/8560657002,,masters;phd,,fall,2026
samsung-research-america-digital-health-algorithms-intern-2026,Samsung Research America,Digital Health Algorithms Intern,software-engineering,,closed,onsite,"Mountain View, CA",USA,—,unknown,false,,2026-08-06,https://job-boards.greenhouse.io/samsungresearchamericainternship/jobs/8678880002,,phd,,fall,2026
samsung-research-america-memory-and-personalization-intern-memory-and-personalization-2026,Samsung Research America,Memory and Personalization Intern - Memory and Personalization,software-engineering,,open,onsite,"Mountain View, CA",USA,—,unknown,false,,2026-02-27,https://job-boards.greenhouse.io/samsungresearchamericainternship/jobs/8438402002,,,,fall,2026
samsung-research-america-ml-nlp-research-intern-2026,Samsung Research America,ML/NLP Research Intern,machine-learning,,closed,onsite,"Mountain View, CA",USA,—,unknown,false,,2026-05-08,https://job-boards.greenhouse.io/samsungresearchamericainternship/jobs/8541339002,,phd,,fall,2026
sandhills-global-software-development-intern-2026,Sandhills Global,Software Development Intern,software-engineering,,open,onsite,"Scottsdale, AZ",USA,—,unknown,false,,2026-06-24,https://www.sandhills.com/careers-and-internships/details/careers/sandhills/1196/software-development-intern,,,,fall,2026
sargent-lundy-ai-automation-intern-enterprise-data-analytics-2027,Sargent & Lundy,AI & Automation Intern - Enterprise Data & Analytics,ai,,open,onsite,"Chicago, IL",USA,—,unknown,false,,2026-08-10,https://careers-sargentlundy.icims.com/jobs/25986/job?mobile=true&needsRedirect=false,,,,summer,2027
sargent-lundy-ai-automation-intern-summer-2027-2027,Sargent & Lundy,AI & Automation Intern - Summer 2027,ai,,closed,onsite,"Wilmington, DE",USA,—,unknown,false,,2026-08-06,https://careers-sargentlundy.icims.com/jobs/25857/job?mobile=true&needsRedirect=false,,,,summer,2027
sargent-lundy-software-engineer-intern-2027,Sargent & Lundy,Software Engineer Intern,software-engineering,,closed,onsite,"Chicago, IL",USA,—,unknown,false,,2026-08-06,https://careers-sargentlundy.icims.com/jobs/25889/job?mobile=true&needsRedirect=false,,,,summer,2027
saronic-enterprise-technology-intern-ai-and-automation-2026,Saronic,Enterprise Technology Intern - AI and Automation,ai,,closed,onsite,"Austin, TX",USA,—,unknown,false,,2026-07-03,https://jobs.ashbyhq.com/saronic/c95c2e3a-4c67-47b0-a03d-0e0317ac11a3/application,,,,fall,2026
saronic-software-engineer-intern-2026,Saronic,Software Engineer Intern,software-engineering,,open,onsite,"Austin, TX",USA,—,unknown,false,,2026-06-29,https://jobs.ashbyhq.com/saronic/1c74957f-0895-415b-9324-08b0994747d7/application,,masters,,fall,2026
scale-ai-ai-builder-intern-2027,Scale AI,AI Builder Intern,ai,,open,onsite,"San Francisco, CA",USA,—,unknown,false,,2026-06-06,https://job-boards.greenhouse.io/scaleai/jobs/4703343005,,,,summer,2027
scale-ai-technical-advisor-intern-genai-2027,Scale AI,"Technical Advisor Intern, GenAI",software-engineering,,open,onsite,"San Francisco, CA",USA,—,unknown,false,,2025-10-23,https://scale.com/careers/4611533005,,,,winter,2027
scale-ai-technical-advisor-specialist-part-time-internship-2027,Scale AI,Technical Advisor Specialist (Part-Time Internship),ai,,open,onsite,"San Francisco, CA",USA,—,unknown,false,,2025-09-22,https://job-boards.greenhouse.io/scaleai/jobs/4611533005,,,,summer,2027
schweitzer-engineering-laboratories-application-engineering-intern-2026,Schweitzer Engineering Laboratories,Application Engineering Intern,software-engineering,,open,onsite,"San Ramon, CA",USA,—,unknown,false,,2026-08-06,https://selinc.wd1.myworkdayjobs.com/SEL/job/California---San-Ramon/Application-Engineering-Intern_2026-22385,,,,fall,2026
schweitzer-engineering-laboratories-engineering-intern-2026,Schweitzer Engineering Laboratories,Engineering Intern,software-engineering,,closed,onsite,"Houston, TX",USA,—,unknown,false,,2026-07-15,https://selinc.wd1.myworkdayjobs.com/SEL/job/Texas---Houston/Engineering-Intern_2026-22278,,,,fall,2026
schweitzer-engineering-laboratories-software-engineer-intern-2027,Schweitzer Engineering Laboratories,Software Engineer Intern,software-engineering,,closed,onsite,"Boise, ID",USA,—,unknown,false,,2026-07-24,https://selinc.wd1.myworkdayjobs.com/SEL/job/Idaho---Boise/Software-Engineer-Intern_2026-22321,,,,summer,2027
schweitzer-engineering-laboratories-software-engineering-intern-2026,Schweitzer Engineering Laboratories,Software Engineering Intern,software-engineering,,closed,onsite,"Round Rock, TX",USA,—,unknown,false,,2026-07-07,https://selinc.wd1.myworkdayjobs.com/SEL/job/Texas---Round-Rock/Software-Engineer-Intern_2026-21720,,,,fall,2026
seaspan-digital-ship-intern-2026,Seaspan,Digital Ship Intern,software-engineering,,closed,onsite,Vancouver,BC,—,unknown,false,,2026-06-08,https://hckz.fa.us2.oraclecloud.com/hcmUI/CandidateExperience/en/sites/CX_1/job/8754,,,,fall,2026
seaspan-energy-management-intern-2026,Seaspan,Energy Management Intern,software-engineering,,closed,onsite,Vancouver,BC,—,unknown,false,,2026-06-08,https://hckz.fa.us2.oraclecloud.com/hcmUI/CandidateExperience/en/sites/CX_1/job/8356,,,,fall,2026
sentara-health-data-ai-finance-strategy-intern-2026,Sentara Health,Data & AI Finance Strategy Intern,ai,,closed,onsite,"Virginia Beach, VA",USA,—,unknown,false,,2026-07-27,https://sentara.wd1.myworkdayjobs.com/SCS/job/Virginia-Beach-VA/Data---AI-Finance-Strategy-Intern---Fall-2026-Internship-Remote_JR-103073,,,,fall,2026
sentara-health-enterprise-data-ai-intern-2026,Sentara Health,Enterprise Data & AI Intern,ai,,closed,onsite,"Virginia Beach, VA",USA,—,unknown,false,,2026-07-15,https://sentara.wd1.myworkdayjobs.com/SCS/job/Virginia-Beach-VA/Enterprise-Data---AI-Intern--Fall-2026-Internship_JR-102685,,,,fall,2026
sentry-software-engineer-intern-summer-2027-2027,Sentry,Software Engineer Intern - Summer 2027,software-engineering,,open,onsite,SF,USA,—,unknown,false,,2026-08-11,https://jobs.ashbyhq.com/sentry/672e2a76-d8e1-49c1-b227-4a189c4e49a1/application?embed=true,,,,summer,2027
seven-research-algorithmic-developer-intern-2026,Seven Research,Algorithmic Developer Intern,software-engineering,,open,onsite,NYC,USA,—,unknown,false,,2026-07-01,https://job-boards.greenhouse.io/sevenresearch/jobs/4895082008,,masters;phd,,fall,2026
seven-research-core-developer-intern-2026,Seven Research,Core Developer Intern,software-engineering,,open,onsite,NYC,USA,—,unknown,false,,2026-07-01,https://job-boards.greenhouse.io/sevenresearch/jobs/4895047008,,masters;phd,,fall,2026
seven-research-deep-learning-researcher-intern-2026,Seven Research,Deep Learning Researcher Intern,machine-learning,,open,onsite,NYC,USA,—,unknown,false,,2026-07-01,https://job-boards.greenhouse.io/sevenresearch/jobs/4895007008,,phd,,fall,2026
seven-research-quantitative-researcher-intern-2026,Seven Research,Quantitative Researcher Intern,quant,,open,onsite,NYC,USA,—,unknown,false,,2026-07-01,https://job-boards.greenhouse.io/sevenresearch/jobs/4894946008,,masters;phd,,fall,2026
shopify-engineering-and-data-intern-2027,Shopify,Engineering and Data Intern,software-engineering,,open,onsite,Canada,USA,—,unknown,false,,2025-08-19,https://www.shopify.com/careers/canada-engineering-internships-winter-2026_04cf2b87-6660-45c7-95f2-e734b7844612,,,,winter,2027
shopify-software-engineering-intern-2027,Shopify,Software Engineering Intern,software-engineering,,open,remote,Remote,,—,no,false,,2026-08-06,https://www.shopify.com/careers/software-engineering-internships-winter-2027_404bb82e-37f3-4a78-b0f3-12923a7c4856?ashby_jid=404bb82e-37f3-4a78-b0f3-12923a7c4856,,,,winter,2027
shyftlabs-ai-engineer-intern-2026-d9e9c4,ShyftLabs,AI Engineer Intern,ai,,open,onsite,Toronto,ON,—,unknown,false,,2026-07-21,https://jobs.lever.co/shyftlabs/4f389ea7-9b98-4ed0-99c2-b25ea8cc2dcd/apply,,,,fall,2026
shyftlabs-ai-engineer-intern-2026,ShyftLabs,AI Engineer Intern,ai,,open,onsite,Toronto,Canada,—,unknown,false,,2026-07-24,https://jobs.lever.co/shyftlabs/4f389ea7-9b98-4ed0-99c2-b25ea8cc2dcd,,,,fall,2026
signify-product-management-intern-2026,Signify,Product Management Intern,product,,open,onsite,"Menlo Park, CA",USA,—,unknown,false,,2026-07-16,https://lighting.wd3.myworkdayjobs.com/jobs-and-careers/job/Menlo-Park/Product-Management-Intern---Fall-2026_365521,,masters,,fall,2026
simoncomputing-software-development-internship-2027,SimonComputing,Software Development Internship,software-engineering,,open,onsite,"Alexandria, VA",USA,—,unknown,false,,2026-06-23,https://simoncomputing.applicantpro.com/jobs/4115690,,,,summer,2027
sixtyfour-x25-full-stack-software-engineering-intern-2027,Sixtyfour (X25),Full-Stack Software Engineering Intern,software-engineering,,open,onsite,"San Francisco, CA",USA,—,unknown,false,,2025-11-18,https://www.workatastartup.com/jobs/85257,,,,winter,2027
sk-hynix-memory-solution-software-engineer-intern-2026,SK Hynix Memory Solution,Software Engineer Intern,software-engineering,,open,onsite,"San Jose, CA",USA,—,unknown,false,,2026-07-31,https://job-boards.greenhouse.io/skhynixmemorysolutionsamericainc/jobs/4342038009,,,,fall,2026
skydio-hardware-test-reliability-intern-2026,Skydio,Hardware Test & Reliability Intern,hardware,,open,onsite,"San Mateo, CA",USA,—,unknown,false,,2026-08-05,https://jobs.ashbyhq.com/skydio/d75d4adf-760c-46b6-bb98-3497650a8924/application?embed=true,,,,fall,2026
skydio-product-management-intern-2026,Skydio,Product Management Intern,product,,open,onsite,"San Mateo, CA",USA,—,unknown,false,,2026-07-31,https://jobs.ashbyhq.com/skydio/1ec2fe3c-3fb2-4485-870d-764a3e5f5baf/application?embed=true,,,,fall,2026
skydio-software-engineer-intern-2026-8682bc,Skydio,Software Engineer Intern,software-engineering,,closed,onsite,"San Mateo, CA",USA,—,unknown,false,,2026-05-06,https://jobs.ashbyhq.com/skydio/f6320e9b-4eed-408d-8d37-d509fb0406ee/application,,masters,,fall,2026
skydio-software-engineer-intern-2026,Skydio,Software Engineer Intern,software-engineering,,open,onsite,"San Mateo, CA",USA,—,unknown,false,,2026-05-09,https://jobs.ashbyhq.com/skydio/f6320e9b-4eed-408d-8d37-d509fb0406ee,,,,fall,2026
skygig-rfic-design-intern-2026,SkyGig,RFIC Design Intern,design,,open,onsite,"San Jose, CA",USA,—,unknown,false,,2026-08-11,https://apply.workable.com/skygig/j/10A5A58F9E/apply,,masters;phd,,fall,2026
smith-nephew-operational-technology-intern-2026,Smith+Nephew,Operational Technology Intern,software-engineering,,closed,onsite,Withernsea,UK,—,unknown,false,,2026-06-05,https://smithnephew.wd5.myworkdayjobs.com/External/job/UK---Hull-GBU-Office/Operational-Technology-Intern_R90941,,,,fall,2026
smiths-detection-group-commercial-intern-commercial-tools-business-intelligence-2026,Smiths Detection Group,Commercial Intern - Commercial Tools & Business Intelligence,software-engineering,,closed,onsite,Slough,UK,—,unknown,false,,2026-07-28,https://jobs.smartrecruiters.com/SmithsGroup2/744000140169009,,,,fall,2026
snowflake-software-engineer-intern-core-engineering-2026,Snowflake,Software Engineer Intern (Core Engineering),software-engineering,,open,onsite,"Menlo Park, CA +1",USA,—,unknown,false,,2026-05-09,https://careers.snowflake.com/us/en/job/SNCOUS0214F57FFF904B4AB58DD1965DC9927EEXTERNALENUS4F34AEFA681B4AA8A0EA28CE56C9F1A5/Software-Engineer-Intern-Core-Engineering-Fall-2026,,,,fall,2026
snowflake-software-engineer-intern-database-engineering-2026,Snowflake,"Software Engineer Intern, Database Engineering",software-engineering,,open,onsite,"Menlo Park, CA",USA,—,unknown,false,,2026-05-09,https://careers.snowflake.com/us/en/job/SNCOUSFA7B56D5F57047479C1775A3DB18737CEXTERNALENUSFD76A37F868D467BA2560B6746B9E961/Software-Engineer-Intern-Database-Engineering-Fall-2026,,,,fall,2026
snowflake-software-engineer-intern-infrastructure-automation-2026,Snowflake,"Software Engineer Intern, Infrastructure Automation",cloud,,open,onsite,"Menlo Park, CA +1",USA,—,unknown,false,,2026-05-09,https://careers.snowflake.com/us/en/job/SNCOUSCC3FB214186D4B439D3F15B47307A231EXTERNALENUSBBDEE8BD443C456FA4F01B363D843310/Software-Engineer-Intern-Infrastructure-Automation-Fall-2026,,,,fall,2026
solid-power-product-development-intern-2026,Solid Power,Product Development Intern,software-engineering,,closed,onsite,"Thornton, CO",USA,—,unknown,false,,2026-07-17,https://job-boards.greenhouse.io/solidpower/jobs/6118972004,,,,fall,2026
solopulse-software-engineer-intern-co-op-2026,SoloPulse,Software Engineer Intern/Co-op,software-engineering,,open,onsite,"Norcross, GA",USA,—,unknown,false,,2026-06-16,https://jobs.lever.co/solopulseco/00fbde18-a387-4c9f-97d4-77059aec7b56/apply,,masters;phd,,fall,2026
sony-music-entertainment-data-analytics-intern-a-r-research-2027,Sony Music Entertainment,Data Analytics Intern - A&R Research,research,,open,onsite,London,UK,—,unknown,false,,2026-08-10,https://www.sonymusic.co.uk/careers/job-description/?gh_jid=8653163002,,,,winter,2027
sony-music-entertainment-insight-analytics-intern-2026,Sony Music Entertainment,Insight & Analytics Intern,software-engineering,,open,onsite,London,UK,—,unknown,false,,2026-08-10,https://www.sonymusic.co.uk/careers/job-description/?gh_jid=8638298002,,,,fall,2026
sony-pictures-entertainment-graduate-intern-advanced-technologies-2026,Sony Pictures Entertainment,Graduate Intern - Advanced Technologies,software-engineering,,closed,onsite,"Culver City, CA",USA,—,unknown,false,,2026-07-28,https://spe.wd1.myworkdayjobs.com/en-US/SonyPicturesEntertainment/job/Culver-City-California/Graduate-Intern--Advanced-Technologies_JR113816,,masters,,fall,2026
sony-pictures-entertainment-insights-intern-multiple-teams-2026,Sony Pictures Entertainment,Insights Intern - Multiple Teams,software-engineering,,closed,onsite,"Culver City, CA",USA,—,unknown,false,,2026-08-07,https://spe.wd1.myworkdayjobs.com/en-US/SonyPicturesEntertainment/job/Culver-City-California/Intern--Insights--Strategy---Analytics--Product-Management---Data-Science---Fall-2026_JR113988,,masters,,fall,2026
soti-associate-product-manager-intern-2026,SOTI,Associate Product Manager Intern,product,,open,onsite,Mississauga,ON,—,unknown,false,,2026-05-08,https://soti.wd3.myworkdayjobs.com/SOTI-Next-Gen/job/Mississauga-Canada--Meadowvale-Office-HQ/Associate-Product-Manager-Intern--September-2026-12-Months-_R10041,,,,fall,2026
soti-data-scientist-intern-2026,SOTI,Data Scientist Intern,data-science,,open,onsite,Mississauga,ON,—,unknown,false,,2026-05-12,https://soti.wd3.myworkdayjobs.com/SOTI-Next-Gen/job/Mississauga-Canada--Meadowvale-Office-HQ/Data-Scientist--Intern--September-2026-12-Months-_R10065,,,,fall,2026
soti-product-manager-intern-sales-enablement-products-2026,SOTI,Product Manager Intern - Sales Enablement Products,product,,closed,onsite,Mississauga,ON,—,unknown,false,,2026-05-14,https://soti.wd3.myworkdayjobs.com/SOTI-Next-Gen/job/Mississauga-Canada--Meadowvale-Office-HQ/Product-Manager--Intern-_R10095,,,,fall,2026
spacex-engineering-intern-2026,SpaceX,Engineering Intern,software-engineering,,closed,onsite,"Bastrop, TX +7",USA,—,no,true,,2026-04-20,https://job-boards.greenhouse.io/spacex/jobs/8403206002,,,,fall,2026
spacex-fall-2026-business-operations-internship-co-op-2027,SpaceX,Fall 2026 Business Operations Internship/Co-op,hardware,,closed,onsite,Flexible,USA,—,unknown,false,,2026-03-16,https://boards.greenhouse.io/spacex/jobs/8403205002?gh_jid=8403205002,,,,summer,2027
spacex-fall-2026-engineering-internship-co-op-2027,SpaceX,Fall 2026 Engineering Internship/Co-op,hardware,,closed,onsite,Flexible,USA,—,unknown,false,,2026-03-16,https://boards.greenhouse.io/spacex/jobs/8403206002?gh_jid=8403206002,,,,summer,2027
spacex-fall-2026-graduate-engineer-internship-co-op-2027,SpaceX,Fall 2026 Graduate Engineer Internship/Co-op,hardware,,closed,onsite,Flexible,USA,—,unknown,false,,2026-03-16,https://boards.greenhouse.io/spacex/jobs/8403223002?gh_jid=8403223002,,,,summer,2027
spacex-fall-2026-software-engineering-internship-co-op-2027,SpaceX,Fall 2026 Software Engineering Internship/Co-op,hardware,,closed,onsite,Flexible,USA,—,unknown,false,,2026-03-16,https://boards.greenhouse.io/spacex/jobs/8403219002?gh_jid=8403219002,,,,summer,2027
spacex-recruiting-coordinator-intern-program-temporary-2027,SpaceX,"Recruiting Coordinator, Intern Program- Temporary",hardware,,open,onsite,"Hawthorne, CA",USA,—,unknown,false,,2026-07-23,https://boards.greenhouse.io/spacex/jobs/8647830002?gh_jid=8647830002,,,,summer,2027
spacex-silicon-engineer-intern-co-op-2027-6813f7,SpaceX,Silicon Engineer Intern/Co-op,hardware,,open,onsite,"Palo Alto, CA +2",USA,—,unknown,false,,2026-08-03,https://boards.greenhouse.io/spacex/jobs/8636134002,,,,spring,2027
spacex-silicon-engineer-intern-co-op-2027,SpaceX,Silicon Engineer Intern/Co-op,hardware,,open,onsite,"Palo Alto, CA +2",USA,—,unknown,false,,2026-08-03,https://boards.greenhouse.io/spacex/jobs/8621763002,,masters,,summer,2027
spacex-software-engineer-intern-co-op-2027,SpaceX,Software Engineer Intern/Co-op,software-engineering,,open,onsite,"Palo Alto, CA +7",USA,—,unknown,false,,2026-08-03,https://boards.greenhouse.io/spacex/jobs/8621756002,,,,spring,2027
spacex-software-engineer-intern-fleet-health-instrumentation-2027,SpaceX,"Software Engineer Intern, Fleet Health Instrumentation",software-engineering,,open,remote,Remote,,—,no,true,,2026-08-06,https://job-boards.greenhouse.io/spacex/jobs/8621756002,,,,spring,2027
spacex-software-engineering-intern-2026,SpaceX,Software Engineering Intern,software-engineering,,closed,onsite,"Bastrop, TX +7",USA,—,no,true,,2026-04-20,https://job-boards.greenhouse.io/spacex/jobs/8403219002,,,,fall,2026
spacex-software-engineering-intern-co-op-2026,SpaceX,Software Engineering Intern/Co-op,software-engineering,,closed,onsite,"Bastrop, TX +7",USA,—,unknown,false,,2026-03-16,https://boards.greenhouse.io/spacex/jobs/8403219002,,masters,,fall,2026
spacex-software-engineering-intern-co-op-2027,SpaceX,Software Engineering Intern/Co-op,software-engineering,,open,onsite,"Palo Alto, CA +7",USA,—,unknown,false,,2026-08-03,https://boards.greenhouse.io/spacex/jobs/8621757002,,,,summer,2027
spacex-spring-2027-business-operations-internship-co-op-2027,SpaceX,Spring 2027 Business Operations Internship/Co-op,hardware,,open,onsite,Flexible,USA,—,unknown,false,,2026-08-03,https://boards.greenhouse.io/spacex/jobs/8621770002?gh_jid=8621770002,,,,summer,2027
spacex-spring-2027-civil-engineering-internship-2027,SpaceX,Spring 2027 Civil Engineering Internship,hardware,,open,onsite,Flexible,USA,—,unknown,false,,2026-08-03,https://boards.greenhouse.io/spacex/jobs/8636143002?gh_jid=8636143002,,,,summer,2027
spacex-spring-2027-engineering-internship-co-op-2027,SpaceX,Spring 2027 Engineering Internship/Co-op,hardware,,open,onsite,Flexible,USA,—,unknown,false,,2026-08-03,https://boards.greenhouse.io/spacex/jobs/8616338002?gh_jid=8616338002,,,,summer,2027
spacex-spring-2027-graduate-engineer-internship-co-op-2027,SpaceX,Spring 2027 Graduate Engineer Internship/Co-op,hardware,,open,onsite,Flexible,USA,—,unknown,false,,2026-08-03,https://boards.greenhouse.io/spacex/jobs/8621749002?gh_jid=8621749002,,,,summer,2027
spacex-spring-2027-silicon-engineering-internship-co-op-2027,SpaceX,Spring 2027 Silicon Engineering Internship/Co-op,hardware,,open,onsite,Flexible,USA,—,unknown,false,,2026-08-03,https://boards.greenhouse.io/spacex/jobs/8636134002?gh_jid=8636134002,,,,summer,2027
spacex-spring-2027-software-engineering-internship-co-op-2027,SpaceX,Spring 2027 Software Engineering Internship/Co-op,hardware,,open,onsite,Flexible,USA,—,unknown,false,,2026-08-03,https://boards.greenhouse.io/spacex/jobs/8621756002?gh_jid=8621756002,,,,summer,2027
spacex-summer-2027-business-operations-internship-co-op-2027,SpaceX,Summer 2027 Business Operations Internship/Co-op,hardware,,open,onsite,Flexible,USA,—,unknown,false,,2026-08-03,https://boards.greenhouse.io/spacex/jobs/8621771002?gh_jid=8621771002,,,,summer,2027
spacex-summer-2027-civil-engineering-internship-2027,SpaceX,Summer 2027 Civil Engineering Internship,hardware,,open,onsite,Flexible,USA,—,unknown,false,,2026-08-03,https://boards.greenhouse.io/spacex/jobs/8636144002?gh_jid=8636144002,,,,summer,2027
spacex-summer-2027-engineering-internship-co-op-2027,SpaceX,Summer 2027 Engineering Internship/Co-op,hardware,,open,onsite,Flexible,USA,—,unknown,false,,2026-08-03,https://boards.greenhouse.io/spacex/jobs/8621740002?gh_jid=8621740002,,,,summer,2027
spacex-summer-2027-graduate-engineer-internship-co-op-2027,SpaceX,Summer 2027 Graduate Engineer Internship/Co-op,hardware,,open,onsite,Flexible,USA,—,unknown,false,,2026-08-03,https://boards.greenhouse.io/spacex/jobs/8621753002?gh_jid=8621753002,,,,summer,2027
spacex-summer-2027-silicon-engineering-internship-co-op-2027,SpaceX,Summer 2027 Silicon Engineering Internship/Co-op,hardware,,open,onsite,Flexible,USA,—,unknown,false,,2026-08-03,https://boards.greenhouse.io/spacex/jobs/8621763002?gh_jid=8621763002,,,,summer,2027
spacex-summer-2027-software-engineering-internship-co-op-2027,SpaceX,Summer 2027 Software Engineering Internship/Co-op,hardware,,open,onsite,Flexible,USA,—,unknown,false,,2026-08-03,https://boards.greenhouse.io/spacex/jobs/8621757002?gh_jid=8621757002,,,,summer,2027
sparksoft-data-development-intern-2026,Sparksoft,Data Development Intern,software-engineering,,closed,onsite,"Columbia, MD",USA,—,unknown,false,,2026-07-15,https://job-boards.greenhouse.io/sparksoftcorporation/jobs/5187532007,,,,fall,2026
sparksoft-technical-intern-2026,Sparksoft,Technical Intern,software-engineering,,closed,onsite,Maryland,USA,—,unknown,false,,2026-07-30,https://job-boards.greenhouse.io/sparksoftcorporation/jobs/5199580007,,,,fall,2026
spectrum-control-engineering-intern-2026,Spectrum Control,Engineering Intern,software-engineering,,closed,onsite,"Erie, PA",USA,—,unknown,false,,2026-07-23,https://spectrumcontrol.wd1.myworkdayjobs.com/spectrumcontrol/job/Fairview-PA/Engineering-Intern_JR101449,,,,fall,2026
spreeai-machine-learning-engineer-intern-computer-vision-multimodal-2026,SpreeAI,Machine Learning Engineer Intern - Computer Vision/Multimodal/Generative AI,machine-learning,,open,onsite,SF,USA,—,unknown,false,,2026-07-21,https://ats.rippling.com/spreeai/jobs/aa087086-dd4b-42be-a499-051546655e97,,,,fall,2026
spreeai-mobile-software-engineer-intern-2026,SpreeAI,Mobile Software Engineer Intern,software-engineering,,open,onsite,"San Francisco, CA",USA,—,unknown,false,,2026-07-24,https://ats.rippling.com/en-GB/spreeai/jobs/c52472cb-2671-45d7-b666-17196dc3df25,,,,fall,2026
spreeai-mobile-software-engineer-intern-flagship-apps-ios-android-we-2026,SpreeAI,Mobile Software Engineer Intern - Flagship Apps - iOS / Android / Web,software-engineering,,open,onsite,SF,USA,—,unknown,false,,2026-07-21,https://ats.rippling.com/spreeai/jobs/c52472cb-2671-45d7-b666-17196dc3df25,,,,fall,2026
spreeai-software-engineer-intern-2026,SpreeAI,Software Engineer Intern,software-engineering,,open,onsite,SF,USA,—,unknown,false,,2026-07-21,https://ats.rippling.com/spreeai/jobs/d34aed29-7a11-4e37-b5bc-e9317f82f0b1,,,,fall,2026
spreeai-software-engineer-intern-ai-infrastructure-training-inferenc-2026,SPREEAI,"Software Engineer Intern, AI Infrastructure / Training / Inference",ai,,open,onsite,"San Francisco, CA",USA,—,yes,false,,2026-07-24,https://ats.rippling.com/en-GB/spreeai/jobs/d34aed29-7a11-4e37-b5bc-e9317f82f0b1,,,,fall,2026
squarepoint-capital-intern-quant-researcher-2026,Squarepoint Capital,Intern Quant Researcher,quant,,open,onsite,London +2,UK,—,unknown,false,,2026-07-27,https://boards.greenhouse.io/embed/job_app?token=243853,,,,fall,2026
sri-international-computer-science-intern-2026,SRI International,Computer Science Intern,software-engineering,,closed,onsite,"Menlo Park, CA",USA,—,unknown,false,,2026-08-03,https://careers-sri.icims.com/jobs/6438/job?mobile=true&needsRedirect=false,,masters;phd,,fall,2026
ss-c-healthcare-ai-automation-intern-2026,SS&C,Healthcare AI & Automation Intern,ai,,closed,onsite,Florida,USA,—,unknown,false,,2026-07-22,https://ssctech.wd1.myworkdayjobs.com/ssctechnologies/job/Remote---Florida-US/Healthcare-AI---Automation-Intern_R45126,,masters,,fall,2026
stand-insurance-fire-science-engineer-intern-2026,Stand Insurance,Fire Science Engineer Intern,software-engineering,,closed,onsite,SF,USA,—,unknown,false,,2026-07-15,https://jobs.ashbyhq.com/standinsurance/21bf587a-312c-4a23-91d0-68c3c91e1fa4/application?embed=true,,,,fall,2026
starsling-software-engineer-intern-2027,StarSling,Software Engineer Intern,software-engineering,,open,onsite,"San Mateo, CA",USA,—,no,true,,2026-05-19,https://www.workatastartup.com/jobs/95003,,,,summer,2027
state-of-nebraska-it-construction-systems-intern-2026,State of Nebraska,IT Construction Systems Intern,software-engineering,,open,onsite,"Lincoln, NE",USA,—,unknown,false,,2026-08-06,https://son.wd108.myworkdayjobs.com/NebraskaStateCareers/job/Lincoln-NE/Student-Intern---IT-Construction-Systems_JR2026-00028484-1,,,,fall,2026
state-of-north-carolina-geographic-information-systems-intern-gis-2026,State of North Carolina,Geographic Information Systems Intern - GIS,software-engineering,,closed,onsite,North Carolina,USA,—,unknown,false,,2026-07-03,https://nc.wd108.myworkdayjobs.com/NC_Careers/job/Wake-County-Wake/Geographic-Information-Systems--GIS--Intern---Fall-2026_JR-118586,,masters,,fall,2026
stellar-science-scientific-software-developer-intern-co-op-2026,Stellar Science,Scientific Software Developer Intern Co-op,software-engineering,,open,onsite,"Albuquerque, NM",USA,—,unknown,false,,2026-08-03,https://stellarscience.applytojob.com/apply/my4AC4VXHI/Scientific-Software-Developer-Paid-CoopInternship,,,,fall,2026
stepstone-group-ai-intern-2027,StepStone Group,AI Intern,ai,,open,onsite,La Jolla,San Diego,—,unknown,false,,2026-08-03,https://boards.greenhouse.io/embed/job_app?token=8096268,,phd,,summer,2027
stevens-capital-management-quantitative-research-analyst-internship-2027,Stevens Capital Management,Quantitative Research Analyst Internship,quant,,open,onsite,"Radnor, PA",USA,—,unknown,false,,2026-07-27,https://job-boards.greenhouse.io/scm/jobs/721895,,,,summer,2027
stoke-space-software-engineer-intern-2027,Stoke Space,Software Engineer Intern,software-engineering,,open,onsite,"Kent, WA",USA,—,unknown,false,,2026-05-23,https://www.stokespace.com/careers/current-openings/?gh_jid=5987663004&jr_id=69fae0acd21cf86d1e3cd79c,,,,summer,2027
stoke-space-software-intern-software-2027,Stoke Space,Software Intern - Software,software-engineering,,closed,onsite,"Kent, WA",USA,—,unknown,false,,2026-05-04,https://stokespace.com/careers/current-openings?gh_jid=5987663004,,masters,,spring,2027
stripe-software-engineer-intern-2027,Stripe,"Software Engineer, Intern",software-engineering,,open,onsite,Bengaluru,USA,—,unknown,false,,2026-07-10,https://stripe.com/jobs/search?gh_jid=8031833,,,,summer,2027
studyfetch-engineering-intern-2026,StudyFetch,Engineering Intern,software-engineering,,open,onsite,"Beverly Hills, CA",USA,—,unknown,false,,2026-08-03,https://ats.rippling.com/studyfetch/jobs/4ab846a3-a963-46c3-a60d-03fa832fa7d5,,,,fall,2026
studyfetch-product-intern-2026,StudyFetch,Product Intern,software-engineering,,open,onsite,"Beverly Hills, CA",USA,—,unknown,false,,2026-08-03,https://ats.rippling.com/studyfetch/jobs/45f16361-69b0-4e74-8cc3-d2574336c76f,,,,fall,2026
super-software-engineer-intern-product-full-stack-2026,Super,Software Engineer Intern - Product - Full-Stack,software-engineering,,open,onsite,Toronto,ON,—,unknown,false,,2026-05-11,https://jobs.ashbyhq.com/super.com/8179b5ad-9074-4d96-aa92-366cf12ab5d5/application,,,,fall,2026
super-travel-supply-analyst-intern-2026,Super,Travel Supply Analyst Intern,software-engineering,,open,onsite,Toronto,ON,—,unknown,false,,2026-06-02,https://jobs.ashbyhq.com/super.com/d12fc858-e930-4f43-9c92-da2f02dd2cd2/application?embed=true,,,,fall,2026
susquehanna-trading-system-engineering-intern-2027,Susquehanna,Trading System Engineering Intern,quant,,open,onsite,"Bala Cynwyd, PA",USA,—,yes,false,,2026-05-22,https://careers.sig.com/jobs/10837?lang=en-us&mode=apply&iis=LinkedIn&jr_id=69f3d11158b23a2329da8088,,,,summer,2027
susquehanna-international-group-sig-analytics-intern-2026,Susquehanna International Group (SIG),Analytics Intern,software-engineering,,open,onsite,"Richmond, VA",USA,—,unknown,false,,2026-06-25,https://careers-sig.icims.com/jobs/11099/job?mobile=true&needsRedirect=false,,,,fall,2026
susquehanna-international-group-sig-derivatives-sales-trader-intern-summer-2027-2027,Susquehanna International Group (SIG),Derivatives Sales Trader Intern - Summer 2027,software-engineering,,closed,onsite,NYC,USA,—,unknown,false,,2026-08-05,https://careers-sig.icims.com/jobs/10626/job?mobile=true&needsRedirect=false,,masters,,summer,2027
susquehanna-international-group-sig-electricity-natural-gas-analyst-intern-2027,Susquehanna International Group (SIG),Electricity + Natural Gas Analyst Intern,software-engineering,,open,onsite,"Ardmore, PA",USA,—,unknown,false,,2026-06-04,https://careers-sig.icims.com/jobs/10945/job?mobile=true&needsRedirect=false,,masters,,summer,2027
susquehanna-international-group-sig-quantitative-research-intern-2027-37daa1,Susquehanna International Group (SIG),Quantitative Research Intern,quant,,open,onsite,"Ardmore, PA",USA,—,unknown,false,,2026-04-21,https://careers-sig.icims.com/jobs/10819/job?mobile=true&needsRedirect=false,,masters,,summer,2027
susquehanna-international-group-sig-quantitative-research-intern-2027-96627d,Susquehanna International Group (SIG),Quantitative Research Intern,quant,,open,onsite,"Philadelphia, PA +1",USA,—,unknown,false,,2026-06-29,https://careers-sig.icims.com/jobs/10820/job?mobile=true&needsRedirect=false,,masters,,summer,2027
susquehanna-international-group-sig-quantitative-research-intern-2027-ad3bfa,Susquehanna International Group (SIG),Quantitative Research Intern,quant,,open,onsite,London,UK,—,unknown,false,,2026-07-15,https://careers-sig.icims.com/jobs/11007/job?mobile=true&needsRedirect=false,,masters;phd,,summer,2027
susquehanna-international-group-sig-quantitative-research-intern-2027,Susquehanna International Group (SIG),Quantitative Research Intern,quant,,open,onsite,"Philadelphia, PA +1",USA,—,unknown,false,,2026-06-29,https://careers-sig.icims.com/jobs/10818/job?mobile=true&needsRedirect=false,,phd,,summer,2027
susquehanna-international-group-sig-quantitative-research-intern-phd-summer-2027-2027,Susquehanna International Group (SIG),Quantitative Research Intern - PhD: Summer 2027,quant,,open,onsite,"Ardmore, PA",USA,—,unknown,false,,2026-04-21,https://careers-sig.icims.com/jobs/10817/job?mobile=true&needsRedirect=false,,phd,,summer,2027
susquehanna-international-group-sig-quantitative-strategy-developer-intern-2027,Susquehanna International Group (SIG),Quantitative Strategy Developer Intern,quant,,open,onsite,"Philadelphia, PA",USA,—,unknown,false,,2026-07-06,https://careers-sig.icims.com/jobs/11170/job?mobile=true&needsRedirect=false,,masters,,summer,2027
susquehanna-international-group-sig-quantitative-systematic-trading-intern-2027-487f57,Susquehanna International Group (SIG),Quantitative Systematic Trading Intern,quant,,open,onsite,London,UK,—,unknown,false,,2026-07-15,https://careers-sig.icims.com/jobs/11006/job?mobile=true&needsRedirect=false,,masters;phd,,summer,2027
susquehanna-international-group-sig-quantitative-systematic-trading-intern-2027-a9f4d8,Susquehanna International Group (SIG),Quantitative Systematic Trading Intern,quant,,open,onsite,"Philadelphia, PA +1",USA,—,unknown,false,,2026-06-29,https://careers-sig.icims.com/jobs/10824/job?mobile=true&needsRedirect=false,,masters,,summer,2027
susquehanna-international-group-sig-quantitative-systematic-trading-intern-2027,Susquehanna International Group (SIG),Quantitative Systematic Trading Intern,quant,,open,onsite,"Ardmore, PA",USA,—,unknown,false,,2026-04-21,https://careers-sig.icims.com/jobs/10821/job?mobile=true&needsRedirect=false,,phd,,summer,2027
susquehanna-international-group-sig-quantitative-systematic-trading-intern-master-s-summer-2027-2027,Susquehanna International Group (SIG),Quantitative Systematic Trading Intern - Master's: Summer 2027,quant,,open,onsite,"Ardmore, PA",USA,—,unknown,false,,2026-04-21,https://careers-sig.icims.com/jobs/10823/job?mobile=true&needsRedirect=false,,masters,,summer,2027
susquehanna-international-group-sig-quantitative-systematic-trading-intern-phd-2027,Susquehanna International Group (SIG),Quantitative Systematic Trading Intern - PhD,quant,,open,onsite,"Philadelphia, PA +1",USA,—,unknown,false,,2026-06-29,https://careers-sig.icims.com/jobs/10822/job?mobile=true&needsRedirect=false,,phd,,summer,2027
susquehanna-international-group-sig-quantitative-trader-intern-2027-079f3f,Susquehanna International Group (SIG),Quantitative Trader Intern,quant,,open,onsite,"Chicago, IL",USA,—,unknown,false,,2026-06-30,https://careers-sig.icims.com/jobs/10849/job?mobile=true&needsRedirect=false,,,,summer,2027
susquehanna-international-group-sig-quantitative-trader-intern-2027-829d9f,Susquehanna International Group (SIG),Quantitative Trader Intern,quant,,open,onsite,NYC,USA,—,unknown,false,,2026-06-30,https://careers-sig.icims.com/jobs/10718/job?mobile=true&needsRedirect=false,,,,summer,2027
susquehanna-international-group-sig-quantitative-trader-intern-2027,Susquehanna International Group (SIG),Quantitative Trader Intern,quant,,open,onsite,"Ardmore, PA",USA,—,unknown,false,,2026-04-17,https://careers-sig.icims.com/jobs/10717/job?mobile=true&needsRedirect=false,,,,summer,2027
susquehanna-international-group-sig-quantitative-trading-internship-2027,Susquehanna International Group (SIG),Quantitative Trading Internship,quant,,open,onsite,London,UK,—,unknown,false,,2026-07-15,https://careers-sig.icims.com/jobs/11005/job?mobile=true&needsRedirect=false,,,,summer,2027
susquehanna-international-group-sig-trading-operations-analyst-intern-2027,Susquehanna International Group (SIG),Trading Operations Analyst Intern,quant,,closed,onsite,USA,USA,—,unknown,false,,2026-07-30,https://careers-sig.icims.com/jobs/11244/job?mobile=true&needsRedirect=false,,,,summer,2027
susquehanna-international-group-sig-trading-system-engineer-intern-2027,Susquehanna International Group (SIG),Trading System Engineer Intern,quant,,open,onsite,USA,USA,—,unknown,false,,2026-07-06,https://careers-sig.icims.com/jobs/11169/job?mobile=true&needsRedirect=false,,masters,,summer,2027
susquehanna-international-group-sig-trading-system-engineering-intern-2027,Susquehanna International Group (SIG),Trading System Engineering Intern,quant,,open,onsite,"Ardmore, PA",USA,—,unknown,false,,2026-04-23,https://careers-sig.icims.com/jobs/10837/job?mobile=true&needsRedirect=false,,masters,,summer,2027
susquehanna-investment-group-quantitative-strategy-developer-intern-2027,Susquehanna Investment Group,Quantitative Strategy Developer Intern,quant,,open,onsite,"Bala Cynwyd, PA",USA,—,unknown,false,,2026-07-07,https://careers.sig.com/intern-co-op-technology/jobs/10838?lang=en-us,,,,summer,2027
swift-industry-engagement-research-analyst-intern-2026,Swift,Industry Engagement Research Analyst Intern,research,,open,onsite,London,UK,—,unknown,false,,2026-08-05,https://swift.wd3.myworkdayjobs.com/join-swift/job/London-United-Kingdom/Industry-Engagement---Intern-Research-Analyst_2026-16321,,,,fall,2026
synchrony-financial-digital-technology-center-intern-2026,Synchrony Financial,Digital Technology Center Intern,software-engineering,,open,onsite,"Stamford, CT",USA,—,unknown,false,,2026-06-12,https://synchronyfinancial.wd5.myworkdayjobs.com/University/job/Stamford-Hub/UConn-Stamford-Digital-Technology-Center-Intern---Fall-2026_2601749-1,,,,fall,2026
synchrony-financial-emerging-technology-intern-2026,Synchrony Financial,Emerging Technology Intern,software-engineering,,open,onsite,"Urbana, IL",USA,—,unknown,false,,2026-06-12,https://synchronyfinancial.wd5.myworkdayjobs.com/University/job/University-of-Illinois-Hub/Emerging-Technology-Intern---Fall-2026_2601747-1,,,,fall,2026
synchrony-financial-software-engineer-intern-2026,Synchrony Financial,Software Engineer Intern,software-engineering,,open,onsite,"Sharonville, OH +2",USA,—,unknown,false,,2026-06-12,https://synchronyfinancial.wd5.myworkdayjobs.com/University/job/Canton-Engagement-Hub-OH/Software-Engineer-Intern---Fall-2026_2601751-1,,,,fall,2026
synchrony-financial-technology-intern-2026,Synchrony Financial,Technology Intern,software-engineering,,open,onsite,NYC,USA,—,unknown,false,,2026-06-12,https://synchronyfinancial.wd5.myworkdayjobs.com/University/job/Other-Remote-NY/Technology-Intern---Fall-2026_2601748,,,,fall,2026
systems-planning-and-analysis-spa-science-technology-intern-2026,Systems Planning and Analysis (SPA),Science & Technology Intern,software-engineering,,open,onsite,"Alexandria, VA",USA,—,unknown,false,,2026-08-06,https://spa.jibeapply.com/jobs/23220?icims=1,,masters,,fall,2026
t-rowe-price-global-product-intern-2027,T. Rowe Price,Global Product Intern,software-engineering,,closed,onsite,"Baltimore, MD",USA,—,unknown,false,,2026-07-23,https://troweprice.wd5.myworkdayjobs.com/en-US/TRowePrice/job/Baltimore-MD/XMLNAME-2027-Global-Product-Internship-Program_82693,,,,winter,2027
t-rowe-price-global-trading-intern-2027,T. Rowe Price,Global Trading Intern,quant,,closed,onsite,"Baltimore, MD",USA,—,unknown,false,,2026-07-23,https://troweprice.wd5.myworkdayjobs.com/en-US/TRowePrice/job/Baltimore-MD/XMLNAME-2027-Global-Trading-Internship-Program_82718,,,,summer,2027
t-rowe-price-quantitative-equity-investing-intern-2026,T. Rowe Price,Quantitative Equity Investing Intern,quant,,closed,onsite,"Baltimore, MD",USA,—,unknown,false,,2026-07-23,https://troweprice.wd5.myworkdayjobs.com/en-US/TRowePrice/job/Baltimore-MD/XMLNAME-2027-Quantitative-Equity-Investing-Internship-Program_82699,,,,fall,2026
t-rowe-price-technology-and-data-intern-2027,T. Rowe Price,Technology and Data Intern,software-engineering,,closed,onsite,"Owings Mills, MD +1",USA,—,unknown,false,,2026-07-23,https://troweprice.wd5.myworkdayjobs.com/en-US/TRowePrice/job/Baltimore-MD/XMLNAME-2027-Technology-and-Data-Internship_82677,,,,summer,2027
tacit-radio-frequency-hardware-intern-fall-2026-2026,Tacit,Radio Frequency Hardware Intern - Fall 2026,hardware,,open,onsite,SF,USA,—,unknown,false,,2026-08-05,https://jobs.ashbyhq.com/tacit/d001e2d9-90af-4d0b-bc97-fd6fa149ad19/application?embed=true,,masters;phd,,fall,2026
tarte-cosmetics-product-development-intern-2026,tarte cosmetics,Product Development Intern,software-engineering,,open,onsite,NYC,USA,—,unknown,false,,2026-08-07,https://apply.workable.com/tarte-inc/j/66E81C77A4/apply,,,,fall,2026
tencent-ai-agent-research-application-intern-2026,Tencent,AI Agent Research & Application Intern,ai,,closed,onsite,London,UK,—,unknown,false,,2026-07-04,https://tencent.wd1.myworkdayjobs.com/Tencent_Careers/job/United-Kingdom-London/AI-Agent-Research---Application-Intern_R106432-1,,masters;phd,,fall,2026
tencent-ai-product-manager-intern-2026-0948b4,Tencent,AI Product Manager Intern,ai,,open,onsite,London,UK,—,unknown,false,,2026-06-27,https://tencent.wd1.myworkdayjobs.com/Tencent_Careers/job/United-Kingdom-London/Product-manager-Intern_R107654-1,,masters;phd,,fall,2026
tencent-ai-product-manager-intern-2026,Tencent,AI Product Manager Intern,ai,,open,onsite,London,UK,—,unknown,false,,2026-06-19,https://tencent.wd1.myworkdayjobs.com/OA_Huoshui_Platform/job/United-Kingdom-London/Product-manager-Intern_R107654,,masters;phd,,fall,2026
tencent-data-product-intern-2026-705f3e,Tencent,Data Product Intern,software-engineering,,open,onsite,London,UK,—,unknown,false,,2026-06-22,https://tencent.wd1.myworkdayjobs.com/Tencent_Careers/job/United-Kingdom-London/Data-Product-Intern_R107644-1,,,,fall,2026
tencent-data-product-intern-2026,Tencent,Data Product Intern,software-engineering,,open,onsite,London,UK,—,unknown,false,,2026-06-27,https://tencent.wd1.myworkdayjobs.com/OA_Huoshui_Platform/job/United-Kingdom-London/Data-Product-Intern_R107644,,masters,,fall,2026
tencent-research-intern-2026-2e21c0,Tencent,Research Intern,research,,closed,onsite,"Bellevue, WA",USA,—,unknown,false,,2026-06-13,https://tencent.wd1.myworkdayjobs.com/Tencent_Careers/job/US-Washington-Bellevue/Research-Internship---Reinforcement-Learning-for-Large-Foundation-Models_R106337-1,,phd,,fall,2026
tencent-research-intern-2026,Tencent,Research Intern,research,,closed,onsite,"Bellevue, WA",USA,—,unknown,false,,2026-01-21,https://tencent.wd1.myworkdayjobs.com/OA_Huoshui_Platform/job/US-Washington-Bellevue/Research-Internship---Reinforcement-Learning-for-Large-Foundation-Models_R106337,,phd,,fall,2026
tencent-research-intern-video-world-models-research-ml-systems-2026,Tencent,Research Intern - Video World Models - Research & ML Systems,machine-learning,,closed,onsite,"Palo Alto, CA",USA,—,unknown,false,,2026-07-15,https://tencent.wd1.myworkdayjobs.com/Tencent_Careers/job/US-California-Palo-Alto/Research-Intern---Video-World-Models--Research---ML-Systems-_R107752-1,,masters;phd,,fall,2026
tenstorrent-cpu-ai-workload-analysis-intern-2026,Tenstorrent,CPU/AI Workload Analysis Intern,ai,,closed,onsite,"Santa Clara, CA",USA,—,unknown,false,,2026-06-08,https://job-boards.greenhouse.io/tenstorrentuniversity/jobs/5158533007,,phd,,fall,2026
tenstorrent-design-verification-engineer-intern-2026,Tenstorrent,Design Verification Engineer Intern,design,,open,onsite,"Boston, MA",USA,—,unknown,false,,2026-04-09,https://job-boards.greenhouse.io/tenstorrentuniversity/jobs/4873756007,,masters;phd,,fall,2026
tenstorrent-software-engineer-intern-power-modeling-ai-tools-2027,Tenstorrent,Software Engineer Intern - Power Modeling & AI Tools,ai,,open,onsite,"Santa Clara, CA",USA,—,yes,false,,2026-07-23,https://job-boards.greenhouse.io/tenstorrentuniversity/jobs/5186916007,,,,winter,2027
terminal-software-engineer-intern-backend-2026,Terminal,Software Engineer Intern - Backend,software-engineering,,open,onsite,Toronto,ON,—,unknown,false,,2026-08-06,https://jobs.ashbyhq.com/terminal/6855293e-a817-4b70-835c-cd57e3bfcfde/application?embed=true,,,,fall,2026
terminal-software-engineer-intern-data-platform-2026,Terminal,Software Engineer Intern - Data Platform,software-engineering,,open,onsite,Toronto,ON,—,unknown,false,,2026-08-06,https://jobs.ashbyhq.com/terminal/d7e128ed-617c-4b9b-9e42-0e909fb25729/application?embed=true,,,,fall,2026
terranova-embedded-systems-intern-2026,Terranova,Embedded Systems Intern,embedded,,open,onsite,"Berkeley, CA",USA,—,unknown,false,,2026-07-21,https://jobs.ashbyhq.com/terranova/8fdce1f7-a1df-4e64-8f10-c78771a399da/application?embed=true,,,,fall,2026
terranova-software-engineer-intern-2026,Terranova,Software Engineer Intern,software-engineering,,open,onsite,"Berkeley, CA",USA,—,unknown,false,,2026-08-07,https://jobs.ashbyhq.com/terranova/a8e5a8d2-4af3-4736-b66e-e0804447f7a0/application?embed=true,,masters,,fall,2026
terranox-ai-summer-intern-ai-ml-engineering-2027,Terranox AI,Summer Intern - AI/ML Engineering,machine-learning,,open,onsite,"San Francisco, CA",USA,—,no,true,,2026-05-14,https://www.workatastartup.com/jobs/94631,,,,summer,2027
tesla-ai-hardware-design-engineer-intern-ai-hardware-design-engine-2026,Tesla,AI Hardware Design Engineer Intern - AI Hardware Design Engineer - AI Hardware,ai,,open,onsite,"Palo Alto, CA +1",USA,—,unknown,false,,2026-06-07,https://www.tesla.com/careers/search/job/272462,,,,fall,2026
tesla-ai-inference-engineer-intern-software-compiler-engineer-ai-i-2026,Tesla,AI Inference Engineer Intern - Software Compiler Engineer - AI Inference,ai,,closed,onsite,"Palo Alto, CA",USA,—,unknown,false,,2026-06-07,https://www.tesla.com/careers/search/job/263211,,,,fall,2026
tesla-ai-ml-modeling-engineer-intern-ml-modeling-engineer-ai-hardw-2026,Tesla,AI/ML Modeling Engineer Intern - ML Modeling Engineer - AI Hardware,machine-learning,,open,onsite,"Palo Alto, CA",USA,—,unknown,false,,2026-06-29,https://www.tesla.com/careers/search/job/275316,,,,fall,2026
tesla-ai-performance-engineer-intern-ai-performance-engineer-perfo-2026,Tesla,AI Performance Engineer Intern - AI Performance Engineer - Performance Optimization,ai,,open,onsite,"Palo Alto, CA",USA,—,unknown,false,,2026-06-07,https://www.tesla.com/careers/search/job/263759,,,,fall,2026
tesla-applied-ai-engineer-intern-ai-hardware-2026,Tesla,Applied AI Engineer Intern - AI Hardware,ai,,open,onsite,"Palo Alto, CA",USA,—,unknown,false,,2026-08-11,https://www.tesla.com/careers/search/job/279603,,,,fall,2026
tesla-automated-diagnostics-intern-software-engineer-2026,Tesla,Automated Diagnostics Intern - Software Engineer,software-engineering,,closed,onsite,"Palo Alto, CA",USA,—,unknown,false,,2026-06-07,https://www.tesla.com/careers/search/job/270521,,,,fall,2026
tesla-automation-development-tooling-engineer-intern-2027,Tesla,Automation Development & Tooling Engineer Intern,software-engineering,,open,onsite,"Brooklyn Park, MN +2",USA,—,unknown,false,,2025-08-03,https://www.tesla.com/careers/search/job/244845?source=Indeed&source=Indeed&tags=organicjob,,,,winter,2027
tesla-backend-software-engineer-intern-diagnostics-2027,Tesla,"Backend Software Engineer Intern, Diagnostics",software-engineering,,open,onsite,"Palo Alto, CA +1",USA,—,unknown,false,,2025-08-13,https://www.tesla.com/careers/search/job/248358,,,,winter,2027
tesla-c-software-engineer-intern-systems-ai-2027,Tesla,"C++ Software Engineer Intern, Systems, AI",ai,,open,onsite,"Palo Alto, CA",USA,—,unknown,false,,2025-08-08,https://www.tesla.com/careers/search/job/247862,,,,winter,2027
tesla-cell-engineering-intern-cell-qualification-2027,Tesla,Cell Engineering Intern - Cell Qualification,software-engineering,,open,onsite,"Palo Alto, CA +1",USA,—,unknown,false,,2026-08-04,https://www.tesla.com/careers/search/job/278620,,,,winter,2027
tesla-charging-data-modeling-intern-charging-data-modeling-machine-2026,Tesla,Charging Data Modeling Intern - Charging Data Modeling - Machine Learning Engineer,machine-learning,,open,onsite,"Palo Alto, CA",USA,—,unknown,false,,2026-07-28,https://www.tesla.com/careers/search/job/278249,,masters;phd,,fall,2026
tesla-charging-distributed-systems-software-engineer-intern-energy-2027,Tesla,"Charging Distributed Systems Software Engineer Intern, Energy Engineering",software-engineering,,open,onsite,"Palo Alto, CA",USA,—,unknown,false,,2025-08-10,https://www.tesla.com/careers/search/job/248070?source=Indeed&source=Indeed&tags=organicjob,,,,winter,2027
tesla-chassis-integration-engineer-intern-vehicle-firmware-2027,Tesla,"Chassis Integration Engineer Intern, Vehicle Firmware",embedded,,open,onsite,"Palo Alto, CA",USA,—,unknown,false,,2025-08-08,https://www.tesla.com/careers/search/job/247989?source=Indeed&source=Indeed&tags=organicjob,,,,winter,2027
tesla-chassis-validation-engineer-intern-vehicle-firmware-2027,Tesla,"Chassis Validation Engineer Intern, Vehicle Firmware",embedded,,open,onsite,"Palo Alto, CA",USA,—,unknown,false,,2025-08-08,https://www.tesla.com/careers/search/job/247990,,,,winter,2027
tesla-commercial-ui-software-engineer-intern-energy-engineering-2026,Tesla,Commercial UI Software Engineer Intern - Energy Engineering,design,,open,onsite,"Palo Alto, CA",USA,—,unknown,false,,2026-06-12,https://www.tesla.com/careers/search/job/273723,,,,fall,2026
tesla-commercial-ui-software-engineer-intern-energy-engineering-2027,Tesla,"Commercial UI Software Engineer Intern, Energy Engineering",design,,open,onsite,"Palo Alto, CA",USA,—,unknown,false,,2025-08-21,https://www.tesla.com/careers/search/job/248805,,,,winter,2027
tesla-data-analyst-intern-data-analyst-energy-2026,Tesla,Data Analyst Intern - Data Analyst - Energy,software-engineering,,open,onsite,"Fremont, CA",USA,—,unknown,false,,2026-06-07,https://www.tesla.com/careers/search/job/271329,,,,fall,2026
tesla-data-analytics-intern-people-analytics-2026,Tesla,Data Analytics Intern - People Analytics,software-engineering,,open,onsite,"Austin, TX",USA,—,unknown,false,,2026-06-23,https://www.tesla.com/careers/search/job/274560,,,,fall,2026
tesla-data-capture-engineering-intern-data-capture-application-eng-2026,Tesla,Data Capture Engineering Intern - Data Capture Application Engineer - Energy Engineering,software-engineering,,open,onsite,"Palo Alto, CA",USA,—,unknown,false,,2026-06-16,https://www.tesla.com/careers/search/job/273927,,,,fall,2026
tesla-data-engineer-intern-applications-engineering-2026,Tesla,Data Engineer Intern - Applications Engineering,data-engineering,,open,onsite,"Fremont, CA",USA,—,unknown,false,,2026-06-30,https://www.tesla.com/careers/search/job/272928,,,,fall,2026
tesla-data-engineer-intern-cell-engineering-2027,Tesla,Data Engineer Intern - Cell Engineering,data-engineering,,open,onsite,"Palo Alto, CA",USA,—,unknown,false,,2026-08-04,https://www.tesla.com/careers/search/job/278622,,,,winter,2027
tesla-data-engineer-intern-data-engineer-energy-2026,Tesla,Data Engineer Intern - Data Engineer - Energy,data-engineering,,open,onsite,"Palo Alto, CA",USA,—,unknown,false,,2026-06-07,https://www.tesla.com/careers/search/job/271331,,,,fall,2026
tesla-electronic-design-engineer-intern-electronic-systems-2027,Tesla,Electronic Design Engineer Intern - Electronic Systems,design,,open,onsite,"Palo Alto, CA",USA,—,unknown,false,,2026-08-10,https://www.tesla.com/careers/search/job/279760,,,,winter,2027
tesla-electronic-design-engineer-intern-optimus-2026,Tesla,Electronic Design Engineer Intern - Optimus,design,,open,onsite,"Palo Alto, CA",USA,—,unknown,false,,2026-06-07,https://www.tesla.com/careers/search/job/271981,,,,fall,2026
tesla-electronic-design-engineer-internship-electronic-design-engi-2026,Tesla,Electronic Design Engineer Internship - Electronic Design Engineer - Electronic Systems,design,,closed,onsite,"Palo Alto, CA",USA,—,unknown,false,,2026-06-07,https://www.tesla.com/careers/search/job/267750,,,,fall,2026
tesla-electronics-design-engineer-intern-reliability-electronics-d-2026,Tesla,Electronics Design Engineer Intern - Reliability Electronics Design Engineer - Energy Engineering,design,,open,onsite,"Palo Alto, CA",USA,—,unknown,false,,2026-06-07,https://www.tesla.com/careers/search/job/272601,,,,fall,2026
tesla-embedded-software-engineer-intern-ai-platforms-embedded-soft-2026,Tesla,Embedded Software Engineer Intern - AI Platforms - Embedded Software Engineer,ai,,open,onsite,"Palo Alto, CA",USA,—,unknown,false,,2026-05-06,https://www.tesla.com/careers/search/job/269819,,,,fall,2026
tesla-embedded-software-engineer-intern-embedded-software-engineer-2026-700c46,Tesla,"Embedded Software Engineer Intern - Embedded Software Engineer - Steering,Chassis Systems",embedded,,closed,onsite,"Palo Alto, CA",USA,—,unknown,false,,2026-06-16,https://www.tesla.com/careers/search/job/274047,,masters,,fall,2026
tesla-embedded-software-engineer-intern-embedded-software-engineer-2026,Tesla,Embedded Software Engineer Intern - Embedded Software Engineer - Body Controls Firmware,embedded,,open,onsite,"Palo Alto, CA",USA,—,unknown,false,,2026-06-07,https://www.tesla.com/careers/search/job/270618,,,,fall,2026
tesla-embedded-software-engineer-intern-keys-authentication-2026-fb024a,Tesla,"Embedded Software Engineer Intern, Keys & Authentication",embedded,,open,onsite,"Palo Alto, CA",USA,—,unknown,false,,2026-05-09,https://www.tesla.com/careers/search/job/internship-embedded-software-engineer-keys-authentication-fall-2026-270067,,,,fall,2026
tesla-embedded-software-engineer-intern-keys-authentication-2026,Tesla,Embedded Software Engineer Intern - Keys & Authentication,embedded,,open,onsite,"Palo Alto, CA",USA,—,unknown,false,,2026-06-07,https://www.tesla.com/careers/search/job/270067,,,,fall,2026
tesla-embedded-software-engineering-intern-embedded-software-engin-2026,Tesla,Embedded Software Engineering Intern - Embedded Software Engineer - High Voltage Systems,embedded,,open,onsite,"Palo Alto, CA",USA,—,unknown,false,,2026-06-07,https://www.tesla.com/careers/search/job/270354,,,,fall,2026
tesla-embedded-software-intern-embedded-software-engineer-optimus-2026,Tesla,Embedded Software Intern - Embedded Software Engineer - Optimus,embedded,,open,onsite,"Palo Alto, CA",USA,—,unknown,false,,2026-06-09,https://www.tesla.com/careers/search/job/273272,,,,fall,2026
tesla-embedded-system-software-engineer-intern-embedded-system-sof-2026,Tesla,Embedded System Software Engineer Intern - Embedded System Software Engineer - Energy Engineering,embedded,,open,onsite,"Palo Alto, CA",USA,—,unknown,false,,2026-06-16,https://www.tesla.com/careers/search/job/273822,,,,fall,2026
tesla-embedded-systems-software-engineer-intern-embedded-systems-s-2026,Tesla,Embedded Systems Software Engineer Intern - Embedded Systems Software Engineer - AI Platforms,ai,,open,onsite,"Palo Alto, CA",USA,—,unknown,false,,2026-06-07,https://www.tesla.com/careers/search/job/270778,,,,fall,2026
tesla-energy-battery-firmware-intern-software-engineer-energy-engi-2026,Tesla,Energy Battery Firmware Intern - Software Engineer - Energy Engineering,embedded,,open,onsite,"Palo Alto, CA",USA,—,unknown,false,,2026-07-16,https://www.tesla.com/careers/search/job/276987,,,,fall,2026
tesla-energy-engineering-intern-software-engineer-diagnostics-ener-2026,Tesla,Energy Engineering Intern - Software Engineer Diagnostics - Energy Engineering,software-engineering,,open,onsite,"Palo Alto, CA",USA,—,unknown,false,,2026-07-03,https://www.tesla.com/careers/search/job/275805,,,,fall,2026
tesla-energy-system-optimization-intern-energy-optimization-softwa-2026,Tesla,Energy System Optimization Intern - Energy Optimization Software,software-engineering,,open,onsite,"Palo Alto, CA +2",USA,—,unknown,false,,2026-06-07,https://www.tesla.com/careers/search/job/271349,,,,fall,2026
tesla-failure-analysis-engineer-intern-failure-analysis-engineer-e-2026,Tesla,Failure Analysis Engineer Intern - Failure Analysis Engineer - Energy Engineering,software-engineering,,closed,onsite,"Palo Alto, CA",USA,—,unknown,false,,2026-06-06,https://www.tesla.com/careers/search/job/271544,,masters,,fall,2026
tesla-firmware-engineer-intern-power-electronics-firmware-engineer-2026,Tesla,Firmware Engineer Intern - Power Electronics Firmware Engineer - Energy Engineering,embedded,,open,onsite,"Palo Alto, CA",USA,—,unknown,false,,2026-07-01,https://www.tesla.com/careers/search/job/275689,,,,fall,2026
tesla-firmware-integration-engineer-intern-software-integration-en-2026,Tesla,Firmware Integration Engineer Intern - Software Integration Engineer - Factory Firmware,embedded,,closed,onsite,"Palo Alto, CA",USA,—,unknown,false,,2026-06-07,https://www.tesla.com/careers/search/job/270509,,,,fall,2026
tesla-fullstack-c-engineer-intern-vehicle-user-interface-2027,Tesla,"Fullstack C++ Engineer Intern, Vehicle User Interface",software-engineering,,open,onsite,"Palo Alto, CA",USA,—,unknown,false,,2025-09-24,https://www.tesla.com/careers/search/job/251798,,,,winter,2027
tesla-fullstack-engineer-intern-fullstack-engineer-build-infrastru-2026,Tesla,Fullstack Engineer Intern - Fullstack Engineer - Build Infrastructure,cloud,,closed,onsite,"Palo Alto, CA",USA,—,unknown,false,,2026-06-07,https://www.tesla.com/careers/search/job/267005,,,,fall,2026
tesla-inline-metrology-systems-design-engineer-intern-cell-enginee-2026,Tesla,Inline Metrology Systems Design/Engineer Intern - Cell Engineering,design,,open,onsite,"Fremont, CA",USA,—,unknown,false,,2026-06-29,https://www.tesla.com/careers/search/job/275335,,,,fall,2026
tesla-localization-specialist-intern-2026,Tesla,Localization Specialist Intern,software-engineering,,open,onsite,"Fremont, CA",USA,—,unknown,false,,2026-07-24,https://www.tesla.com/careers/search/job/internship-localization-specialist-it-applications-fall-2026-276308,,,,fall,2026
tesla-machine-learning-engineer-intern-machine-learning-engineer-f-2026,Tesla,Machine Learning Engineer Intern - Machine Learning Engineer - Factory Software,machine-learning,,closed,onsite,"Fremont, CA",USA,—,unknown,false,,2026-06-30,https://www.tesla.com/careers/search/job/275380,,,,fall,2026
tesla-machine-learning-engineer-intern-noise-vibration-harshness-e-2027,Tesla,"Machine Learning Engineer Intern, Noise Vibration Harshness Engineering",machine-learning,,open,onsite,"Fremont, CA",USA,—,unknown,false,,2025-08-03,https://www.tesla.com/careers/search/job/244786?source=Indeed&source=Indeed&tags=organicjob,,,,winter,2027
tesla-machine-learning-intern-ai-engineer-tesla-ai-2026,Tesla,Machine Learning Intern - AI Engineer - Tesla AI,machine-learning,,open,onsite,"Palo Alto, CA",USA,—,unknown,false,,2026-07-01,https://www.tesla.com/careers/search/job/275331,,,,fall,2026
tesla-machine-learning-platform-intern-multiple-teams-2026,Tesla,Machine Learning Platform Intern - Multiple Teams,machine-learning,,closed,onsite,"Palo Alto, CA",USA,—,unknown,false,,2026-05-06,https://www.tesla.com/careers/search/job/269812,,,,fall,2026
tesla-mobile-app-software-engineer-intern-mobile-application-softw-2026,Tesla,Mobile App Software Engineer Intern - Mobile Application Software Engineer - Energy Engineering,software-engineering,,open,onsite,"Palo Alto, CA",USA,—,unknown,false,,2026-06-07,https://www.tesla.com/careers/search/job/271382,,,,fall,2026
tesla-mobile-applications-engineering-intern-android-engineer-mobi-2026,Tesla,Mobile Applications Engineering Intern - Android Engineer - Mobile Software,software-engineering,,closed,onsite,"Palo Alto, CA",USA,—,unknown,false,,2026-06-07,https://www.tesla.com/careers/search/job/266980,,,,fall,2026
tesla-operational-automation-software-engineer-intern-operational-2026,Tesla,Operational Automation Software Engineer Intern - Operational Automation Engineer - Residential Energy,software-engineering,,closed,onsite,"Draper, UT",USA,—,unknown,false,,2026-06-07,https://www.tesla.com/careers/search/job/271352,,,,fall,2026
tesla-physics-engine-development-intern-physics-engine-development-2026,Tesla,Physics Engine Development Intern - Physics Engine Development Engineer - Optimus,software-engineering,,open,onsite,"Palo Alto, CA",USA,—,unknown,false,,2026-06-07,https://www.tesla.com/careers/search/job/257048,,,,fall,2026
tesla-product-management-intern-product-engineer-applications-engi-2026,Tesla,Product Management Intern - Product Engineer - Applications Engineering,product,,open,onsite,"Fremont, CA",USA,—,unknown,false,,2026-06-24,https://www.tesla.com/careers/search/job/274754,,,,fall,2026
tesla-radio-frequency-engineer-intern-radio-frequency-engineer-ene-2026,Tesla,Radio Frequency Engineer Intern - Radio Frequency Engineer - Energy Engineering,software-engineering,,open,onsite,"Palo Alto, CA",USA,—,unknown,false,,2026-06-16,https://www.tesla.com/careers/search/job/273819,,,,fall,2026
tesla-rl-engineer-intern-rl-engineer-tesla-ai-2026,Tesla,RL Engineer Intern - RL Engineer - Tesla AI,ai,,open,onsite,"Palo Alto, CA",USA,—,unknown,false,,2026-07-01,https://www.tesla.com/careers/search/job/275494,,,,fall,2026
tesla-sensor-hardware-engineer-intern-sensor-hardware-design-engin-2026,Tesla,Sensor Hardware Engineer Intern - Sensor Hardware Design Engineer - Optimus,hardware,,open,onsite,"Palo Alto, CA",USA,—,unknown,false,,2026-06-07,https://www.tesla.com/careers/search/job/272581,,,,fall,2026
tesla-service-engineering-intern-product-support-engineer-service-2026,Tesla,Service Engineering Intern - Product Support Engineer - Service Engineering,software-engineering,,open,onsite,"Palo Alto, CA",USA,—,unknown,false,,2026-06-06,https://www.tesla.com/careers/search/job/271630,,,,fall,2026
tesla-software-compiler-engineer-intern-ai-inference-2026,Tesla,Software Compiler Engineer Intern - AI Inference,ai,,open,onsite,"Palo Alto, CA",USA,—,unknown,false,,2026-08-01,https://www.tesla.com/careers/search/job/278847,,,,fall,2026
tesla-software-compiler-engineer-intern-ai-inference-2027,Tesla,"Software Compiler Engineer Intern, AI Inference",ai,,open,onsite,"Palo Alto, CA",USA,—,unknown,false,,2025-08-08,https://www.tesla.com/careers/search/job/247889,,,,winter,2027
tesla-software-developer-intern-integration-platforms-2026,Tesla,"Software Developer Intern, Integration Platforms",software-engineering,,open,onsite,"Palo Alto, CA",USA,—,unknown,false,,2026-05-09,https://www.tesla.com/careers/search/job/internship-software-developer-integration-platforms-fall-2026-270037,,,,fall,2026
tesla-software-engineer-intern-ai-data-infrastructure-2026,Tesla,Software Engineer Intern - AI Data Infrastructure,ai,,closed,onsite,"Palo Alto, CA",USA,—,unknown,false,,2026-06-07,https://www.tesla.com/careers/search/job/269829,,,,fall,2026
tesla-software-engineer-intern-ai-inference-co-design-2026,Tesla,Software Engineer Intern - AI Inference Co Design,ai,,open,onsite,"Palo Alto, CA",USA,—,unknown,false,,2026-08-12,https://www.tesla.com/careers/search/job/279600,,,,fall,2026
tesla-software-engineer-intern-distributed-systems-software-engine-2026,Tesla,Software Engineer Intern - Distributed Systems Software Engineer - Energy Engineering,software-engineering,,open,onsite,"Palo Alto, CA",USA,—,unknown,false,,2026-07-01,https://www.tesla.com/careers/search/job/275558,,,,fall,2026
tesla-software-engineer-intern-energy-engineering-2026,Tesla,Software Engineer Intern - Energy Engineering,software-engineering,,open,onsite,"Palo Alto, CA",USA,—,unknown,false,,2026-07-10,https://www.tesla.com/careers/search/job/276333,,,,fall,2026
tesla-software-engineer-intern-engineering-automation-vehicle-engi-2027,Tesla,Software Engineer Intern - Engineering Automation - Vehicle Engineering,software-engineering,,open,onsite,"Palo Alto, CA",USA,—,unknown,false,,2026-08-10,https://www.tesla.com/careers/search/job/279763,,,,winter,2027
tesla-software-engineer-intern-factory-software-2027,Tesla,"Software Engineer Intern, Factory Software",software-engineering,,open,onsite,"Fremont, CA",USA,—,unknown,false,,2025-08-30,https://www.tesla.com/careers/search/job/248001,,,,winter,2027
tesla-software-engineer-intern-fullstack-software-engineer-fleetne-2026,Tesla,Software Engineer Intern - Fullstack Software Engineer - Fleetnet,software-engineering,,closed,onsite,"Palo Alto, CA",USA,—,unknown,false,,2026-06-07,https://www.tesla.com/careers/search/job/266764,,,,fall,2026
tesla-software-engineer-intern-information-security-2027,Tesla,"Software Engineer Intern, Information Security",security,,open,onsite,"Bellevue, WA",USA,—,unknown,false,,2025-10-30,https://www.tesla.com/careers/search/job/254590,,,,winter,2027
tesla-software-engineer-intern-linux-update-systems-2026,Tesla,Software Engineer Intern - Linux Update Systems,software-engineering,,open,onsite,"Palo Alto, CA",USA,—,unknown,false,,2026-06-07,https://www.tesla.com/careers/search/job/266986,,,,fall,2026
tesla-software-engineer-intern-linux-update-systems-2027,Tesla,"Software Engineer Intern, Linux Update Systems",software-engineering,,open,onsite,"Palo Alto, CA",USA,—,unknown,false,,2025-08-15,https://www.tesla.com/careers/search/job/248062,,,,winter,2027
tesla-software-engineer-intern-maps-navigation-validation-2026,Tesla,"Software Engineer Intern, Maps & Navigation Validation",software-engineering,,open,onsite,"Palo Alto, CA",USA,—,unknown,false,,2026-05-09,https://www.tesla.com/careers/search/job/internship-software-engineer-maps-navigation-validation-fall-2026--270186,,,,fall,2026
tesla-software-engineer-intern-maps-self-driving-navigation-2027,Tesla,"Software Engineer Intern, Maps & Self-Driving Navigation",software-engineering,,open,onsite,"Palo Alto, CA",USA,—,unknown,false,,2025-08-13,https://www.tesla.com/careers/search/job/248019?source=Indeed&source=Indeed&tags=organicjob,,,,winter,2027
tesla-software-engineer-intern-multiple-teams-2026,Tesla,Software Engineer Intern - Multiple Teams,software-engineering,,open,onsite,"Palo Alto, CA",USA,—,unknown,false,,2026-06-07,https://www.tesla.com/careers/search/job/271372,,,,fall,2026
tesla-software-engineer-intern-residential-energy-device-software-2026,Tesla,Software Engineer Intern - Residential Energy Device Software Engineer - Energy Engineering,software-engineering,,open,onsite,"Palo Alto, CA",USA,—,unknown,false,,2026-06-12,https://www.tesla.com/careers/search/job/273810,,,,fall,2026
tesla-software-engineer-intern-service-engineering-2026,Tesla,"Software Engineer Intern, Service Engineering",software-engineering,,open,onsite,"Palo Alto, CA",USA,—,unknown,false,,2026-05-11,https://www.tesla.com/careers/search/job/internship-software-engineer-service-engineering-fall-2026-266119,,,,fall,2026
tesla-software-engineer-intern-service-engineering-2027,Tesla,"Software Engineer Intern, Service Engineering",software-engineering,,open,onsite,"Palo Alto, CA",USA,—,unknown,false,,2025-10-30,https://www.tesla.com/careers/search/job/254611,,,,winter,2027
tesla-software-engineer-intern-simulation-platform-software-engine-2026,Tesla,Software Engineer Intern - Simulation Platform - Software Engineer,software-engineering,,closed,onsite,"Palo Alto, CA",USA,—,unknown,false,,2026-06-07,https://www.tesla.com/careers/search/job/270356,,,,fall,2026
tesla-software-engineer-intern-site-controller-software-engineer-e-2026,Tesla,Software Engineer Intern - Site Controller Software Engineer - Energy Engineering,software-engineering,,open,onsite,"Palo Alto, CA",USA,—,unknown,false,,2026-06-07,https://www.tesla.com/careers/search/job/272615,,,,fall,2026
tesla-software-engineer-intern-software-engineer-ai-hardware-infra-2026,Tesla,Software Engineer Intern - Software Engineer - AI Hardware Infrastructure,ai,,open,onsite,"Palo Alto, CA",USA,—,unknown,false,,2026-06-07,https://www.tesla.com/careers/search/job/260382,,,,fall,2026
tesla-software-engineer-intern-software-engineer-ai-infrastructure-2026,Tesla,Software Engineer Intern - Software Engineer - AI Infrastructure,ai,,open,onsite,"Palo Alto, CA",USA,—,unknown,false,,2026-07-30,https://www.tesla.com/careers/search/job/278578,,,,fall,2026
tesla-software-engineer-intern-software-engineer-data-platforms-2026,Tesla,Software Engineer Intern - Software Engineer - Data Platforms,software-engineering,,open,onsite,"Palo Alto, CA",USA,—,unknown,false,,2026-06-07,https://www.tesla.com/careers/search/job/267004,,,,fall,2026
tesla-software-engineer-intern-software-engineer-energy-engineerin-2026,Tesla,Software Engineer Intern - Software Engineer - Energy Engineering,software-engineering,,open,onsite,"Palo Alto, CA +1",USA,—,unknown,false,,2026-06-07,https://www.tesla.com/careers/search/job/271362,,,,fall,2026
tesla-software-engineer-intern-software-engineer-industrial-firmwa-2026,Tesla,Software Engineer Intern - Software Engineer Industrial Firmware - Energy Engineering,embedded,,open,onsite,"Palo Alto, CA",USA,—,unknown,false,,2026-06-16,https://www.tesla.com/careers/search/job/273820,,,,fall,2026
tesla-software-engineer-intern-software-engineer-information-secur-2026,Tesla,Software Engineer Intern - Software Engineer - Information Security,security,,open,onsite,"Bellevue, WA",USA,—,unknown,false,,2026-06-07,https://www.tesla.com/careers/search/job/270497,,,,fall,2026
tesla-software-engineer-intern-software-engineer-it-apps-2026,Tesla,Software Engineer Intern - Software Engineer - IT Apps,software-engineering,,open,onsite,"Fremont, CA",USA,—,unknown,false,,2026-06-07,https://www.tesla.com/careers/search/job/271209,,,,fall,2026
tesla-software-engineer-intern-software-engineer-opticaster-energy-2026,Tesla,Software Engineer Intern - Software Engineer Opticaster - Energy Engineering,software-engineering,,closed,onsite,"Palo Alto, CA",USA,—,unknown,false,,2026-06-07,https://www.tesla.com/careers/search/job/272937,,,,fall,2026
tesla-software-engineer-intern-update-systems-2026,Tesla,"Software Engineer Intern, Update Systems",software-engineering,,open,onsite,"Palo Alto, CA",USA,—,unknown,false,,2026-05-09,https://www.tesla.com/careers/search/job/internship-software-engineer-update-systems-fall-2026-267002,,,,fall,2026
tesla-software-engineer-intern-update-systems-2027,Tesla,"Software Engineer Intern, Update Systems",software-engineering,,open,onsite,"Palo Alto, CA",USA,—,unknown,false,,2025-08-15,https://www.tesla.com/careers/search/job/248104,,,,winter,2027
tesla-software-engineer-intern-vehicle-engineering-2026,Tesla,"Software Engineer Intern, Vehicle Engineering",software-engineering,,open,onsite,"Palo Alto, CA +1",USA,—,unknown,false,,2026-04-20,https://www.tesla.com/careers/search/job/267767?jr_id=69dd6930bc6f6622c9912106,,,,fall,2026
tesla-software-engineer-intern-vehicle-ui-development-2026-030ff1,Tesla,"Software Engineer Intern, Vehicle UI Development",design,,open,onsite,"Palo Alto, CA",USA,—,unknown,false,,2026-05-09,https://www.tesla.com/careers/search/job/internship-software-engineer-vehicle-ui-development-fall-2026-270063,,,,fall,2026
tesla-software-engineer-intern-vehicle-ui-development-2026,Tesla,Software Engineer Intern - Vehicle UI Development,design,,open,onsite,"Palo Alto, CA",USA,—,unknown,false,,2026-06-07,https://www.tesla.com/careers/search/job/270063,,,,fall,2026
tesla-software-engineer-intern-wireless-connectivity-software-engi-2026,Tesla,Software Engineer Intern - Wireless Connectivity Software Engineer - Electronic Devices,software-engineering,,closed,onsite,"Palo Alto, CA",USA,—,unknown,false,,2026-06-07,https://www.tesla.com/careers/search/job/269792,,,,fall,2026
tesla-software-engineering-intern-software-engineering-service-eng-2026,Tesla,Software Engineering Intern - Software Engineering - Service Engineering,software-engineering,,open,onsite,"Palo Alto, CA",USA,—,unknown,false,,2026-06-07,https://www.tesla.com/careers/search/job/266119,,,,fall,2026
tesla-software-integration-engineer-intern-ai-platforms-2027,Tesla,"Software Integration Engineer Intern, AI Platforms",ai,,open,onsite,"Palo Alto, CA",USA,—,unknown,false,,2025-08-08,https://www.tesla.com/careers/search/job/247873?source=Indeed&source=Indeed&tags=organicjob,,,,winter,2027
tesla-software-integration-engineer-intern-energy-engineering-2027,Tesla,"Software Integration Engineer Intern, Energy Engineering",software-engineering,,open,onsite,"Palo Alto, CA",USA,—,unknown,false,,2025-09-12,https://www.tesla.com/careers/search/job/250807,,,,winter,2027
tesla-software-integration-engineer-intern-software-integration-en-2026-f755fd,Tesla,Software Integration Engineer Intern - Software Integration Engineer - Service Tooling,software-engineering,,closed,onsite,"Fremont, CA",USA,—,unknown,false,,2026-06-07,https://www.tesla.com/careers/search/job/271866,,,,fall,2026
tesla-software-integration-engineer-intern-software-integration-en-2026,Tesla,Software Integration Engineer Intern - Software Integration Engineer - Optimus,software-engineering,,open,onsite,"Palo Alto, CA",USA,—,unknown,false,,2026-05-06,https://www.tesla.com/careers/search/job/269809,,,,fall,2026
tesla-software-machine-learning-engineer-intern-reliability-energy-2026,Tesla,Software Machine Learning Engineer Intern - Reliability Energy Engineering,machine-learning,,open,onsite,"Palo Alto, CA",USA,—,unknown,false,,2026-06-07,https://www.tesla.com/careers/search/job/272619,,,,fall,2026
tesla-software-machine-learning-engineer-intern-reliability-energy-2027,Tesla,"Software Machine Learning Engineer Intern, Reliability Energy Engineering",machine-learning,,open,onsite,"Palo Alto, CA",USA,—,unknown,false,,2025-08-21,https://www.tesla.com/careers/search/job/248920,,,,winter,2027
tesla-solar-hardware-engineer-intern-solar-hardware-engineer-energ-2026,Tesla,Solar Hardware Engineer Intern - Solar Hardware Engineer - Energy Engineering,hardware,,open,onsite,"Palo Alto, CA",USA,—,unknown,false,,2026-06-06,https://www.tesla.com/careers/search/job/271539,,,,fall,2026
tesla-supercharger-product-engineer-intern-supercharger-product-su-2026,Tesla,Supercharger Product Engineer Intern - Supercharger Product Support Engineering,software-engineering,,open,onsite,"Palo Alto, CA",USA,—,unknown,false,,2026-06-11,https://www.tesla.com/careers/search/job/273531,,,,fall,2026
tesla-system-software-engineer-intern-system-software-2027,Tesla,"System Software Engineer Intern, System Software",software-engineering,,open,onsite,"Palo Alto, CA",USA,—,unknown,false,,2025-08-15,https://www.tesla.com/careers/search/job/248064,,,,winter,2027
tesla-systems-modeling-optimization-intern-robotaxi-simulation-eng-2026,Tesla,Systems Modeling & Optimization Intern - Robotaxi Simulation Engineer - Systems Modeling & Optimization,software-engineering,,open,onsite,"Palo Alto, CA",USA,—,unknown,false,,2026-06-16,https://www.tesla.com/careers/search/job/273933,,,,fall,2026
tesla-thermal-controls-engineer-intern-thermal-controls-engineer-v-2026,Tesla,Thermal Controls Engineer Intern - Thermal Controls Engineer - Vehicle Controls,software-engineering,,open,onsite,"Palo Alto, CA",USA,—,unknown,false,,2026-06-30,https://www.tesla.com/careers/search/job/275327,,,,fall,2026
tesla-vehicle-software-intern-torque-path-chassis-controls-2026,Tesla,Vehicle Software Intern - Torque Path & Chassis Controls,software-engineering,,open,onsite,"Palo Alto, CA",USA,—,unknown,false,,2026-07-01,https://www.tesla.com/careers/search/job/274760,,,,fall,2026
tesla-vehicle-software-intern-vehicle-controls-2026,Tesla,Vehicle Software Intern - Vehicle Controls,software-engineering,,open,onsite,"Palo Alto, CA",USA,—,unknown,false,,2026-07-27,https://www.tesla.com/careers/search/job/278203,,,,fall,2026
tesla-vehicle-software-intern-vehicle-software-engineer-diagnostic-2026,Tesla,Vehicle Software Intern - Vehicle Software Engineer-Diagnostic User Interface,software-engineering,,open,onsite,"Palo Alto, CA",USA,—,unknown,false,,2026-07-31,https://www.tesla.com/careers/search/job/278703,,,,fall,2026
tessera-labs-product-manager-intern-2026,Tessera Labs,Product Manager Intern,product,,open,onsite,"San Jose, CA +1",USA,—,unknown,false,,2026-06-08,https://jobs.ashbyhq.com/tessera-labs/3b2d45b8-9881-41fe-b103-7bbc400e1544/application?embed=true,,masters,,fall,2026
tetramem-software-engineer-intern-embedded-2027,TETRAMEM,"Software Engineer Intern, Embedded",embedded,,open,onsite,"San Jose, CA",USA,—,unknown,false,,2026-04-20,https://tetramem.hrmdirect.com/employment/job-opening.php?req=3491042,,,,summer,2027
texas-instruments-product-operations-analyst-intern-2026,Texas Instruments,Product Operations Analyst Intern,software-engineering,,open,onsite,"Dallas, TX",USA,—,unknown,false,,2026-07-28,https://edbz.fa.us2.oraclecloud.com/hcmUI/CandidateExperience/en/sites/CX/job/25016766,,,,fall,2026
texas-permanent-school-fund-corporation-equity-capital-markets-intern-2026,Texas Permanent School Fund Corporation,Equity Capital Markets Intern,software-engineering,,closed,onsite,"Austin, TX",USA,—,unknown,false,,2026-08-10,https://texaspsf.wd501.myworkdayjobs.com/TexasPSFCareers/job/Innovation-Tower/Equity-Capital-Markets-Intern_JR100108,,,,fall,2026
the-boeing-company-data-analytics-intern-2027-dadcfa,The Boeing Company,Data Analytics Intern,software-engineering,,open,onsite,"Ridley Park, PA +29",USA,—,unknown,false,,2026-08-03,https://boeing.wd1.myworkdayjobs.com/INTERN/job/USA---Everett-WA/Boeing-Summer-2027-Internship-Program--Paid----Data-Analytics-Intern_JR2026520976,,,,summer,2027
the-boeing-company-data-analytics-intern-2027,The Boeing Company,Data Analytics Intern,software-engineering,,open,onsite,"Ridley Park, PA +29",USA,—,unknown,false,,2026-08-03,https://boeing.wd1.myworkdayjobs.com/EXTERNAL_CAREERS/job/USA---Everett-WA/Boeing-Summer-2027-Internship-Program--Paid----Data-Analytics-Intern_JR2026520976-1,,,,summer,2027
the-federal-reserve-system-business-survey-intern-2026,The Federal Reserve System,Business Survey Intern,software-engineering,,closed,onsite,"Richmond, VA",USA,—,unknown,false,,2026-06-17,https://rb.wd5.myworkdayjobs.com/en-US/FRS/job/Richmond-VA/Fall-2026-Business-Survey-Intern_R-0000032532,,,,fall,2026
the-federal-reserve-system-graduate-statistical-analysis-intern-regional-community-outr-2026,The Federal Reserve System,Graduate Statistical Analysis Intern - Regional & Community Outreach,software-engineering,,open,onsite,"Boston, MA",USA,—,unknown,false,,2026-08-04,https://rb.wd5.myworkdayjobs.com/en-US/FRS/job/Boston-MA/Graduate-Intern---Statistical-Analysis_R-0000032931,,,,fall,2026
the-home-depot-ai-engineer-intern-2026,The Home Depot,AI Engineer Intern,ai,,closed,onsite,Toronto,ON,—,unknown,false,,2026-07-30,https://homedepot.wd5.myworkdayjobs.com/CareerDepotCanada/job/CANADA-STORE-SUPPORT-CENTER---7000/Intern--AI-Engineer_Req188547,,,,fall,2026
the-hub-project-polling-and-outreach-intern-2026,The Hub Project,Polling and Outreach Intern,software-engineering,,open,onsite,"Washington, DC",USA,—,unknown,false,,2026-08-03,https://newventurefund.applytojob.com/apply/RFdviqLOwW/Polling-And-Outreach-Intern,,,,fall,2026
the-mosaic-company-cybersecurity-co-op-intern-2026,The Mosaic Company,Cybersecurity Co-Op/Intern,security,,closed,onsite,"Tampa, FL",USA,—,no,true,,2026-07-27,https://mosaic.wd5.myworkdayjobs.com/mosaic/job/US---Tampa-FL-Lithia-area/Co-op-Student-Admin_64613-1,,,,fall,2026
the-nuclear-company-ai-ml-engineer-intern-2027,The Nuclear Company,AI/ML Engineer Intern,machine-learning,,open,onsite,"Washington, DC",USA,—,unknown,false,,2026-08-07,https://job-boards.greenhouse.io/thenuclearcompany/jobs/5383231008,,,,summer,2027
the-nuclear-company-ai-ml-engineer-intern-platform-integration-ai-data-2026,The Nuclear Company,AI/ML Engineer Intern - Platform Integration & AI/Data,machine-learning,,open,onsite,"Washington, DC",USA,—,unknown,false,,2026-08-07,https://job-boards.greenhouse.io/thenuclearcompany/jobs/5383163008,,,,fall,2026
the-nuclear-company-ai-ml-engineer-intern-platform-integration-ai-data-2027,The Nuclear Company,AI/ML Engineer Intern - Platform Integration & AI/Data,machine-learning,,open,onsite,"Washington, DC",USA,—,unknown,false,,2026-08-07,https://job-boards.greenhouse.io/thenuclearcompany/jobs/5383212008,,,,spring,2027
the-nuclear-company-ai-software-engineer-intern-2026,The Nuclear Company,AI Software Engineer Intern,ai,,open,onsite,"Washington, DC",USA,—,unknown,false,,2026-08-07,https://job-boards.greenhouse.io/thenuclearcompany/jobs/5383113008,,,,fall,2026
the-nuclear-company-data-science-intern-2027-ede193,The Nuclear Company,Data Science Intern,data-science,,open,onsite,"Washington, DC",USA,—,unknown,false,,2026-08-07,https://job-boards.greenhouse.io/thenuclearcompany/jobs/5383244008,,masters,,summer,2027
the-nuclear-company-data-science-intern-2027,The Nuclear Company,Data Science Intern,data-science,,open,onsite,"Washington, DC",USA,—,unknown,false,,2026-08-07,https://job-boards.greenhouse.io/thenuclearcompany/jobs/5383218008,,masters,,spring,2027
the-nuclear-company-software-engineering-intern-2027,The Nuclear Company,Software Engineering Intern,software-engineering,,open,onsite,"Washington, DC",USA,—,unknown,false,,2026-08-07,https://job-boards.greenhouse.io/thenuclearcompany/jobs/5383171008,,,,spring,2027
the-nuclear-company-software-engineering-intern-product-platform-2027,The Nuclear Company,Software Engineering Intern - Product - Platform,software-engineering,,open,onsite,"Washington, DC",USA,—,unknown,false,,2026-08-07,https://job-boards.greenhouse.io/thenuclearcompany/jobs/5383236008,,,,summer,2027
the-trade-desk-software-engineering-intern-2027,The Trade Desk,Software Engineering Intern,software-engineering,,closed,onsite,"Seattle, WA +5",USA,—,unknown,false,,2026-07-15,https://job-boards.greenhouse.io/thetradedesk/jobs/5187605007,,masters,,winter,2027
thomson-reuters-research-scientist-intern-2026,Thomson Reuters,Research Scientist Intern,research,,open,onsite,London,UK,—,unknown,false,,2026-02-18,https://thomsonreuters.wd5.myworkdayjobs.com/en-US/External_Career_Site/job/United-Kingdom-London/Research-Scientist-Intern_JREQ198484,,phd,,fall,2026
tiktok-ai-agent-product-manager-intern-product-infrastructure-custo-2027,TikTok,AI Agent Product Manager Intern - Product Infrastructure-Customer Service Platform,ai,,open,onsite,"San Jose, CA",USA,—,unknown,false,,2026-08-07,https://lifeattiktok.com/search/7670010726514493749,,masters,,summer,2027
tiktok-ai-product-manager-intern-content-ecosystem-2027,TikTok,AI Product Manager Intern - Content Ecosystem,ai,,open,onsite,"San Jose, CA",USA,—,unknown,false,,2026-08-04,https://lifeattiktok.com/search/7667578131150506293,,masters,,summer,2027
tiktok-ai-product-operations-intern-2026,TikTok,AI Product Operations Intern,ai,,open,onsite,"San Jose, CA",USA,—,unknown,false,,2026-03-02,https://lifeattiktok.com/search/7611950589973186821,,masters,,fall,2026
tiktok-ai-safety-evaluation-governance-product-manager-intern-multi-2027,TikTok,AI Safety Evaluation & Governance Product Manager Intern - Multiple Teams,ai,,open,onsite,"San Jose, CA",USA,—,unknown,false,,2026-08-11,https://lifeattiktok.com/search/7670529537944766773,,masters,,summer,2027
tiktok-applied-scientist-intern-recommendation-ai-lab-2026,TikTok,Applied Scientist Intern - Recommendation AI Lab,ai,,open,onsite,"San Jose, CA",USA,—,unknown,false,,2026-07-07,https://lifeattiktok.com/search/7659527183984019765,,phd,,fall,2026
tiktok-artificial-intelligence-engineer-intern-client-architecture-2027,TikTok,Artificial Intelligence Engineer Intern - Client Architecture,ai,,open,onsite,"San Jose, CA",USA,—,unknown,false,,2026-08-03,https://lifeattiktok.com/search/7667935738190465285,,masters,,summer,2027
tiktok-backend-software-engineer-intern-2027-2e8703,TikTok,Backend Software Engineer Intern,software-engineering,,open,onsite,"San Jose, CA",USA,—,unknown,false,,2026-08-03,https://lifeattiktok.com/search/7667935739300317493,,masters,,summer,2027
tiktok-backend-software-engineer-intern-2027-313718,TikTok,Backend Software Engineer Intern,software-engineering,,open,onsite,"San Jose, CA",USA,—,unknown,false,,2026-08-03,https://lifeattiktok.com/search/7667934635573692725,,masters,,summer,2027
tiktok-backend-software-engineer-intern-2027-715068,TikTok,Backend Software Engineer Intern,software-engineering,,open,onsite,"San Jose, CA",USA,—,unknown,false,,2026-08-03,https://lifeattiktok.com/search/7667935565120112949,,masters,,summer,2027
tiktok-backend-software-engineer-intern-2027-c1f3e2,TikTok,Backend Software Engineer Intern,software-engineering,,open,onsite,"San Jose, CA +1",USA,—,unknown,false,,2026-08-03,https://lifeattiktok.com/search/7667933770819897605,,masters,,summer,2027
tiktok-backend-software-engineer-intern-2027,TikTok,Backend Software Engineer Intern,software-engineering,,open,onsite,"San Jose, CA",USA,—,unknown,false,,2026-08-03,https://lifeattiktok.com/search/7667933335084124469,,masters,,summer,2027
tiktok-backend-software-engineer-intern-creation-platform-2027,TikTok,Backend Software Engineer Intern - Creation Platform,software-engineering,,open,onsite,"San Jose, CA",USA,—,unknown,false,,2026-08-05,https://lifeattiktok.com/search/7670289874020993285,,masters,,summer,2027
tiktok-backend-software-engineer-intern-digital-content-center-2027,TikTok,Backend Software Engineer Intern - Digital Content Center,software-engineering,,open,onsite,"San Jose, CA",USA,—,unknown,false,,2026-08-03,https://lifeattiktok.com/search/7667934302872537397,,masters,,summer,2027
tiktok-backend-software-engineer-intern-global-e-commerce-2027-759204,TikTok,Backend Software Engineer Intern - Global E-Commerce,software-engineering,,open,onsite,"Seattle, WA",USA,—,unknown,false,,2026-08-04,https://lifeattiktok.com/search/7668834837268416821,,masters,,summer,2027
tiktok-backend-software-engineer-intern-global-e-commerce-2027,TikTok,Backend Software Engineer Intern - Global E-Commerce,software-engineering,,open,onsite,"San Jose, CA",USA,—,unknown,false,,2026-08-04,https://lifeattiktok.com/search/7668834837268138293,,masters,,summer,2027
tiktok-backend-software-engineer-intern-innovative-growth-2027,TikTok,Backend Software Engineer Intern - Innovative Growth,software-engineering,,open,onsite,"San Jose, CA",USA,—,unknown,false,,2026-08-03,https://lifeattiktok.com/search/7667934860750063925,,masters,,summer,2027
tiktok-backend-software-engineer-intern-live-foundation-governance-2027,TikTok,Backend Software Engineer Intern - LIVE Foundation Governance Engineering,software-engineering,,open,onsite,"San Jose, CA",USA,—,no,false,,2026-08-04,https://lifeattiktok.com/search/7667935150530840837,,,,summer,2027
tiktok-backend-software-engineer-intern-product-infrastructure-2027,TikTok,Backend Software Engineer Intern - Product Infrastructure,cloud,,open,onsite,"San Jose, CA",USA,—,unknown,false,,2026-08-04,https://lifeattiktok.com/search/7667935633764370741,,masters,,summer,2027
tiktok-copyright-solution-product-manager-intern-tiktok-music-2026,TikTok,Copyright Solution Product Manager Intern - Tiktok-Music,product,,open,onsite,"San Jose, CA",USA,—,unknown,false,,2026-07-03,https://lifeattiktok.com/search/7657541997725288757,,masters,,fall,2026
tiktok-data-engineer-intern-ads-targeting-2027,TikTok,Data Engineer Intern - Ads Targeting,data-engineering,,open,onsite,"San Jose, CA",USA,—,unknown,false,,2026-08-05,https://lifeattiktok.com/search/7668533140146817333,,masters,,summer,2027
tiktok-data-engineer-intern-monetization-data-2027,TikTok,Data Engineer Intern - Monetization Data,data-engineering,,open,onsite,"San Jose, CA",USA,—,unknown,false,,2026-08-10,https://lifeattiktok.com/search/7671232204182276405,,masters,,summer,2027
tiktok-data-science-intern-integrity-and-safety-2027,TikTok,Data Science Intern - Integrity and Safety,data-science,,open,onsite,"San Jose, CA",USA,—,unknown,false,,2026-08-04,https://lifeattiktok.com/search/7669682935444900149,,masters,,summer,2027
tiktok-data-science-intern-tiktok-live-2027,TikTok,Data Science Intern - TikTok Live,data-science,,open,onsite,"San Jose, CA",USA,—,unknown,false,,2026-08-04,https://lifeattiktok.com/search/7669700822370945333,,masters,,summer,2027
tiktok-data-science-intern-tiktok-product-2027,TikTok,Data Science Intern - TikTok Product,data-science,,open,onsite,"San Jose, CA",USA,—,unknown,false,,2026-08-05,https://lifeattiktok.com/search/7669683639101884725,,masters,,summer,2027
tiktok-data-scientist-intern-vod-data-2027,TikTok,Data Scientist Intern - VOD Data,data-science,,open,onsite,"San Jose, CA",USA,—,unknown,false,,2026-08-05,https://lifeattiktok.com/search/7670287013157095733,,masters,,summer,2027
tiktok-efficiency-analyst-methodologist-project-intern-content-oper-2026-89a560,TikTok,Efficiency Analyst/Methodologist Project Intern - Content Operations - Tiktok-Operations-Operations Efficiency,software-engineering,,open,onsite,"San Jose, CA",USA,—,unknown,false,,2026-07-29,https://lifeattiktok.com/search/7667613782697232693,,,,fall,2026
tiktok-efficiency-analyst-methodologist-project-intern-content-oper-2026,TikTok,Efficiency Analyst/Methodologist Project Intern - Content Operations - Tiktok-Operations-Operations Efficiency,software-engineering,,open,onsite,NYC,USA,—,unknown,false,,2026-07-28,https://lifeattiktok.com/search/7667248888103782661,,,,fall,2026
tiktok-frontend-engineer-intern-ads-interface-2027,TikTok,Frontend Engineer Intern - Ads Interface,software-engineering,,open,onsite,"San Jose, CA",USA,—,unknown,false,,2026-08-07,https://lifeattiktok.com/search/7671211313289398581,,masters,,summer,2027
tiktok-frontend-engineer-intern-global-crm-2027,TikTok,Frontend Engineer Intern - Global CRM,software-engineering,,open,onsite,"San Jose, CA",USA,—,unknown,false,,2026-08-04,https://lifeattiktok.com/search/7669711026846058757,,masters,,summer,2027
tiktok-frontend-engineer-intern-open-platform-2027,TikTok,Frontend Engineer Intern - Open Platform,software-engineering,,open,onsite,"San Jose, CA",USA,—,unknown,false,,2026-08-03,https://lifeattiktok.com/search/7667935739300792629,,,,summer,2027
tiktok-frontend-software-engineer-intern-ads-measurement-signal-and-2027,TikTok,Frontend Software Engineer Intern - Ads Measurement Signal and Privacy,software-engineering,,open,onsite,"San Jose, CA",USA,—,unknown,false,,2026-08-03,https://lifeattiktok.com/search/7668584161852229893,,masters,,summer,2027
tiktok-frontend-software-engineer-project-intern-global-crm-2026,TikTok,Frontend Software Engineer Project Intern - Global CRM,software-engineering,,open,onsite,"San Jose, CA",USA,—,unknown,false,,2026-07-02,https://lifeattiktok.com/search/7654431844394322229,,masters,,fall,2026
tiktok-fullstack-software-engineer-intern-global-e-commerce-2027-su-2027,TikTok,Fullstack Software Engineer Intern - Global E-Commerce - 2027 Summer,software-engineering,,open,onsite,"San Jose, CA",USA,—,unknown,false,,2026-08-07,https://lifeattiktok.com/search/7670738362521520437,,masters,,summer,2027
tiktok-fullstack-software-engineer-intern-global-e-commerce-2027,TikTok,Fullstack Software Engineer Intern - Global E-Commerce,software-engineering,,open,onsite,"Seattle, WA",USA,—,unknown,false,,2026-08-07,https://lifeattiktok.com/search/7670700387322300677,,masters,,summer,2027
tiktok-generative-ai-researcher-intern-intelligent-creation-vision-2027,TikTok,Generative AI Researcher Intern - Intelligent Creation-Vision and Graphics,ai,,open,onsite,"San Jose, CA",USA,—,unknown,false,,2026-08-03,https://lifeattiktok.com/search/7668183035989281029,,phd,,summer,2027
tiktok-global-product-operations-manager-intern-global-business-sol-2026,TikTok,Global Product Operations Manager Intern - Global Business Solutions,software-engineering,,closed,onsite,"San Jose, CA",USA,—,unknown,false,,2026-07-13,https://lifeattiktok.com/search/7660641959426132277,,masters,,fall,2026
tiktok-issue-discovery-operations-intern-content-ecosystem-2027,TikTok,Issue Discovery Operations Intern - Content Ecosystem,software-engineering,,open,onsite,"San Jose, CA",USA,—,unknown,false,,2026-08-10,https://lifeattiktok.com/search/7667582040108222773,,masters,,summer,2027
tiktok-llm-post-training-engineer-intern-research-product-2027-c41e07,TikTok,LLM Post-training Engineer Intern - Research & Product,ai,,open,onsite,"San Jose, CA",USA,—,unknown,false,,2026-08-06,https://lifeattiktok.com/search/7670285031018432773,,masters,,summer,2027
tiktok-llm-post-training-engineer-intern-research-product-2027,TikTok,"LLM Post-training Engineer Intern, Research & Product",ai,,open,onsite,"San Jose, CA",USA,—,unknown,false,,2026-04-25,https://lifeattiktok.com/search/7631599293708126517,,,,summer,2027
tiktok-machine-learning-engineer-intern-2027-5c7e5c,TikTok,Machine Learning Engineer Intern,machine-learning,,open,onsite,"San Jose, CA",USA,—,unknown,false,,2026-08-04,https://lifeattiktok.com/search/7668379675467761925,,masters,,summer,2027
tiktok-machine-learning-engineer-intern-2027-8abe31,TikTok,Machine Learning Engineer Intern,machine-learning,,open,onsite,"San Jose, CA",USA,—,unknown,false,,2026-08-03,https://lifeattiktok.com/search/7667350291952765237,,masters,,summer,2027
tiktok-machine-learning-engineer-intern-2027-d447df,TikTok,Machine Learning Engineer Intern,machine-learning,,open,onsite,"San Jose, CA",USA,—,unknown,false,,2026-08-03,https://lifeattiktok.com/search/7667346576033777925,,masters,,summer,2027
tiktok-machine-learning-engineer-intern-2027,TikTok,Machine Learning Engineer Intern,machine-learning,,open,onsite,"San Jose, CA",USA,—,unknown,false,,2026-08-03,https://lifeattiktok.com/search/7667338938890930437,,masters,,summer,2027
tiktok-machine-learning-engineer-intern-ads-signal-measurement-2027,TikTok,Machine Learning Engineer Intern - Ads Signal & Measurement,machine-learning,,open,onsite,"San Jose, CA",USA,—,unknown,false,,2026-08-04,https://lifeattiktok.com/search/7669700361976809733,,,,summer,2027
tiktok-machine-learning-engineer-intern-app-ads-2026,TikTok,Machine Learning Engineer Intern - App Ads,machine-learning,,closed,onsite,"San Jose, CA",USA,—,unknown,false,,2026-03-31,https://lifeattiktok.com/search/7623166673809770757,,masters,,fall,2026
tiktok-machine-learning-engineer-intern-app-ads-and-gaming-2027,TikTok,Machine Learning Engineer Intern - App Ads and Gaming,machine-learning,,open,onsite,"San Jose, CA",USA,—,unknown,false,,2026-08-04,https://lifeattiktok.com/search/7669709472078170373,,,,summer,2027
tiktok-machine-learning-engineer-intern-basic-ranking-2027,TikTok,Machine Learning Engineer Intern - Basic Ranking,machine-learning,,open,onsite,"San Jose, CA",USA,—,unknown,false,,2026-08-03,https://lifeattiktok.com/search/7667339583362025781,,phd,,summer,2027
tiktok-machine-learning-engineer-intern-brand-ads-2027,TikTok,Machine Learning Engineer Intern - Brand Ads,machine-learning,,open,onsite,"San Jose, CA",USA,—,unknown,false,,2026-08-04,https://lifeattiktok.com/search/7668654528822954245,,masters,,summer,2027
tiktok-machine-learning-engineer-intern-commerce-ads-summer-2027-2027,TikTok,Machine Learning Engineer Intern - Commerce Ads - Summer 2027,machine-learning,,open,onsite,"San Jose, CA",USA,—,unknown,false,,2026-08-04,https://lifeattiktok.com/search/7669711968043092229,,masters;phd,,summer,2027
tiktok-machine-learning-engineer-intern-commercial-ai-crm-and-trans-2027,TikTok,Machine Learning Engineer Intern - Commercial AI-CRM and Transaction,machine-learning,,open,onsite,"San Jose, CA",USA,—,unknown,false,,2026-08-04,https://lifeattiktok.com/search/7669702702763018501,,masters,,summer,2027
tiktok-machine-learning-engineer-intern-data-global-e-commerce-sear-2027,TikTok,Machine Learning Engineer Intern - Data-Global E-Commerce-Search,machine-learning,,open,onsite,"Seattle, WA",USA,—,unknown,false,,2026-08-05,https://lifeattiktok.com/search/7668415591670417717,,phd,,summer,2027
tiktok-machine-learning-engineer-intern-data-search-local-service-2026,TikTok,Machine Learning Engineer Intern - Data Search Local Service,machine-learning,,open,onsite,"San Jose, CA",USA,—,unknown,false,,2026-08-04,https://lifeattiktok.com/search/7668381860191734021,,phd,,fall,2026
tiktok-machine-learning-engineer-intern-data-search-recommendation-2027,TikTok,Machine Learning Engineer Intern - Data Search Recommendation Global E-Commerce,machine-learning,,open,onsite,"Seattle, WA",USA,—,unknown,false,,2026-08-04,https://lifeattiktok.com/search/7668383643375257909,,masters,,summer,2027
tiktok-machine-learning-engineer-intern-data-search-search-quality-2027,TikTok,Machine Learning Engineer Intern - Data Search Search Quality,machine-learning,,open,onsite,"San Jose, CA",USA,—,unknown,false,,2026-08-03,https://lifeattiktok.com/search/7665475888805611781,,phd,,summer,2027
tiktok-machine-learning-engineer-intern-data-search-visual-search-2027,TikTok,Machine Learning Engineer Intern - Data Search - Visual Search,machine-learning,,open,onsite,"San Jose, CA",USA,—,unknown,false,,2026-08-03,https://lifeattiktok.com/search/7667349591727278341,,phd,,summer,2027
tiktok-machine-learning-engineer-intern-e-commerce-recommendation-s-2026,TikTok,Machine Learning Engineer Intern - E-Commerce Recommendation/Search Alliance,machine-learning,,open,onsite,"Seattle, WA",USA,—,unknown,false,,2026-08-06,https://lifeattiktok.com/search/7670247810111768837,,phd,,fall,2026
tiktok-machine-learning-engineer-intern-lead-ads-2027,TikTok,Machine Learning Engineer Intern - Lead Ads,machine-learning,,open,onsite,"San Jose, CA",USA,—,unknown,false,,2026-08-04,https://lifeattiktok.com/search/7669707492914727221,,,,summer,2027
tiktok-machine-learning-engineer-intern-performance-monetization-2027-f89997,TikTok,Machine Learning Engineer Intern - Performance Monetization,machine-learning,,open,onsite,"San Jose, CA",USA,—,unknown,false,,2026-08-04,https://lifeattiktok.com/search/7669693205558561077,,phd,,summer,2027
tiktok-machine-learning-engineer-intern-performance-monetization-2027,TikTok,Machine Learning Engineer Intern - Performance Monetization,machine-learning,,open,onsite,"San Jose, CA",USA,—,unknown,false,,2026-08-04,https://lifeattiktok.com/search/7669693163422845237,,,,summer,2027
tiktok-machine-learning-engineer-intern-recommendation-2027,TikTok,Machine Learning Engineer Intern - Recommendation,machine-learning,,open,onsite,"San Jose, CA",USA,—,unknown,false,,2026-08-03,https://lifeattiktok.com/search/7662653087863081221,,masters,,summer,2027
tiktok-machine-learning-engineer-intern-search-2027,TikTok,Machine Learning Engineer Intern - Search,machine-learning,,open,onsite,"Seattle, WA",USA,—,unknown,false,,2026-08-05,https://lifeattiktok.com/search/7668396597746862341,,masters,,summer,2027
tiktok-machine-learning-engineer-intern-search-ads-2027,TikTok,Machine Learning Engineer Intern - Search Ads,machine-learning,,open,onsite,"San Jose, CA",USA,—,unknown,false,,2026-08-04,https://lifeattiktok.com/search/7669698648817305909,,,,summer,2027
tiktok-machine-learning-engineer-intern-search-quality-2027,TikTok,Machine Learning Engineer Intern - Search Quality,machine-learning,,open,onsite,"San Jose, CA",USA,—,unknown,false,,2026-08-03,https://lifeattiktok.com/search/7665475460339665157,,masters,,summer,2027
tiktok-machine-learning-engineer-intern-tiktok-data-search-search-q-2026,TikTok,Machine Learning Engineer Intern - Tiktok-Data-Search-Search Quality,machine-learning,,open,onsite,"San Jose, CA",USA,—,unknown,false,,2026-07-29,https://lifeattiktok.com/search/7667690418804902149,,phd,,fall,2026
tiktok-machine-learning-engineer-intern-trust-and-safety-2027,TikTok,Machine Learning Engineer Intern - Trust and Safety,machine-learning,,open,onsite,"San Jose, CA",USA,—,unknown,false,,2026-08-03,https://lifeattiktok.com/search/7662672554084059445,,masters,,summer,2027
tiktok-machine-learning-scientist-intern-2027,TikTok,Machine Learning Scientist Intern,machine-learning,,open,onsite,"San Jose, CA",USA,—,unknown,false,,2026-08-03,https://lifeattiktok.com/search/7667934169444485429,,phd,,summer,2027
tiktok-machine-learning-scientist-intern-content-ecology-llm-applic-2027,TikTok,Machine Learning Scientist Intern - Content Ecology - LLM Application,machine-learning,,open,onsite,"San Jose, CA",USA,—,unknown,false,,2026-08-03,https://lifeattiktok.com/search/7667933770625599749,,phd,,summer,2027
tiktok-machine-learning-scientist-intern-recommendation-2027,TikTok,Machine Learning Scientist Intern - Recommendation,machine-learning,,open,onsite,"San Jose, CA",USA,—,unknown,false,,2026-08-03,https://lifeattiktok.com/search/7662657855099357493,,phd,,summer,2027
tiktok-product-manager-intern-product-infrastructure-account-2027,TikTok,Product Manager Intern - Product Infrastructure - Account,cloud,,open,onsite,"San Jose, CA",USA,—,unknown,false,,2026-08-06,https://lifeattiktok.com/search/7670009830602721589,,masters,,summer,2027
tiktok-product-manager-intern-tiktok-ads-agent-scaled-growth-2026,TikTok,Product Manager Intern - TikTok Ads Agent-Scaled Growth,product,,open,onsite,"San Jose, CA",USA,—,unknown,false,,2026-07-07,https://lifeattiktok.com/search/7657728959042046213,,masters,,fall,2026
tiktok-product-manager-intern-tiktok-product-content-ecosystem-2026,TikTok,Product Manager Intern - TikTok Product Content Ecosystem,product,,open,onsite,"San Jose, CA",USA,—,unknown,false,,2026-07-03,https://lifeattiktok.com/search/7657778928769534213,,masters,,fall,2026
tiktok-product-manager-intern-tiktok-product-search-2026,TikTok,Product Manager Intern - Tiktok-Product-Search,product,,closed,onsite,"San Jose, CA",USA,—,unknown,false,,2026-07-21,https://lifeattiktok.com/search/7663349357178620165,,masters,,fall,2026
tiktok-product-operations-intern-apps-and-api-2027,TikTok,Product Operations Intern - Apps and API,software-engineering,,open,onsite,"Seattle, WA",USA,—,unknown,false,,2026-08-05,https://lifeattiktok.com/search/7669927344569764101,,,,summer,2027
tiktok-product-operations-intern-tiktok-shop-apps-and-api-mba-2027,TikTok,Product Operations Intern - TikTok Shop Apps and API - MBA,software-engineering,,open,onsite,"Seattle, WA",USA,—,unknown,false,,2026-08-06,https://lifeattiktok.com/search/7668820702623467781,,,,summer,2027
tiktok-recommendation-product-manager-intern-content-ecosystem-2027,TikTok,Recommendation Product Manager Intern - Content Ecosystem,product,,open,onsite,"San Jose, CA",USA,—,unknown,false,,2026-08-04,https://lifeattiktok.com/search/7667874197682899205,,masters,,summer,2027
tiktok-research-engineer-intern-agentic-systems-ai-infrastructure-g-2027,TikTok,Research Engineer Intern - Agentic Systems & AI Infrastructure - Generalized Architecture,ai,,open,onsite,"Seattle, WA",USA,—,unknown,false,,2026-08-03,https://lifeattiktok.com/search/7667934792727906565,,masters,,summer,2027
tiktok-research-engineer-intern-agentic-systems-ai-infrastructure-t-2026,TikTok,Research Engineer Intern - Agentic Systems & AI Infrastructure - Tiktok-Generalized Arch,ai,,open,onsite,"San Jose, CA",USA,—,unknown,false,,2026-08-04,https://lifeattiktok.com/search/7667935568626043141,,phd,,fall,2026
tiktok-research-engineer-intern-monetization-technology-business-in-2026,TikTok,Research Engineer Intern - Monetization Technology - Business Integrity,research,,open,onsite,"San Jose, CA",USA,—,unknown,false,,2026-08-03,https://lifeattiktok.com/search/7668204394458466565,,phd,,fall,2026
tiktok-research-engineer-intern-monetization-technology-business-in-2027,TikTok,Research Engineer Intern - Monetization Technology - Business Integrity,research,,open,onsite,"San Jose, CA",USA,—,unknown,false,,2026-08-03,https://lifeattiktok.com/search/7668202602270951733,,masters,,summer,2027
tiktok-research-scientist-intern-content-intelligence-2026,TikTok,Research Scientist Intern - Content Intelligence,research,,open,onsite,"San Jose, CA",USA,—,unknown,false,,2026-08-03,https://lifeattiktok.com/search/7662662842545539381,,phd,,fall,2026
tiktok-research-scientist-intern-foundations-intelligence-service-2027,TikTok,Research Scientist Intern - Foundations & Intelligence Service,research,,open,onsite,"San Jose, CA",USA,—,unknown,false,,2026-08-03,https://lifeattiktok.com/search/7662677746436524293,,phd,,summer,2027
tiktok-research-scientist-intern-monetization-technology-business-i-2027-04804f,TikTok,Research Scientist Intern - Monetization Technology - Business Integrity,research,,open,onsite,"San Jose, CA",USA,—,unknown,false,,2026-08-03,https://lifeattiktok.com/search/7668204438271969589,,phd,,summer,2027
tiktok-research-scientist-intern-monetization-technology-business-i-2027,TikTok,Research Scientist Intern - Monetization Technology - Business Integrity,research,,open,onsite,"San Jose, CA",USA,—,unknown,false,,2026-08-03,https://lifeattiktok.com/search/7668202600147552517,,masters,,summer,2027
tiktok-research-scientist-intern-neural-graphics-and-world-models-2027,TikTok,Research Scientist Intern - Neural Graphics and World Models,research,,open,onsite,"San Jose, CA",USA,—,unknown,false,,2026-08-03,https://lifeattiktok.com/search/7667935738840090933,,phd,,summer,2027
tiktok-research-scientist-intern-nextgen-llm-2027,TikTok,Research Scientist Intern - Nextgen LLM,ai,,open,onsite,"San Jose, CA",USA,—,unknown,false,,2026-04-29,https://lifeattiktok.com/search/7633668061979543813,,phd,,summer,2027
tiktok-research-scientist-intern-recommendation-2027,TikTok,Research Scientist Intern - Recommendation,research,,open,onsite,"San Jose, CA",USA,—,unknown,false,,2026-08-03,https://lifeattiktok.com/search/7662661203281447221,,phd,,summer,2027
tiktok-research-scientist-intern-tiktok-search-generative-ai-llm-2027,TikTok,Research Scientist Intern - TikTok Search / Generative AI - LLM,ai,,open,onsite,"San Jose, CA",USA,—,unknown,false,,2026-04-17,https://lifeattiktok.com/search/7629250876813642037,,phd,,summer,2027
tiktok-research-scientist-intern-trust-and-safety-2026,TikTok,Research Scientist Intern - Trust and Safety,research,,open,onsite,"San Jose, CA",USA,—,unknown,false,,2026-08-03,https://lifeattiktok.com/search/7662674242861074741,,phd,,fall,2026
tiktok-research-scientist-intern-trust-and-safety-2027,TikTok,Research Scientist Intern - Trust and Safety,research,,open,onsite,"Seattle, WA",USA,—,unknown,false,,2026-08-03,https://lifeattiktok.com/search/7662672903447988485,,phd,,summer,2027
tiktok-software-engineer-intern-2027-7e0735,TikTok,Software Engineer Intern,software-engineering,,open,onsite,"Seattle, WA",USA,—,unknown,false,,2026-08-03,https://lifeattiktok.com/search/7668582086899763461,,masters,,summer,2027
tiktok-software-engineer-intern-2027-99ebe3,TikTok,Software Engineer Intern,software-engineering,,open,onsite,"San Jose, CA",USA,—,unknown,false,,2026-08-03,https://lifeattiktok.com/search/7668581636242016565,,masters,,summer,2027
tiktok-software-engineer-intern-2027-a54de1,TikTok,Software Engineer Intern,software-engineering,,open,onsite,"San Jose, CA",USA,—,unknown,false,,2026-08-04,https://lifeattiktok.com/search/7669712589169117445,,masters,,summer,2027
tiktok-software-engineer-intern-2027-b35765,TikTok,Software Engineer Intern,software-engineering,,open,onsite,"San Jose, CA",USA,—,unknown,false,,2026-08-03,https://lifeattiktok.com/search/7668675500744837381,,masters,,summer,2027
tiktok-software-engineer-intern-2027-d0d748,TikTok,Software Engineer Intern,software-engineering,,open,onsite,"San Jose, CA",USA,—,unknown,false,,2026-08-03,https://lifeattiktok.com/search/7667935738376227077,,masters,,summer,2027
tiktok-software-engineer-intern-2027-d3bf89,TikTok,Software Engineer Intern,software-engineering,,open,onsite,"San Jose, CA",USA,—,unknown,false,,2026-08-04,https://lifeattiktok.com/search/7668921505254410549,,masters,,summer,2027
tiktok-software-engineer-intern-2027-eff1b3,TikTok,Software Engineer Intern,software-engineering,,open,onsite,"San Jose, CA",USA,—,unknown,false,,2026-08-04,https://lifeattiktok.com/search/7668725183121000757,,masters,,summer,2027
tiktok-software-engineer-intern-2027,TikTok,Software Engineer Intern,software-engineering,,open,onsite,"San Jose, CA",USA,—,unknown,false,,2026-08-03,https://lifeattiktok.com/search/7662700594251958581,,masters,,summer,2027
tiktok-software-engineer-intern-ads-interface-2027,TikTok,Software Engineer Intern - Ads Interface,software-engineering,,open,onsite,"San Jose, CA",USA,—,unknown,false,,2026-08-04,https://lifeattiktok.com/search/7669705785962727733,,masters,,summer,2027
tiktok-software-engineer-intern-ads-measurement-signal-and-privacy-2027,TikTok,Software Engineer Intern - Ads Measurement Signal and Privacy,software-engineering,,open,onsite,"San Jose, CA",USA,—,unknown,false,,2026-08-03,https://lifeattiktok.com/search/7668582031916435717,,masters,,summer,2027
tiktok-software-engineer-intern-agentic-creation-effect-platform-2027,TikTok,Software Engineer Intern - Agentic Creation-Effect Platform,software-engineering,,open,onsite,"San Jose, CA",USA,—,unknown,false,,2026-08-03,https://lifeattiktok.com/search/7668445566565321013,,masters,,summer,2027
tiktok-software-engineer-intern-business-integrity-2027,TikTok,Software Engineer Intern - Business Integrity,software-engineering,,open,onsite,"San Jose, CA",USA,—,unknown,false,,2026-08-03,https://lifeattiktok.com/search/7668584916620527925,,masters,,summer,2027
tiktok-software-engineer-intern-creative-intelligence-and-brand-inn-2027,TikTok,Software Engineer Intern - Creative Intelligence and Brand Innovation,software-engineering,,open,onsite,"San Jose, CA",USA,—,unknown,false,,2026-08-03,https://lifeattiktok.com/search/7668642761473902901,,masters,,summer,2027
tiktok-software-engineer-intern-data-arch-e-commerce-2027-b02f0e,TikTok,"Software Engineer Intern, Data Arch - E-commerce",software-engineering,,open,onsite,"Seattle, WA",USA,—,yes,false,,2026-08-03,https://lifeattiktok.com/search/7668582146236631349,,,,summer,2027
tiktok-software-engineer-intern-foundation-platform-2027,TikTok,Software Engineer Intern - Foundation Platform,software-engineering,,open,onsite,"San Jose, CA",USA,—,unknown,false,,2026-08-06,https://lifeattiktok.com/search/7670281449668905269,,masters,,summer,2027
tiktok-software-engineer-intern-global-crm-2027,TikTok,Software Engineer Intern - Global CRM,software-engineering,,open,onsite,"San Jose, CA",USA,—,unknown,false,,2026-08-04,https://lifeattiktok.com/search/7669711844487399685,,masters,,summer,2027
tiktok-software-engineer-intern-global-e-commerce-search-2027,TikTok,Software Engineer Intern - Global E-commerce-Search,software-engineering,,open,onsite,"Seattle, WA",USA,—,unknown,false,,2026-08-10,https://lifeattiktok.com/search/7670839727059339525,,masters,,summer,2027
tiktok-software-engineer-intern-global-e-commerce-search-infrastruc-2026,TikTok,Software Engineer Intern - Global E-Commerce Search Infrastructure,cloud,,open,onsite,"Seattle, WA",USA,—,unknown,false,,2026-08-07,https://lifeattiktok.com/search/7662594807715072261,,masters,,fall,2026
tiktok-software-engineer-intern-intelligent-creation-camera-2027,TikTok,Software Engineer Intern - Intelligent Creation-Camera,software-engineering,,open,onsite,"San Jose, CA",USA,—,unknown,false,,2026-08-04,https://lifeattiktok.com/search/7668862422178318597,,,,summer,2027
tiktok-software-engineer-intern-media-engine-2027,TikTok,Software Engineer Intern - Media Engine,software-engineering,,open,onsite,"San Jose, CA",USA,—,unknown,false,,2026-08-06,https://lifeattiktok.com/search/7670295535077427509,,masters,,summer,2027
tiktok-software-engineer-intern-ml-infra-2026,TikTok,Software Engineer Intern - ML Infra,machine-learning,,open,onsite,"San Jose, CA",USA,—,unknown,false,,2026-08-03,https://lifeattiktok.com/search/7668696895234197813,,phd,,fall,2026
tiktok-software-engineer-intern-recommendation-infrastructure-2026-e9cc52,TikTok,Software Engineer Intern - Recommendation Infrastructure,cloud,,closed,onsite,"San Jose, CA",USA,—,unknown,false,,2026-05-28,https://lifeattiktok.com/search/7534878965941766408,,masters,,fall,2026
tiktok-software-engineer-intern-recommendation-infrastructure-2026,TikTok,"Software Engineer Intern, Recommendation Infrastructure",cloud,,open,onsite,"Seattle, WA",USA,—,unknown,false,,2026-04-20,https://lifeattiktok.com/referral/tiktok/campus/position/7537493362585979154/detail?token=MzsxNzU3OTM3MTgyMDE1OzczNzM0OTcwMTcxNzQxMzIyNDA7MDsy,,,,fall,2026
tiktok-software-engineer-intern-social-friending-2027,TikTok,Software Engineer Intern - Social Friending,software-engineering,,open,onsite,"San Jose, CA",USA,—,unknown,false,,2026-08-03,https://lifeattiktok.com/search/7667935399050692917,,masters;phd,,summer,2027
tiktok-software-engineer-intern-transaction-platform-2027,TikTok,Software Engineer Intern - Transaction Platform,software-engineering,,open,onsite,"San Jose, CA",USA,—,unknown,false,,2026-08-04,https://lifeattiktok.com/search/7669943120351906053,,masters,,summer,2027
tiktok-software-engineer-intern-trust-and-safety-engineering-2027,TikTok,Software Engineer Intern - Trust and Safety Engineering,software-engineering,,open,onsite,"Seattle, WA",USA,—,unknown,false,,2026-08-03,https://lifeattiktok.com/search/7662684280234232117,,masters,,summer,2027
tiktok-strategy-product-manager-intern-platform-responsibility-2027,TikTok,Strategy Product Manager Intern - Platform Responsibility,product,,open,onsite,"San Jose, CA",USA,—,unknown,false,,2026-08-06,https://lifeattiktok.com/search/7670420287191517493,,masters,,summer,2027
tmeic-intern-applications-ai-and-machine-learning-2026,TMEIC,"Intern - Applications, AI and Machine Learning",machine-learning,,open,onsite,"Roanoke, VA",USA,—,no,false,,2026-05-01,https://apply.workable.com/tmeic-corporation-americas/j/FD4C9770FF/,,,,fall,2026
tmx-group-analyst-student-intern-market-insights-2026,TMX Group,Analyst Student Intern - Market Insights,software-engineering,,closed,onsite,Toronto,ON,—,unknown,false,,2026-08-01,https://tmx.wd3.myworkdayjobs.com/TMX_Careers/job/Toronto---100-Adelaide-St-W/Analyst--Market-Insights--Student-Intern_R-6125,,,,fall,2026
tmx-group-software-engineer-intern-java-2026,TMX Group,Software Engineer Intern - Java,software-engineering,,closed,onsite,Toronto,ON,—,unknown,false,,2026-07-14,https://tmx.wd3.myworkdayjobs.com/TMX_Careers/job/Toronto---100-Adelaide-St-W/Software-Engineer-Intern--Java-_R-6219,,,,fall,2026
together-ai-research-intern-inference-2026,Together AI,Research Intern - Inference,research,,closed,onsite,SF,USA,—,unknown,false,,2026-06-12,https://job-boards.greenhouse.io/togetherai/jobs/5157759007,,masters;phd,,fall,2026
together-ai-research-intern-model-shaping-2026,Together AI,Research Intern - Model Shaping,research,,open,onsite,SF,USA,—,unknown,false,,2026-06-16,https://job-boards.greenhouse.io/togetherai/jobs/5157661007,,masters;phd,,fall,2026
together-ai-systems-research-engineer-intern-gpu-programming-2026,Together AI,Systems Research Engineer Intern - GPU Programming,research,,open,onsite,SF,USA,—,unknown,false,,2026-06-12,https://job-boards.greenhouse.io/togetherai/jobs/5157559007,,,,fall,2026
torch-technologies-software-engineer-intern-2026,Torch Technologies,Software Engineer Intern,software-engineering,,closed,onsite,"Huntsville, AL",USA,—,unknown,false,,2026-07-16,https://starfish.wd501.myworkdayjobs.com/Careers/job/Huntsville-AL/Software-Engineer-Intern_R1381,,,,fall,2026
toshiba-commerce-solutions-ai-engineering-intern-2026,Toshiba Commerce Solutions,AI Engineering Intern,ai,,closed,onsite,"Frisco, TX",USA,—,no,false,,2026-07-27,https://job-boards.greenhouse.io/toshibaglobalcommercesolutions/jobs/5192820007,,,,fall,2026
toshiba-commerce-solutions-project-management-ai-automation-intern-2026,Toshiba Commerce Solutions,Project Management & AI Automation Intern,ai,,closed,onsite,"Frisco, TX",USA,—,no,false,,2026-07-27,https://job-boards.greenhouse.io/toshibaglobalcommercesolutions/jobs/5190937007,,,,fall,2026
toshiba-global-commerce-agentic-software-engineer-intern-2026,Toshiba Global Commerce,Agentic Software Engineer Intern,software-engineering,,closed,onsite,"Durham, NC",USA,—,unknown,false,,2026-07-27,https://job-boards.greenhouse.io/toshibaglobalcommercesolutions/jobs/5177892007,,,,fall,2026
toshiba-global-commerce-ai-product-management-intern-2026,Toshiba Global Commerce,AI Product Management Intern,ai,,closed,onsite,"Durham, NC",USA,—,unknown,false,,2026-07-27,https://job-boards.greenhouse.io/toshibaglobalcommercesolutions/jobs/5195826007,,,,fall,2026
toshiba-global-commerce-product-business-analytics-intern-2026,Toshiba Global Commerce,Product & Business Analytics Intern,software-engineering,,closed,onsite,"Durham, NC",USA,—,unknown,false,,2026-07-27,https://job-boards.greenhouse.io/toshibaglobalcommercesolutions/jobs/5195802007,,,,fall,2026
touchdown-labs-member-of-technical-staff-intern-2026,Touchdown Labs,Member of Technical Staff Intern,software-engineering,,open,onsite,"San Francisco, CA",USA,—,unknown,false,,2026-07-28,https://touchdown-labs.com/careers/mts-intern/?jr_id=6a68292c50dec41e3527e633,,,,fall,2026
tower-research-capital-quantitative-developer-intern-2027,Tower Research Capital,Quantitative Developer Intern,quant,,open,onsite,"Chicago, IL +2",USA,—,unknown,false,,2026-07-05,https://www.tower-research.com/open-positions/?gh_jid=8044334,,,,summer,2027
tower-research-capital-quantitative-trader-intern-2027,Tower Research Capital,Quantitative Trader Intern,quant,,closed,onsite,"Chicago, IL +1",USA,—,unknown,false,,2026-07-05,https://www.tower-research.com/open-positions/?gh_jid=8024128,,masters;phd,,summer,2027
transmarket-group-algorithmic-trader-intern-2026,TransMarket Group,Algorithmic Trader Intern,software-engineering,,open,onsite,"Chicago, IL",USA,—,unknown,false,,2026-08-03,https://job-boards.greenhouse.io/transmarketgroup/jobs/5151581007?gh_jid=5151581007,,masters;phd,,fall,2026
transmarket-group-devops-sre-intern-2026,TransMarket Group,DevOps/SRE Intern,cloud,,open,onsite,"Chicago, IL",USA,—,unknown,false,,2026-07-24,https://job-boards.greenhouse.io/transmarketgroup/jobs/5151577007,,,,fall,2026
transmarket-group-quantitative-trader-intern-2026,TransMarket Group,Quantitative Trader Intern,quant,,open,onsite,"Chicago, IL",USA,—,unknown,false,,2026-07-24,https://job-boards.greenhouse.io/transmarketgroup/jobs/5151569007,,,,fall,2026
transmarket-group-quantitative-trader-intern-2027,TransMarket Group,Quantitative Trader Intern,quant,,open,onsite,"Chicago, IL",USA,—,unknown,false,,2026-06-02,https://job-boards.greenhouse.io/transmarketgroup/jobs/5151569007?gh_jid=5151569007,,masters;phd,,spring,2027
trata-research-scientist-intern-2027,Trata,Research Scientist Intern,research,,open,onsite,"San Francisco, CA +1",USA,—,no,true,,2026-05-14,https://www.workatastartup.com/jobs/94620,,,,summer,2027
trend-micro-malware-research-intern-2026,Trend Micro,Malware Research Intern,research,,open,onsite,Toronto,ON,—,unknown,false,,2026-07-22,https://trendmicro.wd3.myworkdayjobs.com/External/job/Toronto/Malware-Research-Intern_R0009997,,,,fall,2026
trillium-equity-trader-intern-2027-c03440,Trillium,Equity Trader Intern,software-engineering,,open,onsite,"Chicago, IL",USA,—,unknown,false,,2026-07-24,https://www.trlm.com/apply/5076017007?gh_jid=5076017007,,masters,,summer,2027
trillium-equity-trader-intern-2027-d109f0,Trillium,Equity Trader Intern,software-engineering,,open,onsite,"Miami, FL",USA,—,unknown,false,,2026-07-24,https://www.trlm.com/apply/5076067007?gh_jid=5076067007,,masters,,summer,2027
trillium-equity-trader-intern-2027,Trillium,Equity Trader Intern,software-engineering,,open,onsite,"Miami, FL +2",USA,—,unknown,false,,2026-07-24,https://www.trlm.com/apply/5076003007?gh_jid=5076003007,,masters,,summer,2027
trillium-software-engineer-intern-summer-2027-2027,Trillium,Software Engineer Intern - Summer 2027,software-engineering,,open,onsite,NYC,USA,—,unknown,false,,2026-08-07,https://www.trlm.com/apply/5207089007?gh_jid=5207089007,,,,summer,2027
truist-bank-analyst-intern-conversion-multiple-teams-2026,Truist Bank,Analyst Intern Conversion - Multiple Teams,software-engineering,,closed,onsite,NYC,USA,—,unknown,false,,2026-08-11,https://truist.wd1.myworkdayjobs.com/en-US/Careers/job/New-York-NY/XMLNAME-2027-Truist-Securities---Equity-S-T--Sales--Trading---Research----Analyst-Program--INTERN-CONVERSION-_R0117763-1,,,,fall,2026
truist-bank-analyst-intern-equity-research-sales-trading-research-2026,Truist Bank,"Analyst Intern - Equity Research - Sales, Trading & Research",quant,,closed,onsite,NYC +1,USA,—,unknown,false,,2026-08-11,https://truist.wd1.myworkdayjobs.com/en-US/Careers/job/Atlanta-GA/XMLNAME-2027-Truist-Securities---Equity-Research--Sales--Trading---Research----Analyst-Program--INTERN-CONVERSION-_R0117762-1,,,,fall,2026
truist-bank-fixed-income-loans-s-t-intern-sales-trading-research-analyst-2026,Truist Bank,"Fixed Income Loans S&T Intern - Sales, Trading & Research - Analyst Program",quant,,open,onsite,NYC,USA,—,unknown,false,,2026-08-11,https://truist.wd1.myworkdayjobs.com/en-US/Careers/job/New-York-NY/XMLNAME-2027-Truist-Securities---Fixed-Income-Loans-S-T--Sales--Trading---Research----Analyst-Program--INTERN-CONVERSION-_R0117765-1,,,,fall,2026
truist-bank-technology-and-operations-intern-conversion-data-2027,Truist Bank,Technology and Operations Intern Conversion - Data,software-engineering,,open,onsite,"Charlotte, NC +1",USA,—,unknown,false,,2026-08-10,https://truist.wd1.myworkdayjobs.com/en-US/Careers/job/Charlotte-NC/XMLNAME-2027-Technology--Data--and-Operations-Internship---Intern-Conversion-_R0117276,,masters,,summer,2027
truland-equipment-power-platform-intern-2026,Truland Equipment,Power Platform Intern,software-engineering,,closed,onsite,"Fort Wayne, IN",USA,—,unknown,false,,2026-06-30,https://www.trulandequip.com/about-us/careers/?gh_jid=5174621007,,,,fall,2026
turabify-ai-automation-intern-2026,Turabify,AI Automation Intern,ai,,open,onsite,"Franklin, OH",USA,—,unknown,false,,2026-08-08,https://apply.workable.com/turabify-co/j/0B50CC0D49/apply,,,,fall,2026
two-sigma-ai-research-scientist-intern-2027-summer-2027,Two Sigma,AI Research Scientist Intern - 2027 Summer,ai,,open,onsite,NYC,USA,—,unknown,false,,2026-08-02,https://twosigma.avature.net/careers/JobDetail/14096,,masters;phd,,summer,2027
two-sigma-quantitative-researcher-intern-2027,Two Sigma,Quantitative Researcher Intern,quant,,open,onsite,NYC,USA,—,unknown,false,,2026-08-02,https://twosigma.avature.net/careers/JobDetail/13945,,masters;phd,,summer,2027
two-six-technologies-china-subject-matter-expert-intern-2026,Two Six Technologies,China Subject Matter Expert Intern,software-engineering,,closed,remote,Remote,,—,unknown,false,,2026-07-02,https://job-boards.greenhouse.io/twosixtechnologies/jobs/6105290004,,,,fall,2026
uber-software-engineering-intern-2026,Uber,Software Engineering Intern,software-engineering,,open,onsite,"San Francisco, CA",USA,—,unknown,false,,2026-05-09,https://university-uber.icims.com/jobs/159161/job?mobile=false&width=1270&height=500&bga=true&needsRedirect=false&jan1offset=-300&jun1offset=-240,,,,fall,2026
uhy-data-operations-intern-2027,UHY,Data Operations Intern,software-engineering,,open,onsite,"Kansas City, MO",USA,—,unknown,false,,2026-08-11,https://uhyus.wd12.myworkdayjobs.com/uhy/job/Kansas-City-MO/XMLNAME-2027-Data-Operations-Winter-Internship---Kansas-City_JR102226,,,,winter,2027
uline-business-intelligence-developer-intern-2027,Uline,Business Intelligence Developer Intern,software-engineering,,open,onsite,"Waukegan, IL +4",USA,—,unknown,false,,2026-08-03,https://uline.wd1.myworkdayjobs.com/en-US/Uline_Careers/job/Pleasant-Prairie-WI/Business-Intelligence-Developer-Internship---Summer-2027_R265685,,masters,,summer,2027
uline-database-administrator-intern-2027,Uline,Database Administrator Intern,software-engineering,,open,onsite,"Waukegan, IL +4",USA,—,unknown,false,,2026-08-03,https://uline.wd1.myworkdayjobs.com/en-US/Uline_Careers/job/Pleasant-Prairie-WI/Database-Administrator-Internship---Summer-2027_R265687,,masters,,summer,2027
uline-financial-data-analyst-intern-2027,Uline,Financial Data Analyst Intern,software-engineering,,open,onsite,"Waukegan, IL +4",USA,—,unknown,false,,2026-08-03,https://uline.wd1.myworkdayjobs.com/en-US/Uline_Careers/job/Pleasant-Prairie-WI/Financial-Data-Analyst-Internship---Summer-2027_R265665,,,,summer,2027
uline-operations-analyst-intern-2027,Uline,Operations Analyst Intern,software-engineering,,open,onsite,"Waukegan, IL +4",USA,—,unknown,false,,2026-08-03,https://uline.wd1.myworkdayjobs.com/en-US/Uline_Careers/job/Pleasant-Prairie-WI/Operations-Analyst-Internship---Summer-2027_R265822,,,,summer,2027
uline-product-management-intern-2027,Uline,Product Management Intern,product,,open,onsite,"Waukegan, IL +4",USA,—,unknown,false,,2026-08-03,https://uline.wd1.myworkdayjobs.com/en-US/Uline_Careers/job/Pleasant-Prairie-WI/Product-Management-Internship---Summer-2027_R265939,,,,summer,2027
uline-software-development-intern-2027,Uline,Software Development Intern,software-engineering,,open,onsite,"Waukegan, IL +4",USA,—,unknown,false,,2026-08-03,https://uline.wd1.myworkdayjobs.com/en-US/Uline_Careers/job/Pleasant-Prairie-WI/Software-Development-Internship---Summer-2027_R265684,,,,summer,2027
umb-it-blockchain-intern-2026,UMB,IT Blockchain Intern,software-engineering,,open,onsite,"Kansas City, MO",USA,—,unknown,false,,2026-06-13,https://umb.wd1.myworkdayjobs.com/UMBExternal/job/Kansas-City-MO/IT-Blockchain-Intern_R-8444,,masters,,fall,2026
uncountable-full-stack-intern-2026,Uncountable,Full-Stack Intern,software-engineering,,open,onsite,London +3,UK,—,unknown,false,,2026-03-25,https://jobs.ashbyhq.com/uncountable/b9495eab-c04c-4333-b338-7dabdbddcaae/application,,,,fall,2026
university-of-nevada-reno-web-development-intern-marketing-communications-2026,"University of Nevada, Reno",Web Development Intern - Marketing & Communications,software-engineering,,open,onsite,"Reno, NV",USA,—,unknown,false,,2026-06-27,https://nshe.wd1.myworkdayjobs.com/UNR-external/job/University-of-Nevada-Reno---Main-Campus/Student-Worker---Web-Development-Intern--Marketing---Communications_R0152288,,,,fall,2026
university-of-texas-at-austin-video-and-analytics-intern-baseball-2026,University of Texas at Austin,Video and Analytics Intern - Baseball,software-engineering,,open,onsite,"Austin, TX",USA,—,unknown,false,,2026-07-30,https://utaustin.wd1.myworkdayjobs.com/utstudent/job/UT-MAIN-CAMPUS/Video-and-Analytics-Intern--Baseball_R_00047706,,,,fall,2026
university-of-virginia-graduate-research-intern-2026,University of Virginia,Graduate Research Intern,research,,closed,onsite,"Charlottesville, VA",USA,—,unknown,false,,2026-07-21,https://uva.wd1.myworkdayjobs.com/uvastudentjobs/job/Charlottesville-VA/CPSJ-Graduate-Research-Intern--Student-Wage-_R0085307,,,,fall,2026
university-of-virginia-investment-management-company-uvimco-investment-analyst-intern-2027,University of Virginia Investment Management Company (UVIMCO),Investment Analyst Intern,software-engineering,,open,onsite,"Charlottesville, VA",USA,—,unknown,false,,2026-07-29,https://job-boards.greenhouse.io/uvimco/jobs/5300713008,,,,summer,2027
university-system-of-new-hampshire-robotics-intern-2026,University System of New Hampshire,Robotics Intern,software-engineering,,open,onsite,"Durham, NH",USA,—,unknown,false,,2026-08-11,https://usnh.wd5.myworkdayjobs.com/Careers/job/University-of-New-Hampshire--Main-Campus/Research-Intern_JR8972,,masters,,fall,2026
us-acute-care-solutions-people-analytics-intern-2026,US Acute Care Solutions,People Analytics Intern,software-engineering,,closed,onsite,Ohio,USA,—,unknown,false,,2026-08-05,https://usacs.wd1.myworkdayjobs.com/usacscareers/job/Virtual-OH/People-Analytics-Intern_R0002363,,,,fall,2026
valstad-robotics-software-intern-manipulation-simulation-2026,Valstad,Robotics Software Intern - Manipulation & Simulation,software-engineering,,open,onsite,"Austin, TX",USA,—,unknown,false,,2026-08-05,https://jobs.ashbyhq.com/valstad/8478558b-c5b5-43d2-b9c0-eae7a1fb30d8/application?embed=true,,masters;phd,,fall,2026
valstad-software-engineer-intern-3d-manufacturing-applications-2026,Valstad,Software Engineer Intern - 3D & Manufacturing Applications,software-engineering,,open,onsite,"Austin, TX",USA,—,unknown,false,,2026-08-05,https://jobs.ashbyhq.com/valstad/7ff6d452-969f-43a6-9127-d153025e6aea/application?embed=true,,masters,,fall,2026
varda-space-applications-engineer-intern-2027,Varda Space,Applications Engineer Intern,software-engineering,,open,onsite,"El Segundo, CA",USA,—,unknown,false,,2026-08-07,https://job-boards.greenhouse.io/vardaspace/jobs/7824822003,,,,spring,2027
varda-space-flight-software-intern-spring-2027-2027,Varda Space,Flight Software Intern - Spring 2027,software-engineering,,open,onsite,"El Segundo, CA",USA,—,unknown,false,,2026-08-07,https://job-boards.greenhouse.io/vardaspace/jobs/7824815003,,,,spring,2027
varda-space-mission-software-intern-python-2026,Varda Space,Mission Software – Intern - Python,software-engineering,,closed,onsite,"El Segundo, CA",USA,—,unknown,false,,2026-03-24,https://job-boards.greenhouse.io/vardaspace/jobs/7676465003,,,,fall,2026
veeam-software-software-engineering-intern-platform-security-ai-2027,Veeam Software,"Software Engineering Intern, Platform, Security & AI",ai,,open,onsite,"San Jose, CA",USA,—,unknown,false,,2026-05-09,https://job-boards.eu.greenhouse.io/veeamsoftware/jobs/4857832101,,,,summer,2027
veeam-software-software-engineering-intern-policy-engineering-2027,Veeam Software,"Software Engineering Intern, Policy Engineering",software-engineering,,open,onsite,"San Jose, CA",USA,—,unknown,false,,2026-05-09,https://job-boards.eu.greenhouse.io/veeamsoftware/jobs/4857828101,,,,summer,2027
veeda-ai-ai-scientist-intern-veeda-ai-scientist-2026,Veeda AI,AI Scientist Intern - Veeda AI Scientist,ai,,open,onsite,"Seattle, WA +2",USA,—,unknown,false,,2026-07-21,https://jobs.ashbyhq.com/veeda-labs/58cc42fb-1d6f-4e5f-860d-3b97bdccc6f4/application?embed=true,,,,fall,2026
vega-investment-technologies-product-operations-intern-2026,Vega Investment Technologies,Product Operations Intern,software-engineering,,open,onsite,London,UK,—,unknown,false,,2026-07-20,https://jobs.ashbyhq.com/vega/ebce385f-d4d3-4a39-a999-e048877a81e4/application?embed=true,,,,fall,2026
veralto-machine-learning-co-op-intern-2026,Veralto,Machine Learning Co-op Intern,machine-learning,,closed,onsite,Vancouver,BC,—,unknown,false,,2026-07-23,https://veralto.wd1.myworkdayjobs.com/hachjobs/job/London-Ontario-Canada/Aquatic-Informatics---Machine-Learning-Co-Op--Intern-_R10267571,,,,fall,2026
verkada-technical-support-engineering-intern-fall-2026-2027,Verkada,Technical Support Engineering Intern - Fall 2026,software-engineering,,closed,onsite,San Mateo,USA,—,unknown,false,,2026-01-09,https://job-boards.greenhouse.io/verkada/jobs/5017082007,,,,summer,2027
verne-robotics-engineering-intern-2026,Verne Robotics,Engineering Intern,software-engineering,,open,onsite,"San Bruno, CA",USA,—,unknown,false,,2026-07-04,https://jobs.ashbyhq.com/Verne%20Robotics/bb78cdd4-449b-49f0-bd10-2c62fc85f83b/application,,masters;phd,,fall,2026
vertiv-product-management-intern-2027,Vertiv,Product Management Intern,product,,open,onsite,"Westerville, OH",USA,—,unknown,false,,2026-08-10,https://egup.fa.us2.oraclecloud.com/hcmUI/CandidateExperience/en/sites/CX/job/20278933,,,,summer,2027
vertiv-software-engineer-intern-2027,Vertiv,Software Engineer Intern,software-engineering,,closed,onsite,"Delaware, OH",USA,—,unknown,false,,2026-08-10,https://egup.fa.us2.oraclecloud.com/hcmUI/CandidateExperience/en/sites/CX/job/20278777,,,,summer,2027
vertiv-thermal-application-engineer-intern-summer-2027-2027,Vertiv,Thermal Application Engineer Intern - Summer 2027,software-engineering,,open,onsite,"Westerville, OH",USA,—,unknown,false,,2026-08-05,https://egup.fa.us2.oraclecloud.com/hcmUI/CandidateExperience/en/sites/CX/job/20278512,,,,summer,2027
vertiv-thermal-engineer-intern-summer-2027-2027,Vertiv,Thermal Engineer Intern - Summer 2027,software-engineering,,open,onsite,"Westerville, OH",USA,—,unknown,false,,2026-08-10,https://egup.fa.us2.oraclecloud.com/hcmUI/CandidateExperience/en/sites/CX/job/20278813,,,,summer,2027
vetsez-full-stack-developer-intern-2026,VetsEZ,Full Stack Developer Intern,software-engineering,,open,remote,Remote,,—,unknown,false,,2026-06-24,https://vetsez.breezy.hr/p/a4010fdb3a7001-full-stack-developer-intern-remote-opportunity,,,,fall,2026
viavi-solutions-software-development-data-analytics-intern-2026,Viavi Solutions,Software Development Data Analytics Intern,software-engineering,,closed,remote,Remote,,—,unknown,false,,2026-07-17,https://viavisolutions.wd1.myworkdayjobs.com/careers/job/Home-Office-USA/SW-Development-Intern-Data-Analytics_260004919-1,,,,fall,2026
virtu-financial-2027-internship-core-operations-engineer-2027,Virtu Financial,2027 Internship – Core Operations Engineer,quant,,open,onsite,Singapore,USA,—,unknown,false,,2022-08-15,https://job-boards.greenhouse.io/virtu/jobs/6329460002,,,,summer,2027
virtu-financial-2027-internship-frontend-engineer-ui-2027,Virtu Financial,2027 Internship - Frontend Engineer (UI),design,,open,onsite,New York +2,USA,—,unknown,false,,2026-07-29,https://job-boards.greenhouse.io/virtu/jobs/8657500002,,,,summer,2027
virtu-financial-2027-internship-hardware-engineer-fpga-2027,Virtu Financial,2027 Internship- Hardware Engineer (FPGA),hardware,,open,onsite,"Austin, TX",USA,—,unknown,false,,2026-07-29,https://job-boards.greenhouse.io/virtu/jobs/8657286002,,masters,,summer,2027
virtu-financial-2027-internship-quantitative-researcher-master-or-phd-2027,Virtu Financial,2027 Internship - Quantitative Researcher (Master or PhD),quant,,open,onsite,Dublin,USA,—,unknown,false,,2026-07-14,https://job-boards.greenhouse.io/virtu/jobs/8631180002,,,,summer,2027
virtu-financial-2027-internship-quantitative-researcher-phd-2027,Virtu Financial,2027 Internship - Quantitative Researcher (PhD),quant,,open,onsite,New York +1,USA,—,unknown,false,,2026-07-22,https://job-boards.greenhouse.io/virtu/jobs/8624424002,,phd,,summer,2027
virtu-financial-2027-internship-quantitative-researcher-undergrad-2027,Virtu Financial,2027 Internship - Quantitative Researcher (Undergrad),quant,,open,onsite,New York +1,USA,—,unknown,false,,2025-09-12,https://job-boards.greenhouse.io/virtu/jobs/8142539002,,,,summer,2027
virtu-financial-2027-internship-quantitative-strategist-2027,Virtu Financial,2027 Internship - Quantitative Strategist,quant,,open,onsite,Singapore,USA,—,unknown,false,,2024-08-30,https://job-boards.greenhouse.io/virtu/jobs/7617953002,,,,summer,2027
virtu-financial-2027-internship-quantitative-trading-2027-29dd2a,Virtu Financial,2027 Internship - Quantitative Trading,quant,,open,onsite,"Austin, TX +3",USA,—,unknown,false,,2026-07-21,https://job-boards.greenhouse.io/virtu/jobs/8624408002,,,,summer,2027
virtu-financial-2027-internship-quantitative-trading-2027-9456e2,Virtu Financial,2027 Internship - Quantitative Trading,quant,,open,onsite,Dublin,USA,—,unknown,false,,2026-07-01,https://job-boards.greenhouse.io/virtu/jobs/8547254002,,,,summer,2027
virtu-financial-2027-internship-quantitative-trading-2027,Virtu Financial,2027 Internship - Quantitative Trading,quant,,open,onsite,Singapore,USA,—,unknown,false,,2021-04-16,https://job-boards.greenhouse.io/virtu/jobs/5208637002,,,,summer,2027
virtu-financial-2027-internship-software-engineer-2027-99c39c,Virtu Financial,2027 Internship - Software Engineer,quant,,open,onsite,"Austin, TX +2",USA,—,unknown,false,,2026-07-21,https://job-boards.greenhouse.io/virtu/jobs/8624410002,,,,summer,2027
virtu-financial-2027-internship-software-engineer-2027-d06312,Virtu Financial,2027 Internship - Software Engineer,quant,,open,onsite,Dublin,USA,—,unknown,false,,2026-07-20,https://job-boards.greenhouse.io/virtu/jobs/8551566002,,,,summer,2027
virtu-financial-2027-internship-software-engineer-2027,Virtu Financial,2027 Internship – Software Engineer,quant,,open,onsite,Singapore,USA,—,unknown,false,,2021-08-31,https://job-boards.greenhouse.io/virtu/jobs/5513756002,,,,summer,2027
vital-lyfe-software-engineer-intern-2026,Vital Lyfe,Software Engineer Intern,software-engineering,,open,onsite,"Carson, CA",USA,—,unknown,false,,2026-07-09,https://jobs.ashbyhq.com/vital-lyfe/43a79d8f-a8bb-4c57-a411-1bac946128af/application,,,,fall,2026
vital-lyfe-software-engineering-intern-2026,VITAL LYFE,Software Engineering Intern,software-engineering,,open,onsite,"Los Angeles, CA",USA,—,unknown,false,,2026-07-10,https://jobs.ashbyhq.com/vital-lyfe/43a79d8f-a8bb-4c57-a411-1bac946128af,,,,fall,2026
voloridge-quantitative-developer-intern-2026,Voloridge,Quantitative Developer Intern,quant,,open,onsite,"Jupiter, FL",USA,—,unknown,false,,2026-07-14,https://job-boards.greenhouse.io/voloridgeinvestmentmanagement/jobs/4224862009,,masters;phd,,fall,2026
voloridge-quantitative-research-intern-2027,Voloridge,Quantitative Research Intern,quant,,open,onsite,"Jupiter, FL",USA,—,unknown,false,,2026-07-14,https://job-boards.greenhouse.io/voloridgeinvestmentmanagement/jobs/4226247009,,,,summer,2027
voloridge-investment-management-quantitative-developer-intern-2027,Voloridge Investment Management,Quantitative Developer Intern,quant,,open,onsite,"Jupiter, FL",USA,—,unknown,false,,2026-05-23,https://voloridge-investment-management.hiringthing.com/job/1013126/quantitative-developer-intern-2027?s=lif&jr_id=69eaa8e4dc35f7132c4ab803,,,,summer,2027
walleye-capital-central-equity-quant-research-intern-ceqr-2027,Walleye Capital,Central Equity Quant Research Intern - Ceqr,quant,,closed,onsite,NYC,USA,—,unknown,false,,2026-06-10,https://job-boards.greenhouse.io/walleyecapital-external-students/jobs/4676069006,,,,summer,2027
walleye-capital-equity-volatility-quant-researcher-intern-2027,Walleye Capital,Equity Volatility Quant Researcher Intern,quant,,open,onsite,"Miami, FL",USA,—,unknown,false,,2026-06-10,https://job-boards.greenhouse.io/walleyecapital-external-students/jobs/4676334006,,,,summer,2027
walleye-capital-investment-data-science-intern-2027,Walleye Capital,Investment Data Science Intern,data-science,,closed,onsite,"New York, NY",USA,—,unknown,false,,2026-07-24,https://job-boards.greenhouse.io/walleyecapital-external-students/jobs/4676587006,,masters,,summer,2027
walleye-capital-phd-quantitative-researcher-intern-2027,Walleye Capital,PhD Quantitative Researcher Intern,quant,,open,onsite,"Boston, MA",USA,—,unknown,false,,2026-06-10,https://job-boards.greenhouse.io/walleyecapital-external-students/jobs/4679184006,,phd,,summer,2027
walleye-capital-quantic-quantitative-researcher-intern-2027,Walleye Capital,Quantic – Quantitative Researcher Intern,quant,,closed,onsite,"Boston, MA",USA,—,unknown,false,,2026-06-10,https://job-boards.greenhouse.io/walleyecapital-external-students/jobs/4679173006,,,,summer,2027
walleye-capital-quantitative-developer-intern-2027,Walleye Capital,Quantitative Developer Intern,quant,,open,onsite,"Boston, MA",USA,—,unknown,false,,2026-06-10,https://job-boards.greenhouse.io/walleyecapital-external-students/jobs/4679168006,,masters,,summer,2027
walleye-capital-risk-technology-analyst-intern-2027,Walleye Capital,Risk Technology Analyst Intern,software-engineering,,closed,onsite,"New York, NY",USA,—,unknown,false,,2026-07-24,https://job-boards.greenhouse.io/walleyecapital-external-students/jobs/4679224006,,masters,,summer,2027
walleye-capital-technology-intern-2027,Walleye Capital,Technology Intern,software-engineering,,closed,onsite,"New York, NY",USA,—,unknown,false,,2026-07-24,https://job-boards.greenhouse.io/walleyecapital-external-students/jobs/4681002006,,,,summer,2027
walleye-capital-volatility-trading-developer-intern-2027,Walleye Capital,Volatility Trading Developer Intern,quant,,closed,onsite,NYC,USA,—,unknown,false,,2026-06-10,https://job-boards.greenhouse.io/walleyecapital-external-students/jobs/4679434006,,masters,,summer,2027
wallstreetquants-quantitative-researcher-intern-2026,WallStreetQuants,Quantitative Researcher Intern,quant,,open,onsite,NYC,USA,—,unknown,false,,2026-08-08,https://apply.workable.com/wallstreetquants/j/494E392FD3/apply,,,,fall,2026
wallstreetquants-quantitative-trading-intern-2026,WallStreetQuants,Quantitative Trading Intern,quant,,open,onsite,"Miami, FL",USA,—,unknown,false,,2026-08-08,https://apply.workable.com/wallstreetquants/j/8CB119E789/apply,,,,fall,2026
warner-bros-research-analytics-internships-multiple-teams-2026,Warner Bros.,Research & Analytics Internships - Multiple Teams,research,,open,onsite,"Atlanta, GA",USA,—,unknown,false,,2026-08-11,https://warnerbros.wd5.myworkdayjobs.com/global/job/GA-Atlanta-1050-Techwood-Drive-NW/Research---Analytics-Internships--ATL---Fall-2026_R000107483,,,,fall,2026
warner-bros-research-analytics-strategy-intern-2026,Warner Bros.,"Research, Analytics & Strategy Intern",research,,open,onsite,NYC,USA,—,unknown,false,,2026-07-23,https://warnerbros.wd5.myworkdayjobs.com/global/job/NY-New-York-30-Hudson-Yards/Research--Analytics---Strategy-Internships--NYC---Fall-2026_R000107153,,,,fall,2026
warner-bros-sports-growth-strategy-and-data-intern-2026,Warner Bros.,Sports Growth Strategy and Data Intern,software-engineering,,open,onsite,"Atlanta, GA",USA,—,unknown,false,,2026-07-23,https://warnerbros.wd5.myworkdayjobs.com/global/job/GA-Atlanta-1050-Techwood-Drive-NW/Sports-Growth-Strategy-and-Data-Internships--ATL---Fall-2026_R000107173,,,,fall,2026
wells-fargo-corporate-risk-development-program-intern-core-risk-early-ca-2027,Wells Fargo,Corporate Risk Development Program Intern - Core Risk - Early Careers,software-engineering,,closed,onsite,"Charlotte, NC",USA,—,unknown,false,,2026-07-06,https://wd1.myworkdaysite.com/recruiting/wf/WellsFargoJobs/job/CHARLOTTE-NC/XMLNAME-2027-Corporate-Risk-Development-Program-Summer-Internship--Core-Risk----Early-Careers_R-556123,,,,summer,2027
western-digital-failure-analysis-automation-engineer-intern-failure-analysis-2026,Western Digital,Failure Analysis Automation Engineer Intern - Failure Analysis Automation Engineering,software-engineering,,open,onsite,"San Jose, CA",USA,—,unknown,false,,2026-07-23,https://jobs.smartrecruiters.com/WesternDigital/744000139338269,,masters,,fall,2026
western-digital-hardware-engineering-intern-2027,Western Digital,Hardware Engineering Intern,hardware,,open,onsite,"Fremont, CA +5",USA,—,unknown,false,,2026-07-31,https://jobs.smartrecruiters.com/WesternDigital/744000140949875,,masters;phd,,summer,2027
western-digital-software-engineer-intern-2027,Western Digital,Software Engineer Intern,software-engineering,,open,onsite,"Fremont, CA +5",USA,—,unknown,false,,2026-07-20,https://jobs.smartrecruiters.com/WesternDigital/744000138727213,,masters,,summer,2027
wgu-data-support-engineer-intern-2026,WGU,Data Support Engineer Intern,software-engineering,,closed,onsite,"Salt Lake City, UT",USA,—,unknown,false,,2026-08-05,https://wgu.wd5.myworkdayjobs.com/External/job/Salt-Lake-City-UT/Data-Support-Engineer-Intern_JR-025859,,,,fall,2026
williams-engineering-intern-2027,Williams,Engineering Intern,software-engineering,,closed,onsite,"Salt Lake City, UT +2",USA,—,unknown,false,,2026-08-03,https://williams.wd5.myworkdayjobs.com/External/job/OK-Tulsa---Headquarters/Summer-2027-Return-Engineering-Intern_R112502,,masters,,summer,2027
windborne-systems-firmware-intern-2026,WindBorne Systems,Firmware Intern,embedded,,open,onsite,"San Carlos, CA",USA,—,unknown,false,,2026-07-06,https://jobs.ashbyhq.com/windborne-systems/75c5c65c-8179-4ca0-9659-39bf0f8f7b8b/application,,,,fall,2026
winland-foods-product-development-intern-2027,Winland Foods,Product Development Intern,software-engineering,,open,onsite,"Oak Brook, IL",USA,—,unknown,false,,2026-08-05,https://winlandfoods.wd1.myworkdayjobs.com/external/job/USA-IL-Oak-Brook/Product-Development-Intern_R28807,,,,summer,2027
workato-intern-ai-engineering-2027,Workato,Intern AI Engineering,ai,,open,onsite,SF,USA,—,unknown,false,,2026-04-10,https://job-boards.greenhouse.io/workato/jobs/8492935002,,masters;phd,,spring,2027
wsp-business-intelligence-intern-2026,WSP,Business Intelligence Intern,software-engineering,,open,onsite,Toronto +1,ON,—,unknown,false,,2026-08-07,https://emit.fa.ca3.oraclecloud.com/hcmUI/CandidateExperience/en/sites/CX_2001/job/92595,,,,fall,2026
wsp-software-developer-intern-2027,WSP,Software Developer Intern,software-engineering,,open,onsite,"Dallas, TX",USA,—,unknown,false,,2026-05-12,https://emit.fa.ca3.oraclecloud.com/hcmUI/CandidateExperience/en/sites/CX_2001/job/86808,,,,summer,2027
x-development-phd-residency-intern-operations-research-and-optimization-2026,X Development,PhD Residency Intern - Operations Research and Optimization,research,,closed,onsite,"Mountain View, CA",USA,—,unknown,false,,2026-04-20,https://x.company/careers/8511395002?gh_jid=8511395002,,phd,,fall,2026
x-development-phd-residency-intern-physical-ml-hardware-in-the-loop-future-2026,X Development,PhD Residency Intern - Physical ML & Hardware-in-the-Loop - Future of Compute,machine-learning,,open,onsite,"Mountain View, CA",USA,—,unknown,false,,2026-07-02,https://x.company/careers/8616839002?gh_jid=8616839002,,phd,,fall,2026
xsolla-ai-engineer-intern-2026,Xsolla,AI Engineer Intern,ai,,open,onsite,Montreal,QC,—,unknown,false,,2026-07-10,https://jobs.lever.co/xsolla/5ec8e8f7-ed75-4697-a1c0-28a026f2e571/apply,,,,fall,2026
xsolla-ai-first-engineer-intern-2026-30d479,Xsolla,AI-First Engineer Intern,ai,,open,onsite,LA,USA,—,unknown,false,,2026-07-20,https://jobs.lever.co/xsolla/7a8f8d4c-10fc-4c64-bc9d-167ba1e367c4/apply,,,,fall,2026
xsolla-ai-first-engineer-intern-2026-77a1d6,Xsolla,AI-First Engineer Intern,ai,,open,onsite,"Raleigh, NC",USA,—,unknown,false,,2026-07-10,https://jobs.lever.co/xsolla/5d5fd6b3-d82f-437a-b251-abf4674ac874/apply,,,,fall,2026
xsolla-ai-first-engineer-intern-2026,Xsolla,AI-First Engineer Intern,ai,,open,onsite,LA,USA,—,unknown,false,,2026-07-10,https://jobs.lever.co/xsolla/1c0e5375-2352-4a2c-a816-48ddebbdd3d6/apply,,,,fall,2026
xtx-markets-philanthropy-intern-2026,XTX Markets,Philanthropy Intern,software-engineering,,closed,onsite,London,UK,—,unknown,false,,2026-07-28,https://job-boards.greenhouse.io/xtxmarketstechnologies/jobs/7819416003,,,,fall,2026
yotta-labs-research-engineer-intern-2026,Yotta Labs,Research Engineer Intern,research,,open,remote,Remote,,—,unknown,false,,2026-08-04,https://jobs.ashbyhq.com/yotta/09821a51-fbe6-42a7-a566-0d2b5d40fae3,,,,fall,2026
yotta-labs-research-engineer-intern-ai-systems-2026,Yotta Labs,Research Engineer Intern - AI Systems,ai,,open,remote,Remote,,—,unknown,false,,2026-08-02,https://jobs.ashbyhq.com/yotta/09821a51-fbe6-42a7-a566-0d2b5d40fae3/application?embed=true,,masters;phd,,fall,2026
zello-analytics-intern-2026,Zello,Analytics Intern,software-engineering,,open,onsite,"Austin, TX",USA,—,unknown,false,,2026-07-31,https://jobs.ashbyhq.com/Zello/3453d476-7b75-4938-8cff-502d1575859b/application?embed=true,,,,fall,2026
zgf-architects-technology-intern-2026,ZGF Architects,Technology Intern,software-engineering,,closed,onsite,"Portland, OR",USA,—,unknown,false,,2026-08-03,https://zgfarchitects.applytojob.com/apply/uqHC8SCmq2/Technology-Intern,,,,fall,2026
zipline-applications-engineer-intern-2026,Zipline,Applications Engineer Intern,software-engineering,,closed,onsite,"San Bruno, CA",USA,—,unknown,false,,2026-06-08,https://www.zipline.com/open-roles?gh_jid=7765099003,,masters;phd,,fall,2026
zipline-embedded-software-engineer-intern-2026,Zipline,Embedded Software Engineer Intern,embedded,,open,onsite,"San Bruno, CA",USA,—,unknown,false,,2026-06-06,https://www.zipline.com/careers?gh_jid=7765240003,,masters;phd,,fall,2026
zipline-enterprise-systems-software-engineer-intern-2026,Zipline,Enterprise Systems Software Engineer Intern,software-engineering,,open,onsite,"San Bruno, CA",USA,—,unknown,false,,2026-06-10,https://www.zipline.com/careers?gh_jid=7767667003,,masters;phd,,fall,2026
zipline-maps-intern-2026,Zipline,Maps Intern,software-engineering,,closed,onsite,"San Bruno, CA",USA,—,unknown,false,,2026-06-27,https://www.zipline.com/open-roles?gh_jid=7787868003,,masters;phd,,fall,2026
zipline-mechatronics-perception-intern-fall-2026-2026,Zipline,Mechatronics Perception Intern - Fall 2026,software-engineering,,open,onsite,South SF,USA,—,unknown,false,,2026-06-05,https://www.zipline.com/open-roles?gh_jid=7763697003,,masters;phd,,fall,2026
zipline-perception-intern-2026,Zipline,Perception Intern,software-engineering,,closed,onsite,"Dallas, TX +1",USA,—,unknown,false,,2026-06-03,https://www.zipline.com/careers?gh_jid=7761650003,,,,fall,2026
zipline-software-engineer-intern-2026,Zipline,Software Engineer Intern,software-engineering,,closed,onsite,"San Bruno, CA",USA,—,unknown,false,,2026-06-27,https://www.zipline.com/open-roles?gh_jid=7787509003,,masters;phd,,fall,2026
zurich-insurance-data-analytics-ai-internship-co-op-data-analytics-ai-2026,Zurich Insurance,Data Analytics & AI Internship/Co-op - Data Analytics & AI,ai,,closed,onsite,Toronto,ON,—,unknown,false,,2026-07-28,https://www.careers.zurich.com/job/Toronto-Fall-2026-InternshipCo-op-Data-Analytics-&-AI-ON/1367953057/?ats=successfactors,,,,fall,2026
zuru-data-analyst-intern-2026,Zuru,Data Analyst Intern,software-engineering,,open,onsite,LA,USA,—,unknown,false,,2026-07-21,https://jobs.ashbyhq.com/zuru/750dea66-6f5a-4622-80d6-b6289954d3d0/application?embed=true,,,,fall,2026
